ISO-10303-21;
HEADER;
FILE_DESCRIPTION(('KiCad electronic assembly'),'2;1');
FILE_NAME('Vibra1.step','2026-08-08T18:24:06',('Pcbnew'),('Kicad'),
  'Open CASCADE STEP processor 7.9','KiCad to STEP converter','Unknown'
  );
FILE_SCHEMA(('AUTOMOTIVE_DESIGN { 1 0 10303 214 1 1 1 1 }'));
ENDSEC;
DATA;
#1 = APPLICATION_PROTOCOL_DEFINITION('international standard',
  'automotive_design',2000,#2);
#2 = APPLICATION_CONTEXT(
  'core data for automotive mechanical design processes');
#3 = SHAPE_DEFINITION_REPRESENTATION(#4,#10);
#4 = PRODUCT_DEFINITION_SHAPE('','',#5);
#5 = PRODUCT_DEFINITION('design','',#6,#9);
#6 = PRODUCT_DEFINITION_FORMATION('','',#7);
#7 = PRODUCT('Vibra1 1','Vibra1 1','',(#8));
#8 = PRODUCT_CONTEXT('',#2,'mechanical');
#9 = PRODUCT_DEFINITION_CONTEXT('part definition',#2,'design');
#10 = SHAPE_REPRESENTATION('',(#11,#15,#19,#23,#27,#31,#35,#39,#43,#47,
    #51,#55,#59,#63,#67,#71,#75,#79),#83);
#11 = AXIS2_PLACEMENT_3D('',#12,#13,#14);
#12 = CARTESIAN_POINT('',(0.,0.,0.));
#13 = DIRECTION('',(0.,0.,1.));
#14 = DIRECTION('',(1.,0.,-0.));
#15 = AXIS2_PLACEMENT_3D('',#16,#17,#18);
#16 = CARTESIAN_POINT('',(139.,-97.3625,1.595));
#17 = DIRECTION('',(0.,-0.,1.));
#18 = DIRECTION('',(1.110223024625E-16,1.,0.));
#19 = AXIS2_PLACEMENT_3D('',#20,#21,#22);
#20 = CARTESIAN_POINT('',(149.55,-106.5,1.595));
#21 = DIRECTION('',(0.,0.,1.));
#22 = DIRECTION('',(1.,0.,0.));
#23 = AXIS2_PLACEMENT_3D('',#24,#25,#26);
#24 = CARTESIAN_POINT('',(137.5875,-103.5,1.595));
#25 = DIRECTION('',(0.,0.,1.));
#26 = DIRECTION('',(-1.,1.224646799147E-16,0.));
#27 = AXIS2_PLACEMENT_3D('',#28,#29,#30);
#28 = CARTESIAN_POINT('',(135.0875,-86.,1.595));
#29 = DIRECTION('',(0.,0.,1.));
#30 = DIRECTION('',(-1.,1.224646799147E-16,0.));
#31 = AXIS2_PLACEMENT_3D('',#32,#33,#34);
#32 = CARTESIAN_POINT('',(135.0875,-82.,1.595));
#33 = DIRECTION('',(0.,0.,1.));
#34 = DIRECTION('',(-1.,1.224646799147E-16,0.));
#35 = AXIS2_PLACEMENT_3D('',#36,#37,#38);
#36 = CARTESIAN_POINT('',(131.86,-107.2,1.595));
#37 = DIRECTION('',(0.,0.,1.));
#38 = DIRECTION('',(1.,0.,0.));
#39 = AXIS2_PLACEMENT_3D('',#40,#41,#42);
#40 = CARTESIAN_POINT('',(143.,-98.5,1.595));
#41 = DIRECTION('',(0.,-0.,1.));
#42 = DIRECTION('',(1.110223024625E-16,1.,0.));
#43 = AXIS2_PLACEMENT_3D('',#44,#45,#46);
#44 = CARTESIAN_POINT('',(137.5875,-101.5,1.595));
#45 = DIRECTION('',(0.,0.,1.));
#46 = DIRECTION('',(-1.,1.224646799147E-16,0.));
#47 = AXIS2_PLACEMENT_3D('',#48,#49,#50);
#48 = CARTESIAN_POINT('',(149.55,-103.,1.595));
#49 = DIRECTION('',(0.,0.,1.));
#50 = DIRECTION('',(1.,0.,0.));
#51 = AXIS2_PLACEMENT_3D('',#52,#53,#54);
#52 = CARTESIAN_POINT('',(141.96,-104.5,1.595));
#53 = DIRECTION('',(0.,0.,1.));
#54 = DIRECTION('',(1.,0.,0.));
#55 = AXIS2_PLACEMENT_3D('',#56,#57,#58);
#56 = CARTESIAN_POINT('',(143.,-90.,1.595));
#57 = DIRECTION('',(0.,-0.,1.));
#58 = DIRECTION('',(1.110223024625E-16,1.,0.));
#59 = AXIS2_PLACEMENT_3D('',#60,#61,#62);
#60 = CARTESIAN_POINT('',(135.0875,-78.5,1.595));
#61 = DIRECTION('',(0.,0.,1.));
#62 = DIRECTION('',(-1.,1.224646799147E-16,0.));
#63 = AXIS2_PLACEMENT_3D('',#64,#65,#66);
#64 = CARTESIAN_POINT('',(130.45,-102.5,1.595));
#65 = DIRECTION('',(0.,0.,1.));
#66 = DIRECTION('',(-1.,1.224646799147E-16,0.));
#67 = AXIS2_PLACEMENT_3D('',#68,#69,#70);
#68 = CARTESIAN_POINT('',(149.175,-112.65,1.595));
#69 = DIRECTION('',(0.,-0.,1.));
#70 = DIRECTION('',(1.110223024625E-16,1.,0.));
#71 = AXIS2_PLACEMENT_3D('',#72,#73,#74);
#72 = CARTESIAN_POINT('',(135.0875,-75.5,1.595));
#73 = DIRECTION('',(0.,0.,1.));
#74 = DIRECTION('',(-1.,1.224646799147E-16,0.));
#75 = AXIS2_PLACEMENT_3D('',#76,#77,#78);
#76 = CARTESIAN_POINT('',(143.0875,-112.,1.595));
#77 = DIRECTION('',(0.,0.,1.));
#78 = DIRECTION('',(-1.,1.224646799147E-16,0.));
#79 = AXIS2_PLACEMENT_3D('',#80,#81,#82);
#80 = CARTESIAN_POINT('',(0.,0.,0.));
#81 = DIRECTION('',(0.,0.,1.));
#82 = DIRECTION('',(1.,0.,-0.));
#83 = ( GEOMETRIC_REPRESENTATION_CONTEXT(3) 
GLOBAL_UNCERTAINTY_ASSIGNED_CONTEXT((#87)) GLOBAL_UNIT_ASSIGNED_CONTEXT(
(#84,#85,#86)) REPRESENTATION_CONTEXT('Context #1',
  '3D Context with UNIT and UNCERTAINTY') );
#84 = ( LENGTH_UNIT() NAMED_UNIT(*) SI_UNIT(.MILLI.,.METRE.) );
#85 = ( NAMED_UNIT(*) PLANE_ANGLE_UNIT() SI_UNIT($,.RADIAN.) );
#86 = ( NAMED_UNIT(*) SI_UNIT($,.STERADIAN.) SOLID_ANGLE_UNIT() );
#87 = UNCERTAINTY_MEASURE_WITH_UNIT(LENGTH_MEASURE(1.E-07),#84,
  'distance_accuracy_value','confusion accuracy');
#88 = PRODUCT_RELATED_PRODUCT_CATEGORY('part',$,(#7));
#89 = SHAPE_DEFINITION_REPRESENTATION(#90,#96);
#90 = PRODUCT_DEFINITION_SHAPE('','',#91);
#91 = PRODUCT_DEFINITION('design','',#92,#95);
#92 = PRODUCT_DEFINITION_FORMATION('','',#93);
#93 = PRODUCT('SOT-23-5','SOT-23-5','',(#94));
#94 = PRODUCT_CONTEXT('',#2,'mechanical');
#95 = PRODUCT_DEFINITION_CONTEXT('part definition',#2,'design');
#96 = SHAPE_REPRESENTATION('',(#11,#97),#101);
#97 = AXIS2_PLACEMENT_3D('',#98,#99,#100);
#98 = CARTESIAN_POINT('',(0.,0.,0.));
#99 = DIRECTION('',(0.,0.,1.));
#100 = DIRECTION('',(1.,0.,-0.));
#101 = ( GEOMETRIC_REPRESENTATION_CONTEXT(3) 
GLOBAL_UNCERTAINTY_ASSIGNED_CONTEXT((#105)) GLOBAL_UNIT_ASSIGNED_CONTEXT
((#102,#103,#104)) REPRESENTATION_CONTEXT('Context #1',
  '3D Context with UNIT and UNCERTAINTY') );
#102 = ( LENGTH_UNIT() NAMED_UNIT(*) SI_UNIT(.MILLI.,.METRE.) );
#103 = ( NAMED_UNIT(*) PLANE_ANGLE_UNIT() SI_UNIT($,.RADIAN.) );
#104 = ( NAMED_UNIT(*) SI_UNIT($,.STERADIAN.) SOLID_ANGLE_UNIT() );
#105 = UNCERTAINTY_MEASURE_WITH_UNIT(LENGTH_MEASURE(1.E-07),#102,
  'distance_accuracy_value','confusion accuracy');
#106 = CONTEXT_DEPENDENT_SHAPE_REPRESENTATION(#107,#109);
#107 = ( REPRESENTATION_RELATIONSHIP('','',#96,#10) 
REPRESENTATION_RELATIONSHIP_WITH_TRANSFORMATION(#108) 
SHAPE_REPRESENTATION_RELATIONSHIP() );
#108 = ITEM_DEFINED_TRANSFORMATION('','',#11,#15);
#109 = PRODUCT_DEFINITION_SHAPE('Placement','Placement of an item',#110
  );
#110 = NEXT_ASSEMBLY_USAGE_OCCURRENCE('2','U5','',#5,#91,$);
#111 = PRODUCT_RELATED_PRODUCT_CATEGORY('part',$,(#93));
#112 = SHAPE_DEFINITION_REPRESENTATION(#113,#119);
#113 = PRODUCT_DEFINITION_SHAPE('','',#114);
#114 = PRODUCT_DEFINITION('design','',#115,#118);
#115 = PRODUCT_DEFINITION_FORMATION('','',#116);
#116 = PRODUCT('SOT-23-5','SOT-23-5','',(#117));
#117 = PRODUCT_CONTEXT('',#2,'mechanical');
#118 = PRODUCT_DEFINITION_CONTEXT('part definition',#2,'design');
#119 = ADVANCED_BREP_SHAPE_REPRESENTATION('',(#11,#120),#3189);
#120 = MANIFOLD_SOLID_BREP('',#121);
#121 = CLOSED_SHELL('',(#122,#160,#223,#246,#275,#298,#369,#424,#447,
    #470,#487,#510,#598,#614,#644,#675,#706,#737,#768,#799,#816,#833,
    #864,#895,#926,#956,#979,#1002,#1019,#1064,#1134,#1157,#1180,#1203,
    #1258,#1296,#1345,#1437,#1462,#1546,#1568,#1660,#1685,#1769,#1786,
    #1871,#1896,#1973,#2058,#2083,#2160,#2177,#2269,#2294,#2378,#2395,
    #2414,#2433,#2479,#2495,#2514,#2530,#2547,#2559,#2576,#2593,#2610,
    #2627,#2644,#2661,#2678,#2690,#2707,#2724,#2741,#2758,#2775,#2792,
    #2809,#2821,#2838,#2855,#2872,#2889,#2906,#2923,#2935,#2952,#2969,
    #2986,#3003,#3020,#3037,#3049,#3066,#3083,#3100,#3117,#3134,#3151,
    #3168,#3180));
#122 = ADVANCED_FACE('',(#123),#155,.F.);
#123 = FACE_BOUND('',#124,.F.);
#124 = EDGE_LOOP('',(#125,#135,#142,#150));
#125 = ORIENTED_EDGE('',*,*,#126,.T.);
#126 = EDGE_CURVE('',#127,#129,#131,.T.);
#127 = VERTEX_POINT('',#128);
#128 = CARTESIAN_POINT('',(-0.659324228722,1.358648457443,0.1));
#129 = VERTEX_POINT('',#130);
#130 = CARTESIAN_POINT('',(0.659324228722,1.358648457443,0.1));
#131 = LINE('',#132,#133);
#132 = CARTESIAN_POINT('',(-0.659324228722,1.358648457443,0.1));
#133 = VECTOR('',#134,1.);
#134 = DIRECTION('',(1.,1.110223024625E-16,0.));
#135 = ORIENTED_EDGE('',*,*,#136,.T.);
#136 = EDGE_CURVE('',#129,#137,#139,.T.);
#137 = VERTEX_POINT('',#138);
#138 = CARTESIAN_POINT('',(0.705,1.45,0.75));
#139 = B_SPLINE_CURVE_WITH_KNOTS('',1,(#140,#141),.UNSPECIFIED.,.F.,.F.,
  (2,2),(0.,1.),.PIECEWISE_BEZIER_KNOTS.);
#140 = CARTESIAN_POINT('',(0.659324228722,1.358648457443,0.1));
#141 = CARTESIAN_POINT('',(0.705,1.45,0.75));
#142 = ORIENTED_EDGE('',*,*,#143,.F.);
#143 = EDGE_CURVE('',#144,#137,#146,.T.);
#144 = VERTEX_POINT('',#145);
#145 = CARTESIAN_POINT('',(-0.705,1.45,0.75));
#146 = LINE('',#147,#148);
#147 = CARTESIAN_POINT('',(-0.705,1.45,0.75));
#148 = VECTOR('',#149,1.);
#149 = DIRECTION('',(1.,1.110223024625E-16,0.));
#150 = ORIENTED_EDGE('',*,*,#151,.F.);
#151 = EDGE_CURVE('',#127,#144,#152,.T.);
#152 = B_SPLINE_CURVE_WITH_KNOTS('',1,(#153,#154),.UNSPECIFIED.,.F.,.F.,
  (2,2),(0.,1.),.PIECEWISE_BEZIER_KNOTS.);
#153 = CARTESIAN_POINT('',(-0.659324228722,1.358648457443,0.1));
#154 = CARTESIAN_POINT('',(-0.705,1.45,0.75));
#155 = B_SPLINE_SURFACE_WITH_KNOTS('',1,1,(
    (#156,#157)
    ,(#158,#159
    )),.UNSPECIFIED.,.F.,.F.,.F.,(2,2),(2,2),(0.,1.41),(0.,1.),
  .PIECEWISE_BEZIER_KNOTS.);
#156 = CARTESIAN_POINT('',(-0.659324228722,1.358648457443,0.1));
#157 = CARTESIAN_POINT('',(-0.705,1.45,0.75));
#158 = CARTESIAN_POINT('',(0.659324228722,1.358648457443,0.1));
#159 = CARTESIAN_POINT('',(0.705,1.45,0.75));
#160 = ADVANCED_FACE('',(#161),#218,.F.);
#161 = FACE_BOUND('',#162,.T.);
#162 = EDGE_LOOP('',(#163,#164,#172,#180,#188,#196,#204,#212));
#163 = ORIENTED_EDGE('',*,*,#126,.T.);
#164 = ORIENTED_EDGE('',*,*,#165,.T.);
#165 = EDGE_CURVE('',#129,#166,#168,.T.);
#166 = VERTEX_POINT('',#167);
#167 = CARTESIAN_POINT('',(0.708648457443,1.309324228722,0.1));
#168 = LINE('',#169,#170);
#169 = CARTESIAN_POINT('',(0.659324228722,1.358648457443,0.1));
#170 = VECTOR('',#171,1.);
#171 = DIRECTION('',(0.707106781187,-0.707106781187,0.));
#172 = ORIENTED_EDGE('',*,*,#173,.T.);
#173 = EDGE_CURVE('',#166,#174,#176,.T.);
#174 = VERTEX_POINT('',#175);
#175 = CARTESIAN_POINT('',(0.708648457443,-1.309324228722,0.1));
#176 = LINE('',#177,#178);
#177 = CARTESIAN_POINT('',(0.708648457443,1.309324228722,0.1));
#178 = VECTOR('',#179,1.);
#179 = DIRECTION('',(1.110223024625E-16,-1.,0.));
#180 = ORIENTED_EDGE('',*,*,#181,.T.);
#181 = EDGE_CURVE('',#174,#182,#184,.T.);
#182 = VERTEX_POINT('',#183);
#183 = CARTESIAN_POINT('',(0.659324228722,-1.358648457443,0.1));
#184 = LINE('',#185,#186);
#185 = CARTESIAN_POINT('',(0.708648457443,-1.309324228722,0.1));
#186 = VECTOR('',#187,1.);
#187 = DIRECTION('',(-0.707106781187,-0.707106781187,0.));
#188 = ORIENTED_EDGE('',*,*,#189,.T.);
#189 = EDGE_CURVE('',#182,#190,#192,.T.);
#190 = VERTEX_POINT('',#191);
#191 = CARTESIAN_POINT('',(-0.659324228722,-1.358648457443,0.1));
#192 = LINE('',#193,#194);
#193 = CARTESIAN_POINT('',(0.659324228722,-1.358648457443,0.1));
#194 = VECTOR('',#195,1.);
#195 = DIRECTION('',(-1.,-1.110223024625E-16,0.));
#196 = ORIENTED_EDGE('',*,*,#197,.T.);
#197 = EDGE_CURVE('',#190,#198,#200,.T.);
#198 = VERTEX_POINT('',#199);
#199 = CARTESIAN_POINT('',(-0.708648457443,-1.309324228722,0.1));
#200 = LINE('',#201,#202);
#201 = CARTESIAN_POINT('',(-0.659324228722,-1.358648457443,0.1));
#202 = VECTOR('',#203,1.);
#203 = DIRECTION('',(-0.707106781187,0.707106781187,0.));
#204 = ORIENTED_EDGE('',*,*,#205,.T.);
#205 = EDGE_CURVE('',#198,#206,#208,.T.);
#206 = VERTEX_POINT('',#207);
#207 = CARTESIAN_POINT('',(-0.708648457443,1.309324228722,0.1));
#208 = LINE('',#209,#210);
#209 = CARTESIAN_POINT('',(-0.708648457443,-1.309324228722,0.1));
#210 = VECTOR('',#211,1.);
#211 = DIRECTION('',(-1.110223024625E-16,1.,0.));
#212 = ORIENTED_EDGE('',*,*,#213,.T.);
#213 = EDGE_CURVE('',#206,#127,#214,.T.);
#214 = LINE('',#215,#216);
#215 = CARTESIAN_POINT('',(-0.708648457443,1.309324228722,0.1));
#216 = VECTOR('',#217,1.);
#217 = DIRECTION('',(0.707106781187,0.707106781187,0.));
#218 = PLANE('',#219);
#219 = AXIS2_PLACEMENT_3D('',#220,#221,#222);
#220 = CARTESIAN_POINT('',(-0.659324228722,1.358648457443,0.1));
#221 = DIRECTION('',(0.,0.,1.));
#222 = DIRECTION('',(0.436587433964,-0.899661832304,0.));
#223 = ADVANCED_FACE('',(#224),#241,.F.);
#224 = FACE_BOUND('',#225,.F.);
#225 = EDGE_LOOP('',(#226,#227,#234,#240));
#226 = ORIENTED_EDGE('',*,*,#165,.T.);
#227 = ORIENTED_EDGE('',*,*,#228,.T.);
#228 = EDGE_CURVE('',#166,#229,#231,.T.);
#229 = VERTEX_POINT('',#230);
#230 = CARTESIAN_POINT('',(0.8,1.355,0.75));
#231 = B_SPLINE_CURVE_WITH_KNOTS('',1,(#232,#233),.UNSPECIFIED.,.F.,.F.,
  (2,2),(0.,1.),.PIECEWISE_BEZIER_KNOTS.);
#232 = CARTESIAN_POINT('',(0.708648457443,1.309324228722,0.1));
#233 = CARTESIAN_POINT('',(0.8,1.355,0.75));
#234 = ORIENTED_EDGE('',*,*,#235,.F.);
#235 = EDGE_CURVE('',#137,#229,#236,.T.);
#236 = LINE('',#237,#238);
#237 = CARTESIAN_POINT('',(0.705,1.45,0.75));
#238 = VECTOR('',#239,1.);
#239 = DIRECTION('',(0.707106781187,-0.707106781187,0.));
#240 = ORIENTED_EDGE('',*,*,#136,.F.);
#241 = B_SPLINE_SURFACE_WITH_KNOTS('',1,1,(
    (#242,#243)
    ,(#244,#245
    )),.UNSPECIFIED.,.F.,.F.,.F.,(2,2),(2,2),(0.,0.134350288425),(0.,1.)
  ,.PIECEWISE_BEZIER_KNOTS.);
#242 = CARTESIAN_POINT('',(0.659324228722,1.358648457443,0.1));
#243 = CARTESIAN_POINT('',(0.705,1.45,0.75));
#244 = CARTESIAN_POINT('',(0.708648457443,1.309324228722,0.1));
#245 = CARTESIAN_POINT('',(0.8,1.355,0.75));
#246 = ADVANCED_FACE('',(#247),#270,.F.);
#247 = FACE_BOUND('',#248,.F.);
#248 = EDGE_LOOP('',(#249,#250,#257,#265));
#249 = ORIENTED_EDGE('',*,*,#143,.T.);
#250 = ORIENTED_EDGE('',*,*,#251,.T.);
#251 = EDGE_CURVE('',#137,#252,#254,.T.);
#252 = VERTEX_POINT('',#253);
#253 = CARTESIAN_POINT('',(0.705,1.45,0.9));
#254 = B_SPLINE_CURVE_WITH_KNOTS('',1,(#255,#256),.UNSPECIFIED.,.F.,.F.,
  (2,2),(0.,1.),.PIECEWISE_BEZIER_KNOTS.);
#255 = CARTESIAN_POINT('',(0.705,1.45,0.75));
#256 = CARTESIAN_POINT('',(0.705,1.45,0.9));
#257 = ORIENTED_EDGE('',*,*,#258,.F.);
#258 = EDGE_CURVE('',#259,#252,#261,.T.);
#259 = VERTEX_POINT('',#260);
#260 = CARTESIAN_POINT('',(-0.705,1.45,0.9));
#261 = LINE('',#262,#263);
#262 = CARTESIAN_POINT('',(-0.705,1.45,0.9));
#263 = VECTOR('',#264,1.);
#264 = DIRECTION('',(1.,1.110223024625E-16,0.));
#265 = ORIENTED_EDGE('',*,*,#266,.F.);
#266 = EDGE_CURVE('',#144,#259,#267,.T.);
#267 = B_SPLINE_CURVE_WITH_KNOTS('',1,(#268,#269),.UNSPECIFIED.,.F.,.F.,
  (2,2),(0.,1.),.PIECEWISE_BEZIER_KNOTS.);
#268 = CARTESIAN_POINT('',(-0.705,1.45,0.75));
#269 = CARTESIAN_POINT('',(-0.705,1.45,0.9));
#270 = PLANE('',#271);
#271 = AXIS2_PLACEMENT_3D('',#272,#273,#274);
#272 = CARTESIAN_POINT('',(-0.705,1.45,0.9));
#273 = DIRECTION('',(1.110223024625E-16,-1.,0.));
#274 = DIRECTION('',(1.,1.110223024625E-16,0.));
#275 = ADVANCED_FACE('',(#276),#293,.F.);
#276 = FACE_BOUND('',#277,.F.);
#277 = EDGE_LOOP('',(#278,#279,#280,#288));
#278 = ORIENTED_EDGE('',*,*,#213,.T.);
#279 = ORIENTED_EDGE('',*,*,#151,.T.);
#280 = ORIENTED_EDGE('',*,*,#281,.F.);
#281 = EDGE_CURVE('',#282,#144,#284,.T.);
#282 = VERTEX_POINT('',#283);
#283 = CARTESIAN_POINT('',(-0.8,1.355,0.75));
#284 = LINE('',#285,#286);
#285 = CARTESIAN_POINT('',(-0.8,1.355,0.75));
#286 = VECTOR('',#287,1.);
#287 = DIRECTION('',(0.707106781187,0.707106781187,0.));
#288 = ORIENTED_EDGE('',*,*,#289,.F.);
#289 = EDGE_CURVE('',#206,#282,#290,.T.);
#290 = B_SPLINE_CURVE_WITH_KNOTS('',1,(#291,#292),.UNSPECIFIED.,.F.,.F.,
  (2,2),(0.,1.),.PIECEWISE_BEZIER_KNOTS.);
#291 = CARTESIAN_POINT('',(-0.708648457443,1.309324228722,0.1));
#292 = CARTESIAN_POINT('',(-0.8,1.355,0.75));
#293 = B_SPLINE_SURFACE_WITH_KNOTS('',1,1,(
    (#294,#295)
    ,(#296,#297
    )),.UNSPECIFIED.,.F.,.F.,.F.,(2,2),(2,2),(0.,0.134350288425),(0.,1.)
  ,.PIECEWISE_BEZIER_KNOTS.);
#294 = CARTESIAN_POINT('',(-0.708648457443,1.309324228722,0.1));
#295 = CARTESIAN_POINT('',(-0.8,1.355,0.75));
#296 = CARTESIAN_POINT('',(-0.659324228722,1.358648457443,0.1));
#297 = CARTESIAN_POINT('',(-0.705,1.45,0.75));
#298 = ADVANCED_FACE('',(#299),#364,.F.);
#299 = FACE_BOUND('',#300,.F.);
#300 = EDGE_LOOP('',(#301,#302,#303,#311,#319,#327,#335,#343,#351,#359)
  );
#301 = ORIENTED_EDGE('',*,*,#205,.T.);
#302 = ORIENTED_EDGE('',*,*,#289,.T.);
#303 = ORIENTED_EDGE('',*,*,#304,.F.);
#304 = EDGE_CURVE('',#305,#282,#307,.T.);
#305 = VERTEX_POINT('',#306);
#306 = CARTESIAN_POINT('',(-0.8,1.2,0.75));
#307 = LINE('',#308,#309);
#308 = CARTESIAN_POINT('',(-0.8,-1.355,0.75));
#309 = VECTOR('',#310,1.);
#310 = DIRECTION('',(-1.110223024625E-16,1.,0.));
#311 = ORIENTED_EDGE('',*,*,#312,.F.);
#312 = EDGE_CURVE('',#313,#305,#315,.T.);
#313 = VERTEX_POINT('',#314);
#314 = CARTESIAN_POINT('',(-0.8,0.7,0.75));
#315 = LINE('',#316,#317);
#316 = CARTESIAN_POINT('',(-0.8,-1.355,0.75));
#317 = VECTOR('',#318,1.);
#318 = DIRECTION('',(-1.110223024625E-16,1.,0.));
#319 = ORIENTED_EDGE('',*,*,#320,.F.);
#320 = EDGE_CURVE('',#321,#313,#323,.T.);
#321 = VERTEX_POINT('',#322);
#322 = CARTESIAN_POINT('',(-0.8,0.25,0.75));
#323 = LINE('',#324,#325);
#324 = CARTESIAN_POINT('',(-0.8,-1.355,0.75));
#325 = VECTOR('',#326,1.);
#326 = DIRECTION('',(-1.110223024625E-16,1.,0.));
#327 = ORIENTED_EDGE('',*,*,#328,.F.);
#328 = EDGE_CURVE('',#329,#321,#331,.T.);
#329 = VERTEX_POINT('',#330);
#330 = CARTESIAN_POINT('',(-0.8,-0.25,0.75));
#331 = LINE('',#332,#333);
#332 = CARTESIAN_POINT('',(-0.8,-1.355,0.75));
#333 = VECTOR('',#334,1.);
#334 = DIRECTION('',(-1.110223024625E-16,1.,0.));
#335 = ORIENTED_EDGE('',*,*,#336,.F.);
#336 = EDGE_CURVE('',#337,#329,#339,.T.);
#337 = VERTEX_POINT('',#338);
#338 = CARTESIAN_POINT('',(-0.8,-0.7,0.75));
#339 = LINE('',#340,#341);
#340 = CARTESIAN_POINT('',(-0.8,-1.355,0.75));
#341 = VECTOR('',#342,1.);
#342 = DIRECTION('',(-1.110223024625E-16,1.,0.));
#343 = ORIENTED_EDGE('',*,*,#344,.F.);
#344 = EDGE_CURVE('',#345,#337,#347,.T.);
#345 = VERTEX_POINT('',#346);
#346 = CARTESIAN_POINT('',(-0.8,-1.2,0.75));
#347 = LINE('',#348,#349);
#348 = CARTESIAN_POINT('',(-0.8,-1.355,0.75));
#349 = VECTOR('',#350,1.);
#350 = DIRECTION('',(-1.110223024625E-16,1.,0.));
#351 = ORIENTED_EDGE('',*,*,#352,.F.);
#352 = EDGE_CURVE('',#353,#345,#355,.T.);
#353 = VERTEX_POINT('',#354);
#354 = CARTESIAN_POINT('',(-0.8,-1.355,0.75));
#355 = LINE('',#356,#357);
#356 = CARTESIAN_POINT('',(-0.8,-1.355,0.75));
#357 = VECTOR('',#358,1.);
#358 = DIRECTION('',(-1.110223024625E-16,1.,0.));
#359 = ORIENTED_EDGE('',*,*,#360,.F.);
#360 = EDGE_CURVE('',#198,#353,#361,.T.);
#361 = B_SPLINE_CURVE_WITH_KNOTS('',1,(#362,#363),.UNSPECIFIED.,.F.,.F.,
  (2,2),(0.,1.),.PIECEWISE_BEZIER_KNOTS.);
#362 = CARTESIAN_POINT('',(-0.708648457443,-1.309324228722,0.1));
#363 = CARTESIAN_POINT('',(-0.8,-1.355,0.75));
#364 = B_SPLINE_SURFACE_WITH_KNOTS('',1,1,(
    (#365,#366)
    ,(#367,#368
    )),.UNSPECIFIED.,.F.,.F.,.F.,(2,2),(2,2),(0.,2.71),(0.,1.),
  .PIECEWISE_BEZIER_KNOTS.);
#365 = CARTESIAN_POINT('',(-0.708648457443,-1.309324228722,0.1));
#366 = CARTESIAN_POINT('',(-0.8,-1.355,0.75));
#367 = CARTESIAN_POINT('',(-0.708648457443,1.309324228722,0.1));
#368 = CARTESIAN_POINT('',(-0.8,1.355,0.75));
#369 = ADVANCED_FACE('',(#370),#419,.F.);
#370 = FACE_BOUND('',#371,.F.);
#371 = EDGE_LOOP('',(#372,#373,#380,#388,#396,#404,#412,#418));
#372 = ORIENTED_EDGE('',*,*,#173,.T.);
#373 = ORIENTED_EDGE('',*,*,#374,.T.);
#374 = EDGE_CURVE('',#174,#375,#377,.T.);
#375 = VERTEX_POINT('',#376);
#376 = CARTESIAN_POINT('',(0.8,-1.355,0.75));
#377 = B_SPLINE_CURVE_WITH_KNOTS('',1,(#378,#379),.UNSPECIFIED.,.F.,.F.,
  (2,2),(0.,1.),.PIECEWISE_BEZIER_KNOTS.);
#378 = CARTESIAN_POINT('',(0.708648457443,-1.309324228722,0.1));
#379 = CARTESIAN_POINT('',(0.8,-1.355,0.75));
#380 = ORIENTED_EDGE('',*,*,#381,.F.);
#381 = EDGE_CURVE('',#382,#375,#384,.T.);
#382 = VERTEX_POINT('',#383);
#383 = CARTESIAN_POINT('',(0.8,-1.2,0.75));
#384 = LINE('',#385,#386);
#385 = CARTESIAN_POINT('',(0.8,1.355,0.75));
#386 = VECTOR('',#387,1.);
#387 = DIRECTION('',(1.110223024625E-16,-1.,0.));
#388 = ORIENTED_EDGE('',*,*,#389,.F.);
#389 = EDGE_CURVE('',#390,#382,#392,.T.);
#390 = VERTEX_POINT('',#391);
#391 = CARTESIAN_POINT('',(0.8,-0.7,0.75));
#392 = LINE('',#393,#394);
#393 = CARTESIAN_POINT('',(0.8,1.355,0.75));
#394 = VECTOR('',#395,1.);
#395 = DIRECTION('',(1.110223024625E-16,-1.,0.));
#396 = ORIENTED_EDGE('',*,*,#397,.F.);
#397 = EDGE_CURVE('',#398,#390,#400,.T.);
#398 = VERTEX_POINT('',#399);
#399 = CARTESIAN_POINT('',(0.8,0.7,0.75));
#400 = LINE('',#401,#402);
#401 = CARTESIAN_POINT('',(0.8,1.355,0.75));
#402 = VECTOR('',#403,1.);
#403 = DIRECTION('',(1.110223024625E-16,-1.,0.));
#404 = ORIENTED_EDGE('',*,*,#405,.F.);
#405 = EDGE_CURVE('',#406,#398,#408,.T.);
#406 = VERTEX_POINT('',#407);
#407 = CARTESIAN_POINT('',(0.8,1.2,0.75));
#408 = LINE('',#409,#410);
#409 = CARTESIAN_POINT('',(0.8,1.355,0.75));
#410 = VECTOR('',#411,1.);
#411 = DIRECTION('',(1.110223024625E-16,-1.,0.));
#412 = ORIENTED_EDGE('',*,*,#413,.F.);
#413 = EDGE_CURVE('',#229,#406,#414,.T.);
#414 = LINE('',#415,#416);
#415 = CARTESIAN_POINT('',(0.8,1.355,0.75));
#416 = VECTOR('',#417,1.);
#417 = DIRECTION('',(1.110223024625E-16,-1.,0.));
#418 = ORIENTED_EDGE('',*,*,#228,.F.);
#419 = B_SPLINE_SURFACE_WITH_KNOTS('',1,1,(
    (#420,#421)
    ,(#422,#423
    )),.UNSPECIFIED.,.F.,.F.,.F.,(2,2),(2,2),(0.,2.71),(0.,1.),
  .PIECEWISE_BEZIER_KNOTS.);
#420 = CARTESIAN_POINT('',(0.708648457443,1.309324228722,0.1));
#421 = CARTESIAN_POINT('',(0.8,1.355,0.75));
#422 = CARTESIAN_POINT('',(0.708648457443,-1.309324228722,0.1));
#423 = CARTESIAN_POINT('',(0.8,-1.355,0.75));
#424 = ADVANCED_FACE('',(#425),#442,.F.);
#425 = FACE_BOUND('',#426,.F.);
#426 = EDGE_LOOP('',(#427,#428,#429,#437));
#427 = ORIENTED_EDGE('',*,*,#197,.T.);
#428 = ORIENTED_EDGE('',*,*,#360,.T.);
#429 = ORIENTED_EDGE('',*,*,#430,.F.);
#430 = EDGE_CURVE('',#431,#353,#433,.T.);
#431 = VERTEX_POINT('',#432);
#432 = CARTESIAN_POINT('',(-0.705,-1.45,0.75));
#433 = LINE('',#434,#435);
#434 = CARTESIAN_POINT('',(-0.705,-1.45,0.75));
#435 = VECTOR('',#436,1.);
#436 = DIRECTION('',(-0.707106781187,0.707106781187,0.));
#437 = ORIENTED_EDGE('',*,*,#438,.F.);
#438 = EDGE_CURVE('',#190,#431,#439,.T.);
#439 = B_SPLINE_CURVE_WITH_KNOTS('',1,(#440,#441),.UNSPECIFIED.,.F.,.F.,
  (2,2),(0.,1.),.PIECEWISE_BEZIER_KNOTS.);
#440 = CARTESIAN_POINT('',(-0.659324228722,-1.358648457443,0.1));
#441 = CARTESIAN_POINT('',(-0.705,-1.45,0.75));
#442 = B_SPLINE_SURFACE_WITH_KNOTS('',1,1,(
    (#443,#444)
    ,(#445,#446
    )),.UNSPECIFIED.,.F.,.F.,.F.,(2,2),(2,2),(0.,0.134350288425),(0.,1.)
  ,.PIECEWISE_BEZIER_KNOTS.);
#443 = CARTESIAN_POINT('',(-0.659324228722,-1.358648457443,0.1));
#444 = CARTESIAN_POINT('',(-0.705,-1.45,0.75));
#445 = CARTESIAN_POINT('',(-0.708648457443,-1.309324228722,0.1));
#446 = CARTESIAN_POINT('',(-0.8,-1.355,0.75));
#447 = ADVANCED_FACE('',(#448),#465,.F.);
#448 = FACE_BOUND('',#449,.F.);
#449 = EDGE_LOOP('',(#450,#451,#458,#464));
#450 = ORIENTED_EDGE('',*,*,#181,.T.);
#451 = ORIENTED_EDGE('',*,*,#452,.T.);
#452 = EDGE_CURVE('',#182,#453,#455,.T.);
#453 = VERTEX_POINT('',#454);
#454 = CARTESIAN_POINT('',(0.705,-1.45,0.75));
#455 = B_SPLINE_CURVE_WITH_KNOTS('',1,(#456,#457),.UNSPECIFIED.,.F.,.F.,
  (2,2),(0.,1.),.PIECEWISE_BEZIER_KNOTS.);
#456 = CARTESIAN_POINT('',(0.659324228722,-1.358648457443,0.1));
#457 = CARTESIAN_POINT('',(0.705,-1.45,0.75));
#458 = ORIENTED_EDGE('',*,*,#459,.F.);
#459 = EDGE_CURVE('',#375,#453,#460,.T.);
#460 = LINE('',#461,#462);
#461 = CARTESIAN_POINT('',(0.8,-1.355,0.75));
#462 = VECTOR('',#463,1.);
#463 = DIRECTION('',(-0.707106781187,-0.707106781187,0.));
#464 = ORIENTED_EDGE('',*,*,#374,.F.);
#465 = B_SPLINE_SURFACE_WITH_KNOTS('',1,1,(
    (#466,#467)
    ,(#468,#469
    )),.UNSPECIFIED.,.F.,.F.,.F.,(2,2),(2,2),(0.,0.134350288425),(0.,1.)
  ,.PIECEWISE_BEZIER_KNOTS.);
#466 = CARTESIAN_POINT('',(0.708648457443,-1.309324228722,0.1));
#467 = CARTESIAN_POINT('',(0.8,-1.355,0.75));
#468 = CARTESIAN_POINT('',(0.659324228722,-1.358648457443,0.1));
#469 = CARTESIAN_POINT('',(0.705,-1.45,0.75));
#470 = ADVANCED_FACE('',(#471),#482,.F.);
#471 = FACE_BOUND('',#472,.F.);
#472 = EDGE_LOOP('',(#473,#474,#475,#481));
#473 = ORIENTED_EDGE('',*,*,#189,.T.);
#474 = ORIENTED_EDGE('',*,*,#438,.T.);
#475 = ORIENTED_EDGE('',*,*,#476,.F.);
#476 = EDGE_CURVE('',#453,#431,#477,.T.);
#477 = LINE('',#478,#479);
#478 = CARTESIAN_POINT('',(0.705,-1.45,0.75));
#479 = VECTOR('',#480,1.);
#480 = DIRECTION('',(-1.,-1.110223024625E-16,0.));
#481 = ORIENTED_EDGE('',*,*,#452,.F.);
#482 = B_SPLINE_SURFACE_WITH_KNOTS('',1,1,(
    (#483,#484)
    ,(#485,#486
    )),.UNSPECIFIED.,.F.,.F.,.F.,(2,2),(2,2),(0.,1.41),(0.,1.),
  .PIECEWISE_BEZIER_KNOTS.);
#483 = CARTESIAN_POINT('',(0.659324228722,-1.358648457443,0.1));
#484 = CARTESIAN_POINT('',(0.705,-1.45,0.75));
#485 = CARTESIAN_POINT('',(-0.659324228722,-1.358648457443,0.1));
#486 = CARTESIAN_POINT('',(-0.705,-1.45,0.75));
#487 = ADVANCED_FACE('',(#488),#505,.F.);
#488 = FACE_BOUND('',#489,.F.);
#489 = EDGE_LOOP('',(#490,#491,#498,#504));
#490 = ORIENTED_EDGE('',*,*,#235,.T.);
#491 = ORIENTED_EDGE('',*,*,#492,.T.);
#492 = EDGE_CURVE('',#229,#493,#495,.T.);
#493 = VERTEX_POINT('',#494);
#494 = CARTESIAN_POINT('',(0.8,1.355,0.9));
#495 = B_SPLINE_CURVE_WITH_KNOTS('',1,(#496,#497),.UNSPECIFIED.,.F.,.F.,
  (2,2),(0.,1.),.PIECEWISE_BEZIER_KNOTS.);
#496 = CARTESIAN_POINT('',(0.8,1.355,0.75));
#497 = CARTESIAN_POINT('',(0.8,1.355,0.9));
#498 = ORIENTED_EDGE('',*,*,#499,.F.);
#499 = EDGE_CURVE('',#252,#493,#500,.T.);
#500 = LINE('',#501,#502);
#501 = CARTESIAN_POINT('',(0.705,1.45,0.9));
#502 = VECTOR('',#503,1.);
#503 = DIRECTION('',(0.707106781187,-0.707106781187,0.));
#504 = ORIENTED_EDGE('',*,*,#251,.F.);
#505 = PLANE('',#506);
#506 = AXIS2_PLACEMENT_3D('',#507,#508,#509);
#507 = CARTESIAN_POINT('',(0.705,1.45,0.9));
#508 = DIRECTION('',(-0.707106781187,-0.707106781187,0.));
#509 = DIRECTION('',(0.707106781187,-0.707106781187,0.));
#510 = ADVANCED_FACE('',(#511),#593,.F.);
#511 = FACE_BOUND('',#512,.F.);
#512 = EDGE_LOOP('',(#513,#521,#522,#523,#531,#539,#547,#555,#563,#571,
    #579,#587));
#513 = ORIENTED_EDGE('',*,*,#514,.T.);
#514 = EDGE_CURVE('',#515,#259,#517,.T.);
#515 = VERTEX_POINT('',#516);
#516 = CARTESIAN_POINT('',(-0.8,1.355,0.9));
#517 = LINE('',#518,#519);
#518 = CARTESIAN_POINT('',(-0.8,1.355,0.9));
#519 = VECTOR('',#520,1.);
#520 = DIRECTION('',(0.707106781187,0.707106781187,0.));
#521 = ORIENTED_EDGE('',*,*,#258,.T.);
#522 = ORIENTED_EDGE('',*,*,#499,.T.);
#523 = ORIENTED_EDGE('',*,*,#524,.T.);
#524 = EDGE_CURVE('',#493,#525,#527,.T.);
#525 = VERTEX_POINT('',#526);
#526 = CARTESIAN_POINT('',(0.8,1.2,0.9));
#527 = LINE('',#528,#529);
#528 = CARTESIAN_POINT('',(0.8,1.355,0.9));
#529 = VECTOR('',#530,1.);
#530 = DIRECTION('',(1.110223024625E-16,-1.,0.));
#531 = ORIENTED_EDGE('',*,*,#532,.T.);
#532 = EDGE_CURVE('',#525,#533,#535,.T.);
#533 = VERTEX_POINT('',#534);
#534 = CARTESIAN_POINT('',(0.775,1.2,0.9));
#535 = LINE('',#536,#537);
#536 = CARTESIAN_POINT('',(0.85,1.2,0.9));
#537 = VECTOR('',#538,1.);
#538 = DIRECTION('',(-1.,-1.110223024625E-16,0.));
#539 = ORIENTED_EDGE('',*,*,#540,.F.);
#540 = EDGE_CURVE('',#541,#533,#543,.T.);
#541 = VERTEX_POINT('',#542);
#542 = CARTESIAN_POINT('',(0.775,1.3425,0.9));
#543 = LINE('',#544,#545);
#544 = CARTESIAN_POINT('',(0.775,1.3425,0.9));
#545 = VECTOR('',#546,1.);
#546 = DIRECTION('',(1.110223024625E-16,-1.,0.));
#547 = ORIENTED_EDGE('',*,*,#548,.F.);
#548 = EDGE_CURVE('',#549,#541,#551,.T.);
#549 = VERTEX_POINT('',#550);
#550 = CARTESIAN_POINT('',(0.6925,1.425,0.9));
#551 = LINE('',#552,#553);
#552 = CARTESIAN_POINT('',(0.6925,1.425,0.9));
#553 = VECTOR('',#554,1.);
#554 = DIRECTION('',(0.707106781187,-0.707106781187,0.));
#555 = ORIENTED_EDGE('',*,*,#556,.F.);
#556 = EDGE_CURVE('',#557,#549,#559,.T.);
#557 = VERTEX_POINT('',#558);
#558 = CARTESIAN_POINT('',(-0.6925,1.425,0.9));
#559 = LINE('',#560,#561);
#560 = CARTESIAN_POINT('',(-0.6925,1.425,0.9));
#561 = VECTOR('',#562,1.);
#562 = DIRECTION('',(1.,1.110223024625E-16,0.));
#563 = ORIENTED_EDGE('',*,*,#564,.F.);
#564 = EDGE_CURVE('',#565,#557,#567,.T.);
#565 = VERTEX_POINT('',#566);
#566 = CARTESIAN_POINT('',(-0.775,1.3425,0.9));
#567 = LINE('',#568,#569);
#568 = CARTESIAN_POINT('',(-0.775,1.3425,0.9));
#569 = VECTOR('',#570,1.);
#570 = DIRECTION('',(0.707106781187,0.707106781187,0.));
#571 = ORIENTED_EDGE('',*,*,#572,.F.);
#572 = EDGE_CURVE('',#573,#565,#575,.T.);
#573 = VERTEX_POINT('',#574);
#574 = CARTESIAN_POINT('',(-0.775,1.2,0.9));
#575 = LINE('',#576,#577);
#576 = CARTESIAN_POINT('',(-0.775,-1.3425,0.9));
#577 = VECTOR('',#578,1.);
#578 = DIRECTION('',(-1.110223024625E-16,1.,0.));
#579 = ORIENTED_EDGE('',*,*,#580,.F.);
#580 = EDGE_CURVE('',#581,#573,#583,.T.);
#581 = VERTEX_POINT('',#582);
#582 = CARTESIAN_POINT('',(-0.8,1.2,0.9));
#583 = LINE('',#584,#585);
#584 = CARTESIAN_POINT('',(-0.85,1.2,0.9));
#585 = VECTOR('',#586,1.);
#586 = DIRECTION('',(1.,-1.144237745222E-17,0.));
#587 = ORIENTED_EDGE('',*,*,#588,.T.);
#588 = EDGE_CURVE('',#581,#515,#589,.T.);
#589 = LINE('',#590,#591);
#590 = CARTESIAN_POINT('',(-0.8,-1.355,0.9));
#591 = VECTOR('',#592,1.);
#592 = DIRECTION('',(-1.110223024625E-16,1.,0.));
#593 = PLANE('',#594);
#594 = AXIS2_PLACEMENT_3D('',#595,#596,#597);
#595 = CARTESIAN_POINT('',(-2.091417030376E-16,1.4375,0.9));
#596 = DIRECTION('',(4.595758349624E-18,6.551522493592E-27,-1.));
#597 = DIRECTION('',(1.,1.51922136901E-16,4.595758349624E-18));
#598 = ADVANCED_FACE('',(#599),#609,.F.);
#599 = FACE_BOUND('',#600,.F.);
#600 = EDGE_LOOP('',(#601,#602,#603,#604));
#601 = ORIENTED_EDGE('',*,*,#281,.T.);
#602 = ORIENTED_EDGE('',*,*,#266,.T.);
#603 = ORIENTED_EDGE('',*,*,#514,.F.);
#604 = ORIENTED_EDGE('',*,*,#605,.F.);
#605 = EDGE_CURVE('',#282,#515,#606,.T.);
#606 = B_SPLINE_CURVE_WITH_KNOTS('',1,(#607,#608),.UNSPECIFIED.,.F.,.F.,
  (2,2),(0.,1.),.PIECEWISE_BEZIER_KNOTS.);
#607 = CARTESIAN_POINT('',(-0.8,1.355,0.75));
#608 = CARTESIAN_POINT('',(-0.8,1.355,0.9));
#609 = PLANE('',#610);
#610 = AXIS2_PLACEMENT_3D('',#611,#612,#613);
#611 = CARTESIAN_POINT('',(-0.8,1.355,0.9));
#612 = DIRECTION('',(0.707106781187,-0.707106781187,0.));
#613 = DIRECTION('',(0.707106781187,0.707106781187,0.));
#614 = ADVANCED_FACE('',(#615),#639,.F.);
#615 = FACE_BOUND('',#616,.F.);
#616 = EDGE_LOOP('',(#617,#624,#625,#633));
#617 = ORIENTED_EDGE('',*,*,#618,.F.);
#618 = EDGE_CURVE('',#353,#619,#621,.T.);
#619 = VERTEX_POINT('',#620);
#620 = CARTESIAN_POINT('',(-0.8,-1.355,0.9));
#621 = B_SPLINE_CURVE_WITH_KNOTS('',1,(#622,#623),.UNSPECIFIED.,.F.,.F.,
  (2,2),(0.,1.),.PIECEWISE_BEZIER_KNOTS.);
#622 = CARTESIAN_POINT('',(-0.8,-1.355,0.75));
#623 = CARTESIAN_POINT('',(-0.8,-1.355,0.9));
#624 = ORIENTED_EDGE('',*,*,#352,.T.);
#625 = ORIENTED_EDGE('',*,*,#626,.T.);
#626 = EDGE_CURVE('',#345,#627,#629,.T.);
#627 = VERTEX_POINT('',#628);
#628 = CARTESIAN_POINT('',(-0.8,-1.2,0.9));
#629 = LINE('',#630,#631);
#630 = CARTESIAN_POINT('',(-0.8,-1.2,0.670847817658));
#631 = VECTOR('',#632,1.);
#632 = DIRECTION('',(0.,0.,1.));
#633 = ORIENTED_EDGE('',*,*,#634,.F.);
#634 = EDGE_CURVE('',#619,#627,#635,.T.);
#635 = LINE('',#636,#637);
#636 = CARTESIAN_POINT('',(-0.8,-1.355,0.9));
#637 = VECTOR('',#638,1.);
#638 = DIRECTION('',(-1.110223024625E-16,1.,0.));
#639 = PLANE('',#640);
#640 = AXIS2_PLACEMENT_3D('',#641,#642,#643);
#641 = CARTESIAN_POINT('',(-0.8,-1.355,0.9));
#642 = DIRECTION('',(1.,1.110223024625E-16,0.));
#643 = DIRECTION('',(-1.110223024625E-16,1.,0.));
#644 = ADVANCED_FACE('',(#645),#670,.F.);
#645 = FACE_BOUND('',#646,.F.);
#646 = EDGE_LOOP('',(#647,#655,#656,#664));
#647 = ORIENTED_EDGE('',*,*,#648,.F.);
#648 = EDGE_CURVE('',#345,#649,#651,.T.);
#649 = VERTEX_POINT('',#650);
#650 = CARTESIAN_POINT('',(-0.85,-1.2,0.75));
#651 = LINE('',#652,#653);
#652 = CARTESIAN_POINT('',(-0.75,-1.2,0.75));
#653 = VECTOR('',#654,1.);
#654 = DIRECTION('',(-1.,1.144237745222E-17,0.));
#655 = ORIENTED_EDGE('',*,*,#344,.T.);
#656 = ORIENTED_EDGE('',*,*,#657,.T.);
#657 = EDGE_CURVE('',#337,#658,#660,.T.);
#658 = VERTEX_POINT('',#659);
#659 = CARTESIAN_POINT('',(-0.85,-0.7,0.75));
#660 = LINE('',#661,#662);
#661 = CARTESIAN_POINT('',(-0.75,-0.7,0.75));
#662 = VECTOR('',#663,1.);
#663 = DIRECTION('',(-1.,1.144237745222E-17,0.));
#664 = ORIENTED_EDGE('',*,*,#665,.F.);
#665 = EDGE_CURVE('',#649,#658,#666,.T.);
#666 = LINE('',#667,#668);
#667 = CARTESIAN_POINT('',(-0.85,-1.2,0.75));
#668 = VECTOR('',#669,1.);
#669 = DIRECTION('',(1.144237745222E-17,1.,0.));
#670 = PLANE('',#671);
#671 = AXIS2_PLACEMENT_3D('',#672,#673,#674);
#672 = CARTESIAN_POINT('',(-0.75,-1.2,0.75));
#673 = DIRECTION('',(0.,0.,1.));
#674 = DIRECTION('',(-1.,1.144237745222E-17,0.));
#675 = ADVANCED_FACE('',(#676),#701,.F.);
#676 = FACE_BOUND('',#677,.F.);
#677 = EDGE_LOOP('',(#678,#686,#687,#695));
#678 = ORIENTED_EDGE('',*,*,#679,.F.);
#679 = EDGE_CURVE('',#337,#680,#682,.T.);
#680 = VERTEX_POINT('',#681);
#681 = CARTESIAN_POINT('',(-0.8,-0.7,0.9));
#682 = LINE('',#683,#684);
#683 = CARTESIAN_POINT('',(-0.8,-0.7,0.670847817658));
#684 = VECTOR('',#685,1.);
#685 = DIRECTION('',(0.,0.,1.));
#686 = ORIENTED_EDGE('',*,*,#336,.T.);
#687 = ORIENTED_EDGE('',*,*,#688,.T.);
#688 = EDGE_CURVE('',#329,#689,#691,.T.);
#689 = VERTEX_POINT('',#690);
#690 = CARTESIAN_POINT('',(-0.8,-0.25,0.9));
#691 = LINE('',#692,#693);
#692 = CARTESIAN_POINT('',(-0.8,-0.25,0.670847817658));
#693 = VECTOR('',#694,1.);
#694 = DIRECTION('',(0.,0.,1.));
#695 = ORIENTED_EDGE('',*,*,#696,.F.);
#696 = EDGE_CURVE('',#680,#689,#697,.T.);
#697 = LINE('',#698,#699);
#698 = CARTESIAN_POINT('',(-0.8,-1.355,0.9));
#699 = VECTOR('',#700,1.);
#700 = DIRECTION('',(-1.110223024625E-16,1.,0.));
#701 = PLANE('',#702);
#702 = AXIS2_PLACEMENT_3D('',#703,#704,#705);
#703 = CARTESIAN_POINT('',(-0.8,-1.355,0.9));
#704 = DIRECTION('',(1.,1.110223024625E-16,0.));
#705 = DIRECTION('',(-1.110223024625E-16,1.,0.));
#706 = ADVANCED_FACE('',(#707),#732,.F.);
#707 = FACE_BOUND('',#708,.F.);
#708 = EDGE_LOOP('',(#709,#717,#718,#726));
#709 = ORIENTED_EDGE('',*,*,#710,.F.);
#710 = EDGE_CURVE('',#329,#711,#713,.T.);
#711 = VERTEX_POINT('',#712);
#712 = CARTESIAN_POINT('',(-0.85,-0.25,0.75));
#713 = LINE('',#714,#715);
#714 = CARTESIAN_POINT('',(-0.75,-0.25,0.75));
#715 = VECTOR('',#716,1.);
#716 = DIRECTION('',(-1.,1.144237745222E-17,0.));
#717 = ORIENTED_EDGE('',*,*,#328,.T.);
#718 = ORIENTED_EDGE('',*,*,#719,.T.);
#719 = EDGE_CURVE('',#321,#720,#722,.T.);
#720 = VERTEX_POINT('',#721);
#721 = CARTESIAN_POINT('',(-0.85,0.25,0.75));
#722 = LINE('',#723,#724);
#723 = CARTESIAN_POINT('',(-0.75,0.25,0.75));
#724 = VECTOR('',#725,1.);
#725 = DIRECTION('',(-1.,1.144237745222E-17,0.));
#726 = ORIENTED_EDGE('',*,*,#727,.F.);
#727 = EDGE_CURVE('',#711,#720,#728,.T.);
#728 = LINE('',#729,#730);
#729 = CARTESIAN_POINT('',(-0.85,-0.25,0.75));
#730 = VECTOR('',#731,1.);
#731 = DIRECTION('',(1.144237745222E-17,1.,0.));
#732 = PLANE('',#733);
#733 = AXIS2_PLACEMENT_3D('',#734,#735,#736);
#734 = CARTESIAN_POINT('',(-0.75,-0.25,0.75));
#735 = DIRECTION('',(0.,0.,1.));
#736 = DIRECTION('',(-1.,1.144237745222E-17,0.));
#737 = ADVANCED_FACE('',(#738),#763,.F.);
#738 = FACE_BOUND('',#739,.F.);
#739 = EDGE_LOOP('',(#740,#748,#749,#757));
#740 = ORIENTED_EDGE('',*,*,#741,.F.);
#741 = EDGE_CURVE('',#321,#742,#744,.T.);
#742 = VERTEX_POINT('',#743);
#743 = CARTESIAN_POINT('',(-0.8,0.25,0.9));
#744 = LINE('',#745,#746);
#745 = CARTESIAN_POINT('',(-0.8,0.25,0.670847817658));
#746 = VECTOR('',#747,1.);
#747 = DIRECTION('',(0.,0.,1.));
#748 = ORIENTED_EDGE('',*,*,#320,.T.);
#749 = ORIENTED_EDGE('',*,*,#750,.T.);
#750 = EDGE_CURVE('',#313,#751,#753,.T.);
#751 = VERTEX_POINT('',#752);
#752 = CARTESIAN_POINT('',(-0.8,0.7,0.9));
#753 = LINE('',#754,#755);
#754 = CARTESIAN_POINT('',(-0.8,0.7,0.670847817658));
#755 = VECTOR('',#756,1.);
#756 = DIRECTION('',(0.,0.,1.));
#757 = ORIENTED_EDGE('',*,*,#758,.F.);
#758 = EDGE_CURVE('',#742,#751,#759,.T.);
#759 = LINE('',#760,#761);
#760 = CARTESIAN_POINT('',(-0.8,-1.355,0.9));
#761 = VECTOR('',#762,1.);
#762 = DIRECTION('',(-1.110223024625E-16,1.,0.));
#763 = PLANE('',#764);
#764 = AXIS2_PLACEMENT_3D('',#765,#766,#767);
#765 = CARTESIAN_POINT('',(-0.8,-1.355,0.9));
#766 = DIRECTION('',(1.,1.110223024625E-16,0.));
#767 = DIRECTION('',(-1.110223024625E-16,1.,0.));
#768 = ADVANCED_FACE('',(#769),#794,.F.);
#769 = FACE_BOUND('',#770,.F.);
#770 = EDGE_LOOP('',(#771,#779,#780,#788));
#771 = ORIENTED_EDGE('',*,*,#772,.F.);
#772 = EDGE_CURVE('',#313,#773,#775,.T.);
#773 = VERTEX_POINT('',#774);
#774 = CARTESIAN_POINT('',(-0.85,0.7,0.75));
#775 = LINE('',#776,#777);
#776 = CARTESIAN_POINT('',(-0.75,0.7,0.75));
#777 = VECTOR('',#778,1.);
#778 = DIRECTION('',(-1.,1.144237745222E-17,0.));
#779 = ORIENTED_EDGE('',*,*,#312,.T.);
#780 = ORIENTED_EDGE('',*,*,#781,.T.);
#781 = EDGE_CURVE('',#305,#782,#784,.T.);
#782 = VERTEX_POINT('',#783);
#783 = CARTESIAN_POINT('',(-0.85,1.2,0.75));
#784 = LINE('',#785,#786);
#785 = CARTESIAN_POINT('',(-0.75,1.2,0.75));
#786 = VECTOR('',#787,1.);
#787 = DIRECTION('',(-1.,1.144237745222E-17,0.));
#788 = ORIENTED_EDGE('',*,*,#789,.F.);
#789 = EDGE_CURVE('',#773,#782,#790,.T.);
#790 = LINE('',#791,#792);
#791 = CARTESIAN_POINT('',(-0.85,0.7,0.75));
#792 = VECTOR('',#793,1.);
#793 = DIRECTION('',(1.144237745222E-17,1.,0.));
#794 = PLANE('',#795);
#795 = AXIS2_PLACEMENT_3D('',#796,#797,#798);
#796 = CARTESIAN_POINT('',(-0.75,0.7,0.75));
#797 = DIRECTION('',(0.,0.,1.));
#798 = DIRECTION('',(-1.,1.144237745222E-17,0.));
#799 = ADVANCED_FACE('',(#800),#811,.F.);
#800 = FACE_BOUND('',#801,.F.);
#801 = EDGE_LOOP('',(#802,#808,#809,#810));
#802 = ORIENTED_EDGE('',*,*,#803,.F.);
#803 = EDGE_CURVE('',#305,#581,#804,.T.);
#804 = LINE('',#805,#806);
#805 = CARTESIAN_POINT('',(-0.8,1.2,0.670847817658));
#806 = VECTOR('',#807,1.);
#807 = DIRECTION('',(0.,0.,1.));
#808 = ORIENTED_EDGE('',*,*,#304,.T.);
#809 = ORIENTED_EDGE('',*,*,#605,.T.);
#810 = ORIENTED_EDGE('',*,*,#588,.F.);
#811 = PLANE('',#812);
#812 = AXIS2_PLACEMENT_3D('',#813,#814,#815);
#813 = CARTESIAN_POINT('',(-0.8,-1.355,0.9));
#814 = DIRECTION('',(1.,1.110223024625E-16,0.));
#815 = DIRECTION('',(-1.110223024625E-16,1.,0.));
#816 = ADVANCED_FACE('',(#817),#828,.F.);
#817 = FACE_BOUND('',#818,.F.);
#818 = EDGE_LOOP('',(#819,#820,#821,#827));
#819 = ORIENTED_EDGE('',*,*,#492,.F.);
#820 = ORIENTED_EDGE('',*,*,#413,.T.);
#821 = ORIENTED_EDGE('',*,*,#822,.T.);
#822 = EDGE_CURVE('',#406,#525,#823,.T.);
#823 = LINE('',#824,#825);
#824 = CARTESIAN_POINT('',(0.8,1.2,0.670847817658));
#825 = VECTOR('',#826,1.);
#826 = DIRECTION('',(0.,0.,1.));
#827 = ORIENTED_EDGE('',*,*,#524,.F.);
#828 = PLANE('',#829);
#829 = AXIS2_PLACEMENT_3D('',#830,#831,#832);
#830 = CARTESIAN_POINT('',(0.8,1.355,0.9));
#831 = DIRECTION('',(-1.,-1.110223024625E-16,0.));
#832 = DIRECTION('',(1.110223024625E-16,-1.,0.));
#833 = ADVANCED_FACE('',(#834),#859,.F.);
#834 = FACE_BOUND('',#835,.F.);
#835 = EDGE_LOOP('',(#836,#844,#845,#853));
#836 = ORIENTED_EDGE('',*,*,#837,.F.);
#837 = EDGE_CURVE('',#406,#838,#840,.T.);
#838 = VERTEX_POINT('',#839);
#839 = CARTESIAN_POINT('',(0.85,1.2,0.75));
#840 = LINE('',#841,#842);
#841 = CARTESIAN_POINT('',(0.75,1.2,0.75));
#842 = VECTOR('',#843,1.);
#843 = DIRECTION('',(1.,1.110223024625E-16,0.));
#844 = ORIENTED_EDGE('',*,*,#405,.T.);
#845 = ORIENTED_EDGE('',*,*,#846,.T.);
#846 = EDGE_CURVE('',#398,#847,#849,.T.);
#847 = VERTEX_POINT('',#848);
#848 = CARTESIAN_POINT('',(0.85,0.7,0.75));
#849 = LINE('',#850,#851);
#850 = CARTESIAN_POINT('',(0.75,0.7,0.75));
#851 = VECTOR('',#852,1.);
#852 = DIRECTION('',(1.,1.110223024625E-16,0.));
#853 = ORIENTED_EDGE('',*,*,#854,.F.);
#854 = EDGE_CURVE('',#838,#847,#855,.T.);
#855 = LINE('',#856,#857);
#856 = CARTESIAN_POINT('',(0.85,1.2,0.75));
#857 = VECTOR('',#858,1.);
#858 = DIRECTION('',(1.110223024625E-16,-1.,0.));
#859 = PLANE('',#860);
#860 = AXIS2_PLACEMENT_3D('',#861,#862,#863);
#861 = CARTESIAN_POINT('',(0.75,1.2,0.75));
#862 = DIRECTION('',(0.,0.,1.));
#863 = DIRECTION('',(1.,1.110223024625E-16,-0.));
#864 = ADVANCED_FACE('',(#865),#890,.F.);
#865 = FACE_BOUND('',#866,.F.);
#866 = EDGE_LOOP('',(#867,#875,#876,#884));
#867 = ORIENTED_EDGE('',*,*,#868,.F.);
#868 = EDGE_CURVE('',#398,#869,#871,.T.);
#869 = VERTEX_POINT('',#870);
#870 = CARTESIAN_POINT('',(0.8,0.7,0.9));
#871 = LINE('',#872,#873);
#872 = CARTESIAN_POINT('',(0.8,0.7,0.670847817658));
#873 = VECTOR('',#874,1.);
#874 = DIRECTION('',(0.,0.,1.));
#875 = ORIENTED_EDGE('',*,*,#397,.T.);
#876 = ORIENTED_EDGE('',*,*,#877,.T.);
#877 = EDGE_CURVE('',#390,#878,#880,.T.);
#878 = VERTEX_POINT('',#879);
#879 = CARTESIAN_POINT('',(0.8,-0.7,0.9));
#880 = LINE('',#881,#882);
#881 = CARTESIAN_POINT('',(0.8,-0.7,0.670847817658));
#882 = VECTOR('',#883,1.);
#883 = DIRECTION('',(0.,0.,1.));
#884 = ORIENTED_EDGE('',*,*,#885,.F.);
#885 = EDGE_CURVE('',#869,#878,#886,.T.);
#886 = LINE('',#887,#888);
#887 = CARTESIAN_POINT('',(0.8,1.355,0.9));
#888 = VECTOR('',#889,1.);
#889 = DIRECTION('',(1.110223024625E-16,-1.,0.));
#890 = PLANE('',#891);
#891 = AXIS2_PLACEMENT_3D('',#892,#893,#894);
#892 = CARTESIAN_POINT('',(0.8,1.355,0.9));
#893 = DIRECTION('',(-1.,-1.110223024625E-16,0.));
#894 = DIRECTION('',(1.110223024625E-16,-1.,0.));
#895 = ADVANCED_FACE('',(#896),#921,.F.);
#896 = FACE_BOUND('',#897,.F.);
#897 = EDGE_LOOP('',(#898,#906,#907,#915));
#898 = ORIENTED_EDGE('',*,*,#899,.F.);
#899 = EDGE_CURVE('',#390,#900,#902,.T.);
#900 = VERTEX_POINT('',#901);
#901 = CARTESIAN_POINT('',(0.85,-0.7,0.75));
#902 = LINE('',#903,#904);
#903 = CARTESIAN_POINT('',(0.75,-0.7,0.75));
#904 = VECTOR('',#905,1.);
#905 = DIRECTION('',(1.,1.110223024625E-16,0.));
#906 = ORIENTED_EDGE('',*,*,#389,.T.);
#907 = ORIENTED_EDGE('',*,*,#908,.T.);
#908 = EDGE_CURVE('',#382,#909,#911,.T.);
#909 = VERTEX_POINT('',#910);
#910 = CARTESIAN_POINT('',(0.85,-1.2,0.75));
#911 = LINE('',#912,#913);
#912 = CARTESIAN_POINT('',(0.75,-1.2,0.75));
#913 = VECTOR('',#914,1.);
#914 = DIRECTION('',(1.,1.110223024625E-16,0.));
#915 = ORIENTED_EDGE('',*,*,#916,.F.);
#916 = EDGE_CURVE('',#900,#909,#917,.T.);
#917 = LINE('',#918,#919);
#918 = CARTESIAN_POINT('',(0.85,-0.7,0.75));
#919 = VECTOR('',#920,1.);
#920 = DIRECTION('',(1.110223024625E-16,-1.,0.));
#921 = PLANE('',#922);
#922 = AXIS2_PLACEMENT_3D('',#923,#924,#925);
#923 = CARTESIAN_POINT('',(0.75,-0.7,0.75));
#924 = DIRECTION('',(0.,0.,1.));
#925 = DIRECTION('',(1.,1.110223024625E-16,-0.));
#926 = ADVANCED_FACE('',(#927),#951,.F.);
#927 = FACE_BOUND('',#928,.F.);
#928 = EDGE_LOOP('',(#929,#937,#938,#945));
#929 = ORIENTED_EDGE('',*,*,#930,.F.);
#930 = EDGE_CURVE('',#382,#931,#933,.T.);
#931 = VERTEX_POINT('',#932);
#932 = CARTESIAN_POINT('',(0.8,-1.2,0.9));
#933 = LINE('',#934,#935);
#934 = CARTESIAN_POINT('',(0.8,-1.2,0.670847817658));
#935 = VECTOR('',#936,1.);
#936 = DIRECTION('',(0.,0.,1.));
#937 = ORIENTED_EDGE('',*,*,#381,.T.);
#938 = ORIENTED_EDGE('',*,*,#939,.T.);
#939 = EDGE_CURVE('',#375,#940,#942,.T.);
#940 = VERTEX_POINT('',#941);
#941 = CARTESIAN_POINT('',(0.8,-1.355,0.9));
#942 = B_SPLINE_CURVE_WITH_KNOTS('',1,(#943,#944),.UNSPECIFIED.,.F.,.F.,
  (2,2),(0.,1.),.PIECEWISE_BEZIER_KNOTS.);
#943 = CARTESIAN_POINT('',(0.8,-1.355,0.75));
#944 = CARTESIAN_POINT('',(0.8,-1.355,0.9));
#945 = ORIENTED_EDGE('',*,*,#946,.F.);
#946 = EDGE_CURVE('',#931,#940,#947,.T.);
#947 = LINE('',#948,#949);
#948 = CARTESIAN_POINT('',(0.8,1.355,0.9));
#949 = VECTOR('',#950,1.);
#950 = DIRECTION('',(1.110223024625E-16,-1.,0.));
#951 = PLANE('',#952);
#952 = AXIS2_PLACEMENT_3D('',#953,#954,#955);
#953 = CARTESIAN_POINT('',(0.8,1.355,0.9));
#954 = DIRECTION('',(-1.,-1.110223024625E-16,0.));
#955 = DIRECTION('',(1.110223024625E-16,-1.,0.));
#956 = ADVANCED_FACE('',(#957),#974,.F.);
#957 = FACE_BOUND('',#958,.F.);
#958 = EDGE_LOOP('',(#959,#960,#961,#969));
#959 = ORIENTED_EDGE('',*,*,#430,.T.);
#960 = ORIENTED_EDGE('',*,*,#618,.T.);
#961 = ORIENTED_EDGE('',*,*,#962,.F.);
#962 = EDGE_CURVE('',#963,#619,#965,.T.);
#963 = VERTEX_POINT('',#964);
#964 = CARTESIAN_POINT('',(-0.705,-1.45,0.9));
#965 = LINE('',#966,#967);
#966 = CARTESIAN_POINT('',(-0.705,-1.45,0.9));
#967 = VECTOR('',#968,1.);
#968 = DIRECTION('',(-0.707106781187,0.707106781187,0.));
#969 = ORIENTED_EDGE('',*,*,#970,.F.);
#970 = EDGE_CURVE('',#431,#963,#971,.T.);
#971 = B_SPLINE_CURVE_WITH_KNOTS('',1,(#972,#973),.UNSPECIFIED.,.F.,.F.,
  (2,2),(0.,1.),.PIECEWISE_BEZIER_KNOTS.);
#972 = CARTESIAN_POINT('',(-0.705,-1.45,0.75));
#973 = CARTESIAN_POINT('',(-0.705,-1.45,0.9));
#974 = PLANE('',#975);
#975 = AXIS2_PLACEMENT_3D('',#976,#977,#978);
#976 = CARTESIAN_POINT('',(-0.705,-1.45,0.9));
#977 = DIRECTION('',(0.707106781187,0.707106781187,0.));
#978 = DIRECTION('',(-0.707106781187,0.707106781187,0.));
#979 = ADVANCED_FACE('',(#980),#997,.F.);
#980 = FACE_BOUND('',#981,.F.);
#981 = EDGE_LOOP('',(#982,#983,#990,#996));
#982 = ORIENTED_EDGE('',*,*,#459,.T.);
#983 = ORIENTED_EDGE('',*,*,#984,.T.);
#984 = EDGE_CURVE('',#453,#985,#987,.T.);
#985 = VERTEX_POINT('',#986);
#986 = CARTESIAN_POINT('',(0.705,-1.45,0.9));
#987 = B_SPLINE_CURVE_WITH_KNOTS('',1,(#988,#989),.UNSPECIFIED.,.F.,.F.,
  (2,2),(0.,1.),.PIECEWISE_BEZIER_KNOTS.);
#988 = CARTESIAN_POINT('',(0.705,-1.45,0.75));
#989 = CARTESIAN_POINT('',(0.705,-1.45,0.9));
#990 = ORIENTED_EDGE('',*,*,#991,.F.);
#991 = EDGE_CURVE('',#940,#985,#992,.T.);
#992 = LINE('',#993,#994);
#993 = CARTESIAN_POINT('',(0.8,-1.355,0.9));
#994 = VECTOR('',#995,1.);
#995 = DIRECTION('',(-0.707106781187,-0.707106781187,0.));
#996 = ORIENTED_EDGE('',*,*,#939,.F.);
#997 = PLANE('',#998);
#998 = AXIS2_PLACEMENT_3D('',#999,#1000,#1001);
#999 = CARTESIAN_POINT('',(0.8,-1.355,0.9));
#1000 = DIRECTION('',(-0.707106781187,0.707106781187,0.));
#1001 = DIRECTION('',(-0.707106781187,-0.707106781187,0.));
#1002 = ADVANCED_FACE('',(#1003),#1014,.F.);
#1003 = FACE_BOUND('',#1004,.F.);
#1004 = EDGE_LOOP('',(#1005,#1006,#1007,#1013));
#1005 = ORIENTED_EDGE('',*,*,#476,.T.);
#1006 = ORIENTED_EDGE('',*,*,#970,.T.);
#1007 = ORIENTED_EDGE('',*,*,#1008,.F.);
#1008 = EDGE_CURVE('',#985,#963,#1009,.T.);
#1009 = LINE('',#1010,#1011);
#1010 = CARTESIAN_POINT('',(0.705,-1.45,0.9));
#1011 = VECTOR('',#1012,1.);
#1012 = DIRECTION('',(-1.,-1.110223024625E-16,0.));
#1013 = ORIENTED_EDGE('',*,*,#984,.F.);
#1014 = PLANE('',#1015);
#1015 = AXIS2_PLACEMENT_3D('',#1016,#1017,#1018);
#1016 = CARTESIAN_POINT('',(0.705,-1.45,0.9));
#1017 = DIRECTION('',(-1.110223024625E-16,1.,0.));
#1018 = DIRECTION('',(-1.,-1.110223024625E-16,0.));
#1019 = ADVANCED_FACE('',(#1020),#1059,.F.);
#1020 = FACE_BOUND('',#1021,.F.);
#1021 = EDGE_LOOP('',(#1022,#1030,#1038,#1044,#1045,#1053));
#1022 = ORIENTED_EDGE('',*,*,#1023,.F.);
#1023 = EDGE_CURVE('',#1024,#751,#1026,.T.);
#1024 = VERTEX_POINT('',#1025);
#1025 = CARTESIAN_POINT('',(-0.85,0.7,0.9));
#1026 = LINE('',#1027,#1028);
#1027 = CARTESIAN_POINT('',(-0.85,0.7,0.9));
#1028 = VECTOR('',#1029,1.);
#1029 = DIRECTION('',(1.,-1.144237745222E-17,0.));
#1030 = ORIENTED_EDGE('',*,*,#1031,.T.);
#1031 = EDGE_CURVE('',#1024,#1032,#1034,.T.);
#1032 = VERTEX_POINT('',#1033);
#1033 = CARTESIAN_POINT('',(-0.85,1.2,0.9));
#1034 = LINE('',#1035,#1036);
#1035 = CARTESIAN_POINT('',(-0.85,0.7,0.9));
#1036 = VECTOR('',#1037,1.);
#1037 = DIRECTION('',(1.144237745222E-17,1.,0.));
#1038 = ORIENTED_EDGE('',*,*,#1039,.T.);
#1039 = EDGE_CURVE('',#1032,#581,#1040,.T.);
#1040 = LINE('',#1041,#1042);
#1041 = CARTESIAN_POINT('',(-0.85,1.2,0.9));
#1042 = VECTOR('',#1043,1.);
#1043 = DIRECTION('',(1.,-1.144237745222E-17,0.));
#1044 = ORIENTED_EDGE('',*,*,#580,.T.);
#1045 = ORIENTED_EDGE('',*,*,#1046,.F.);
#1046 = EDGE_CURVE('',#1047,#573,#1049,.T.);
#1047 = VERTEX_POINT('',#1048);
#1048 = CARTESIAN_POINT('',(-0.775,0.7,0.9));
#1049 = LINE('',#1050,#1051);
#1050 = CARTESIAN_POINT('',(-0.775,-1.3425,0.9));
#1051 = VECTOR('',#1052,1.);
#1052 = DIRECTION('',(-1.110223024625E-16,1.,0.));
#1053 = ORIENTED_EDGE('',*,*,#1054,.F.);
#1054 = EDGE_CURVE('',#751,#1047,#1055,.T.);
#1055 = LINE('',#1056,#1057);
#1056 = CARTESIAN_POINT('',(-0.85,0.7,0.9));
#1057 = VECTOR('',#1058,1.);
#1058 = DIRECTION('',(1.,-1.144237745222E-17,0.));
#1059 = PLANE('',#1060);
#1060 = AXIS2_PLACEMENT_3D('',#1061,#1062,#1063);
#1061 = CARTESIAN_POINT('',(-0.85,0.7,0.9));
#1062 = DIRECTION('',(0.,0.,-1.));
#1063 = DIRECTION('',(1.,-1.144237745222E-17,0.));
#1064 = ADVANCED_FACE('',(#1065),#1129,.F.);
#1065 = FACE_BOUND('',#1066,.F.);
#1066 = EDGE_LOOP('',(#1067,#1077,#1085,#1093,#1101,#1107,#1108,#1109,
    #1116,#1124));
#1067 = ORIENTED_EDGE('',*,*,#1068,.T.);
#1068 = EDGE_CURVE('',#1069,#1071,#1073,.T.);
#1069 = VERTEX_POINT('',#1070);
#1070 = CARTESIAN_POINT('',(-0.775,-1.3425,0.9));
#1071 = VERTEX_POINT('',#1072);
#1072 = CARTESIAN_POINT('',(-0.775,-1.2,0.9));
#1073 = LINE('',#1074,#1075);
#1074 = CARTESIAN_POINT('',(-0.775,-1.3425,0.9));
#1075 = VECTOR('',#1076,1.);
#1076 = DIRECTION('',(-1.110223024625E-16,1.,0.));
#1077 = ORIENTED_EDGE('',*,*,#1078,.T.);
#1078 = EDGE_CURVE('',#1071,#1079,#1081,.T.);
#1079 = VERTEX_POINT('',#1080);
#1080 = CARTESIAN_POINT('',(-0.775,-0.7,0.9));
#1081 = LINE('',#1082,#1083);
#1082 = CARTESIAN_POINT('',(-0.775,-1.3425,0.9));
#1083 = VECTOR('',#1084,1.);
#1084 = DIRECTION('',(-1.110223024625E-16,1.,0.));
#1085 = ORIENTED_EDGE('',*,*,#1086,.T.);
#1086 = EDGE_CURVE('',#1079,#1087,#1089,.T.);
#1087 = VERTEX_POINT('',#1088);
#1088 = CARTESIAN_POINT('',(-0.775,-0.25,0.9));
#1089 = LINE('',#1090,#1091);
#1090 = CARTESIAN_POINT('',(-0.775,-1.3425,0.9));
#1091 = VECTOR('',#1092,1.);
#1092 = DIRECTION('',(-1.110223024625E-16,1.,0.));
#1093 = ORIENTED_EDGE('',*,*,#1094,.T.);
#1094 = EDGE_CURVE('',#1087,#1095,#1097,.T.);
#1095 = VERTEX_POINT('',#1096);
#1096 = CARTESIAN_POINT('',(-0.775,0.25,0.9));
#1097 = LINE('',#1098,#1099);
#1098 = CARTESIAN_POINT('',(-0.775,-1.3425,0.9));
#1099 = VECTOR('',#1100,1.);
#1100 = DIRECTION('',(-1.110223024625E-16,1.,0.));
#1101 = ORIENTED_EDGE('',*,*,#1102,.T.);
#1102 = EDGE_CURVE('',#1095,#1047,#1103,.T.);
#1103 = LINE('',#1104,#1105);
#1104 = CARTESIAN_POINT('',(-0.775,-1.3425,0.9));
#1105 = VECTOR('',#1106,1.);
#1106 = DIRECTION('',(-1.110223024625E-16,1.,0.));
#1107 = ORIENTED_EDGE('',*,*,#1046,.T.);
#1108 = ORIENTED_EDGE('',*,*,#572,.T.);
#1109 = ORIENTED_EDGE('',*,*,#1110,.T.);
#1110 = EDGE_CURVE('',#565,#1111,#1113,.T.);
#1111 = VERTEX_POINT('',#1112);
#1112 = CARTESIAN_POINT('',(-0.683648457443,1.296824228722,1.55));
#1113 = B_SPLINE_CURVE_WITH_KNOTS('',1,(#1114,#1115),.UNSPECIFIED.,.F.,
  .F.,(2,2),(0.,1.),.PIECEWISE_BEZIER_KNOTS.);
#1114 = CARTESIAN_POINT('',(-0.775,1.3425,0.9));
#1115 = CARTESIAN_POINT('',(-0.683648457443,1.296824228722,1.55));
#1116 = ORIENTED_EDGE('',*,*,#1117,.F.);
#1117 = EDGE_CURVE('',#1118,#1111,#1120,.T.);
#1118 = VERTEX_POINT('',#1119);
#1119 = CARTESIAN_POINT('',(-0.683648457443,-1.296824228722,1.55));
#1120 = LINE('',#1121,#1122);
#1121 = CARTESIAN_POINT('',(-0.683648457443,-1.296824228722,1.55));
#1122 = VECTOR('',#1123,1.);
#1123 = DIRECTION('',(-1.110223024625E-16,1.,0.));
#1124 = ORIENTED_EDGE('',*,*,#1125,.F.);
#1125 = EDGE_CURVE('',#1069,#1118,#1126,.T.);
#1126 = B_SPLINE_CURVE_WITH_KNOTS('',1,(#1127,#1128),.UNSPECIFIED.,.F.,
  .F.,(2,2),(0.,1.),.PIECEWISE_BEZIER_KNOTS.);
#1127 = CARTESIAN_POINT('',(-0.775,-1.3425,0.9));
#1128 = CARTESIAN_POINT('',(-0.683648457443,-1.296824228722,1.55));
#1129 = B_SPLINE_SURFACE_WITH_KNOTS('',1,1,(
    (#1130,#1131)
    ,(#1132,#1133
    )),.UNSPECIFIED.,.F.,.F.,.F.,(2,2),(2,2),(0.,2.685),(0.,1.),
  .PIECEWISE_BEZIER_KNOTS.);
#1130 = CARTESIAN_POINT('',(-0.775,-1.3425,0.9));
#1131 = CARTESIAN_POINT('',(-0.683648457443,-1.296824228722,1.55));
#1132 = CARTESIAN_POINT('',(-0.775,1.3425,0.9));
#1133 = CARTESIAN_POINT('',(-0.683648457443,1.296824228722,1.55));
#1134 = ADVANCED_FACE('',(#1135),#1152,.F.);
#1135 = FACE_BOUND('',#1136,.F.);
#1136 = EDGE_LOOP('',(#1137,#1138,#1145,#1151));
#1137 = ORIENTED_EDGE('',*,*,#564,.T.);
#1138 = ORIENTED_EDGE('',*,*,#1139,.T.);
#1139 = EDGE_CURVE('',#557,#1140,#1142,.T.);
#1140 = VERTEX_POINT('',#1141);
#1141 = CARTESIAN_POINT('',(-0.646824228722,1.333648457443,1.55));
#1142 = B_SPLINE_CURVE_WITH_KNOTS('',1,(#1143,#1144),.UNSPECIFIED.,.F.,
  .F.,(2,2),(0.,1.),.PIECEWISE_BEZIER_KNOTS.);
#1143 = CARTESIAN_POINT('',(-0.6925,1.425,0.9));
#1144 = CARTESIAN_POINT('',(-0.646824228722,1.333648457443,1.55));
#1145 = ORIENTED_EDGE('',*,*,#1146,.F.);
#1146 = EDGE_CURVE('',#1111,#1140,#1147,.T.);
#1147 = LINE('',#1148,#1149);
#1148 = CARTESIAN_POINT('',(-0.683648457443,1.296824228722,1.55));
#1149 = VECTOR('',#1150,1.);
#1150 = DIRECTION('',(0.707106781187,0.707106781187,0.));
#1151 = ORIENTED_EDGE('',*,*,#1110,.F.);
#1152 = B_SPLINE_SURFACE_WITH_KNOTS('',1,1,(
    (#1153,#1154)
    ,(#1155,#1156
    )),.UNSPECIFIED.,.F.,.F.,.F.,(2,2),(2,2),(0.,0.116672618896),(0.,1.)
  ,.PIECEWISE_BEZIER_KNOTS.);
#1153 = CARTESIAN_POINT('',(-0.775,1.3425,0.9));
#1154 = CARTESIAN_POINT('',(-0.683648457443,1.296824228722,1.55));
#1155 = CARTESIAN_POINT('',(-0.6925,1.425,0.9));
#1156 = CARTESIAN_POINT('',(-0.646824228722,1.333648457443,1.55));
#1157 = ADVANCED_FACE('',(#1158),#1175,.F.);
#1158 = FACE_BOUND('',#1159,.F.);
#1159 = EDGE_LOOP('',(#1160,#1161,#1168,#1174));
#1160 = ORIENTED_EDGE('',*,*,#556,.T.);
#1161 = ORIENTED_EDGE('',*,*,#1162,.T.);
#1162 = EDGE_CURVE('',#549,#1163,#1165,.T.);
#1163 = VERTEX_POINT('',#1164);
#1164 = CARTESIAN_POINT('',(0.646824228722,1.333648457443,1.55));
#1165 = B_SPLINE_CURVE_WITH_KNOTS('',1,(#1166,#1167),.UNSPECIFIED.,.F.,
  .F.,(2,2),(0.,1.),.PIECEWISE_BEZIER_KNOTS.);
#1166 = CARTESIAN_POINT('',(0.6925,1.425,0.9));
#1167 = CARTESIAN_POINT('',(0.646824228722,1.333648457443,1.55));
#1168 = ORIENTED_EDGE('',*,*,#1169,.F.);
#1169 = EDGE_CURVE('',#1140,#1163,#1170,.T.);
#1170 = LINE('',#1171,#1172);
#1171 = CARTESIAN_POINT('',(-0.646824228722,1.333648457443,1.55));
#1172 = VECTOR('',#1173,1.);
#1173 = DIRECTION('',(1.,1.110223024625E-16,0.));
#1174 = ORIENTED_EDGE('',*,*,#1139,.F.);
#1175 = B_SPLINE_SURFACE_WITH_KNOTS('',1,1,(
    (#1176,#1177)
    ,(#1178,#1179
    )),.UNSPECIFIED.,.F.,.F.,.F.,(2,2),(2,2),(0.,1.385),(0.,1.),
  .PIECEWISE_BEZIER_KNOTS.);
#1176 = CARTESIAN_POINT('',(-0.6925,1.425,0.9));
#1177 = CARTESIAN_POINT('',(-0.646824228722,1.333648457443,1.55));
#1178 = CARTESIAN_POINT('',(0.6925,1.425,0.9));
#1179 = CARTESIAN_POINT('',(0.646824228722,1.333648457443,1.55));
#1180 = ADVANCED_FACE('',(#1181),#1198,.F.);
#1181 = FACE_BOUND('',#1182,.F.);
#1182 = EDGE_LOOP('',(#1183,#1184,#1191,#1197));
#1183 = ORIENTED_EDGE('',*,*,#548,.T.);
#1184 = ORIENTED_EDGE('',*,*,#1185,.T.);
#1185 = EDGE_CURVE('',#541,#1186,#1188,.T.);
#1186 = VERTEX_POINT('',#1187);
#1187 = CARTESIAN_POINT('',(0.683648457443,1.296824228722,1.55));
#1188 = B_SPLINE_CURVE_WITH_KNOTS('',1,(#1189,#1190),.UNSPECIFIED.,.F.,
  .F.,(2,2),(0.,1.),.PIECEWISE_BEZIER_KNOTS.);
#1189 = CARTESIAN_POINT('',(0.775,1.3425,0.9));
#1190 = CARTESIAN_POINT('',(0.683648457443,1.296824228722,1.55));
#1191 = ORIENTED_EDGE('',*,*,#1192,.F.);
#1192 = EDGE_CURVE('',#1163,#1186,#1193,.T.);
#1193 = LINE('',#1194,#1195);
#1194 = CARTESIAN_POINT('',(0.646824228722,1.333648457443,1.55));
#1195 = VECTOR('',#1196,1.);
#1196 = DIRECTION('',(0.707106781187,-0.707106781187,0.));
#1197 = ORIENTED_EDGE('',*,*,#1162,.F.);
#1198 = B_SPLINE_SURFACE_WITH_KNOTS('',1,1,(
    (#1199,#1200)
    ,(#1201,#1202
    )),.UNSPECIFIED.,.F.,.F.,.F.,(2,2),(2,2),(0.,0.116672618896),(0.,1.)
  ,.PIECEWISE_BEZIER_KNOTS.);
#1199 = CARTESIAN_POINT('',(0.6925,1.425,0.9));
#1200 = CARTESIAN_POINT('',(0.646824228722,1.333648457443,1.55));
#1201 = CARTESIAN_POINT('',(0.775,1.3425,0.9));
#1202 = CARTESIAN_POINT('',(0.683648457443,1.296824228722,1.55));
#1203 = ADVANCED_FACE('',(#1204),#1253,.F.);
#1204 = FACE_BOUND('',#1205,.F.);
#1205 = EDGE_LOOP('',(#1206,#1207,#1215,#1223,#1231,#1239,#1246,#1252));
#1206 = ORIENTED_EDGE('',*,*,#540,.T.);
#1207 = ORIENTED_EDGE('',*,*,#1208,.T.);
#1208 = EDGE_CURVE('',#533,#1209,#1211,.T.);
#1209 = VERTEX_POINT('',#1210);
#1210 = CARTESIAN_POINT('',(0.775,0.7,0.9));
#1211 = LINE('',#1212,#1213);
#1212 = CARTESIAN_POINT('',(0.775,1.3425,0.9));
#1213 = VECTOR('',#1214,1.);
#1214 = DIRECTION('',(1.110223024625E-16,-1.,0.));
#1215 = ORIENTED_EDGE('',*,*,#1216,.T.);
#1216 = EDGE_CURVE('',#1209,#1217,#1219,.T.);
#1217 = VERTEX_POINT('',#1218);
#1218 = CARTESIAN_POINT('',(0.775,-0.7,0.9));
#1219 = LINE('',#1220,#1221);
#1220 = CARTESIAN_POINT('',(0.775,1.3425,0.9));
#1221 = VECTOR('',#1222,1.);
#1222 = DIRECTION('',(1.110223024625E-16,-1.,0.));
#1223 = ORIENTED_EDGE('',*,*,#1224,.T.);
#1224 = EDGE_CURVE('',#1217,#1225,#1227,.T.);
#1225 = VERTEX_POINT('',#1226);
#1226 = CARTESIAN_POINT('',(0.775,-1.2,0.9));
#1227 = LINE('',#1228,#1229);
#1228 = CARTESIAN_POINT('',(0.775,1.3425,0.9));
#1229 = VECTOR('',#1230,1.);
#1230 = DIRECTION('',(1.110223024625E-16,-1.,0.));
#1231 = ORIENTED_EDGE('',*,*,#1232,.T.);
#1232 = EDGE_CURVE('',#1225,#1233,#1235,.T.);
#1233 = VERTEX_POINT('',#1234);
#1234 = CARTESIAN_POINT('',(0.775,-1.3425,0.9));
#1235 = LINE('',#1236,#1237);
#1236 = CARTESIAN_POINT('',(0.775,1.3425,0.9));
#1237 = VECTOR('',#1238,1.);
#1238 = DIRECTION('',(1.110223024625E-16,-1.,0.));
#1239 = ORIENTED_EDGE('',*,*,#1240,.T.);
#1240 = EDGE_CURVE('',#1233,#1241,#1243,.T.);
#1241 = VERTEX_POINT('',#1242);
#1242 = CARTESIAN_POINT('',(0.683648457443,-1.296824228722,1.55));
#1243 = B_SPLINE_CURVE_WITH_KNOTS('',1,(#1244,#1245),.UNSPECIFIED.,.F.,
  .F.,(2,2),(0.,1.),.PIECEWISE_BEZIER_KNOTS.);
#1244 = CARTESIAN_POINT('',(0.775,-1.3425,0.9));
#1245 = CARTESIAN_POINT('',(0.683648457443,-1.296824228722,1.55));
#1246 = ORIENTED_EDGE('',*,*,#1247,.F.);
#1247 = EDGE_CURVE('',#1186,#1241,#1248,.T.);
#1248 = LINE('',#1249,#1250);
#1249 = CARTESIAN_POINT('',(0.683648457443,1.296824228722,1.55));
#1250 = VECTOR('',#1251,1.);
#1251 = DIRECTION('',(1.110223024625E-16,-1.,0.));
#1252 = ORIENTED_EDGE('',*,*,#1185,.F.);
#1253 = B_SPLINE_SURFACE_WITH_KNOTS('',1,1,(
    (#1254,#1255)
    ,(#1256,#1257
    )),.UNSPECIFIED.,.F.,.F.,.F.,(2,2),(2,2),(0.,2.685),(0.,1.),
  .PIECEWISE_BEZIER_KNOTS.);
#1254 = CARTESIAN_POINT('',(0.775,1.3425,0.9));
#1255 = CARTESIAN_POINT('',(0.683648457443,1.296824228722,1.55));
#1256 = CARTESIAN_POINT('',(0.775,-1.3425,0.9));
#1257 = CARTESIAN_POINT('',(0.683648457443,-1.296824228722,1.55));
#1258 = ADVANCED_FACE('',(#1259),#1291,.F.);
#1259 = FACE_BOUND('',#1260,.F.);
#1260 = EDGE_LOOP('',(#1261,#1269,#1277,#1283,#1289,#1290));
#1261 = ORIENTED_EDGE('',*,*,#1262,.F.);
#1262 = EDGE_CURVE('',#1263,#525,#1265,.T.);
#1263 = VERTEX_POINT('',#1264);
#1264 = CARTESIAN_POINT('',(0.85,1.2,0.9));
#1265 = LINE('',#1266,#1267);
#1266 = CARTESIAN_POINT('',(0.85,1.2,0.9));
#1267 = VECTOR('',#1268,1.);
#1268 = DIRECTION('',(-1.,-1.110223024625E-16,0.));
#1269 = ORIENTED_EDGE('',*,*,#1270,.T.);
#1270 = EDGE_CURVE('',#1263,#1271,#1273,.T.);
#1271 = VERTEX_POINT('',#1272);
#1272 = CARTESIAN_POINT('',(0.85,0.7,0.9));
#1273 = LINE('',#1274,#1275);
#1274 = CARTESIAN_POINT('',(0.85,1.2,0.9));
#1275 = VECTOR('',#1276,1.);
#1276 = DIRECTION('',(1.110223024625E-16,-1.,0.));
#1277 = ORIENTED_EDGE('',*,*,#1278,.T.);
#1278 = EDGE_CURVE('',#1271,#869,#1279,.T.);
#1279 = LINE('',#1280,#1281);
#1280 = CARTESIAN_POINT('',(0.85,0.7,0.9));
#1281 = VECTOR('',#1282,1.);
#1282 = DIRECTION('',(-1.,-1.110223024625E-16,0.));
#1283 = ORIENTED_EDGE('',*,*,#1284,.T.);
#1284 = EDGE_CURVE('',#869,#1209,#1285,.T.);
#1285 = LINE('',#1286,#1287);
#1286 = CARTESIAN_POINT('',(0.85,0.7,0.9));
#1287 = VECTOR('',#1288,1.);
#1288 = DIRECTION('',(-1.,-1.110223024625E-16,0.));
#1289 = ORIENTED_EDGE('',*,*,#1208,.F.);
#1290 = ORIENTED_EDGE('',*,*,#532,.F.);
#1291 = PLANE('',#1292);
#1292 = AXIS2_PLACEMENT_3D('',#1293,#1294,#1295);
#1293 = CARTESIAN_POINT('',(0.85,1.2,0.9));
#1294 = DIRECTION('',(0.,0.,-1.));
#1295 = DIRECTION('',(-1.,-1.110223024625E-16,-0.));
#1296 = ADVANCED_FACE('',(#1297),#1340,.F.);
#1297 = FACE_BOUND('',#1298,.F.);
#1298 = EDGE_LOOP('',(#1299,#1305,#1306,#1307,#1308,#1309,#1310,#1316,
    #1317,#1325,#1333,#1339));
#1299 = ORIENTED_EDGE('',*,*,#1300,.F.);
#1300 = EDGE_CURVE('',#931,#1225,#1301,.T.);
#1301 = LINE('',#1302,#1303);
#1302 = CARTESIAN_POINT('',(0.85,-1.2,0.9));
#1303 = VECTOR('',#1304,1.);
#1304 = DIRECTION('',(-1.,-1.110223024625E-16,0.));
#1305 = ORIENTED_EDGE('',*,*,#946,.T.);
#1306 = ORIENTED_EDGE('',*,*,#991,.T.);
#1307 = ORIENTED_EDGE('',*,*,#1008,.T.);
#1308 = ORIENTED_EDGE('',*,*,#962,.T.);
#1309 = ORIENTED_EDGE('',*,*,#634,.T.);
#1310 = ORIENTED_EDGE('',*,*,#1311,.T.);
#1311 = EDGE_CURVE('',#627,#1071,#1312,.T.);
#1312 = LINE('',#1313,#1314);
#1313 = CARTESIAN_POINT('',(-0.85,-1.2,0.9));
#1314 = VECTOR('',#1315,1.);
#1315 = DIRECTION('',(1.,-1.144237745222E-17,0.));
#1316 = ORIENTED_EDGE('',*,*,#1068,.F.);
#1317 = ORIENTED_EDGE('',*,*,#1318,.F.);
#1318 = EDGE_CURVE('',#1319,#1069,#1321,.T.);
#1319 = VERTEX_POINT('',#1320);
#1320 = CARTESIAN_POINT('',(-0.6925,-1.425,0.9));
#1321 = LINE('',#1322,#1323);
#1322 = CARTESIAN_POINT('',(-0.6925,-1.425,0.9));
#1323 = VECTOR('',#1324,1.);
#1324 = DIRECTION('',(-0.707106781187,0.707106781187,0.));
#1325 = ORIENTED_EDGE('',*,*,#1326,.F.);
#1326 = EDGE_CURVE('',#1327,#1319,#1329,.T.);
#1327 = VERTEX_POINT('',#1328);
#1328 = CARTESIAN_POINT('',(0.6925,-1.425,0.9));
#1329 = LINE('',#1330,#1331);
#1330 = CARTESIAN_POINT('',(0.6925,-1.425,0.9));
#1331 = VECTOR('',#1332,1.);
#1332 = DIRECTION('',(-1.,-1.110223024625E-16,0.));
#1333 = ORIENTED_EDGE('',*,*,#1334,.F.);
#1334 = EDGE_CURVE('',#1233,#1327,#1335,.T.);
#1335 = LINE('',#1336,#1337);
#1336 = CARTESIAN_POINT('',(0.775,-1.3425,0.9));
#1337 = VECTOR('',#1338,1.);
#1338 = DIRECTION('',(-0.707106781187,-0.707106781187,0.));
#1339 = ORIENTED_EDGE('',*,*,#1232,.F.);
#1340 = PLANE('',#1341);
#1341 = AXIS2_PLACEMENT_3D('',#1342,#1343,#1344);
#1342 = CARTESIAN_POINT('',(-2.091417030376E-16,1.4375,0.9));
#1343 = DIRECTION('',(4.595758349624E-18,6.551522493592E-27,-1.));
#1344 = DIRECTION('',(1.,1.51922136901E-16,4.595758349624E-18));
#1345 = ADVANCED_FACE('',(#1346),#1432,.F.);
#1346 = FACE_BOUND('',#1347,.F.);
#1347 = EDGE_LOOP('',(#1348,#1349,#1350,#1359,#1367,#1376,#1384,#1392,
    #1400,#1409,#1417,#1426));
#1348 = ORIENTED_EDGE('',*,*,#626,.F.);
#1349 = ORIENTED_EDGE('',*,*,#648,.T.);
#1350 = ORIENTED_EDGE('',*,*,#1351,.T.);
#1351 = EDGE_CURVE('',#649,#1352,#1354,.T.);
#1352 = VERTEX_POINT('',#1353);
#1353 = CARTESIAN_POINT('',(-0.948480775301,-1.2,0.667364817767));
#1354 = CIRCLE('',#1355,0.1);
#1355 = AXIS2_PLACEMENT_3D('',#1356,#1357,#1358);
#1356 = CARTESIAN_POINT('',(-0.85,-1.2,0.65));
#1357 = DIRECTION('',(-1.144237745222E-17,-1.,0.));
#1358 = DIRECTION('',(0.,0.,1.));
#1359 = ORIENTED_EDGE('',*,*,#1360,.T.);
#1360 = EDGE_CURVE('',#1352,#1361,#1363,.T.);
#1361 = VERTEX_POINT('',#1362);
#1362 = CARTESIAN_POINT('',(-1.02432885403,-1.2,0.206587955583));
#1363 = LINE('',#1364,#1365);
#1364 = CARTESIAN_POINT('',(-0.948480775301,-1.2,0.667364817767));
#1365 = VECTOR('',#1366,1.);
#1366 = DIRECTION('',(-0.162423314012,1.858508865964E-18,-0.986721169868
    ));
#1367 = ORIENTED_EDGE('',*,*,#1368,.T.);
#1368 = EDGE_CURVE('',#1361,#1369,#1371,.T.);
#1369 = VERTEX_POINT('',#1370);
#1370 = CARTESIAN_POINT('',(-1.270530792283,-1.2,0.));
#1371 = CIRCLE('',#1372,0.25);
#1372 = AXIS2_PLACEMENT_3D('',#1373,#1374,#1375);
#1373 = CARTESIAN_POINT('',(-1.270530792283,-1.2,0.25));
#1374 = DIRECTION('',(1.144237745222E-17,1.,1.155557966632E-33));
#1375 = DIRECTION('',(0.984807753012,-1.126854202784E-17,-0.173648177667
    ));
#1376 = ORIENTED_EDGE('',*,*,#1377,.T.);
#1377 = EDGE_CURVE('',#1369,#1378,#1380,.T.);
#1378 = VERTEX_POINT('',#1379);
#1379 = CARTESIAN_POINT('',(-1.4,-1.2,0.));
#1380 = LINE('',#1381,#1382);
#1381 = CARTESIAN_POINT('',(-1.270530792283,-1.2,0.));
#1382 = VECTOR('',#1383,1.);
#1383 = DIRECTION('',(-1.,1.144237745222E-17,0.));
#1384 = ORIENTED_EDGE('',*,*,#1385,.T.);
#1385 = EDGE_CURVE('',#1378,#1386,#1388,.T.);
#1386 = VERTEX_POINT('',#1387);
#1387 = CARTESIAN_POINT('',(-1.4,-1.2,0.15));
#1388 = LINE('',#1389,#1390);
#1389 = CARTESIAN_POINT('',(-1.4,-1.2,0.));
#1390 = VECTOR('',#1391,1.);
#1391 = DIRECTION('',(0.,0.,1.));
#1392 = ORIENTED_EDGE('',*,*,#1393,.T.);
#1393 = EDGE_CURVE('',#1386,#1394,#1396,.T.);
#1394 = VERTEX_POINT('',#1395);
#1395 = CARTESIAN_POINT('',(-1.270530792283,-1.2,0.15));
#1396 = LINE('',#1397,#1398);
#1397 = CARTESIAN_POINT('',(-1.4,-1.2,0.15));
#1398 = VECTOR('',#1399,1.);
#1399 = DIRECTION('',(1.,-1.144237745222E-17,0.));
#1400 = ORIENTED_EDGE('',*,*,#1401,.T.);
#1401 = EDGE_CURVE('',#1394,#1402,#1404,.T.);
#1402 = VERTEX_POINT('',#1403);
#1403 = CARTESIAN_POINT('',(-1.172050016982,-1.2,0.232635182233));
#1404 = CIRCLE('',#1405,0.1);
#1405 = AXIS2_PLACEMENT_3D('',#1406,#1407,#1408);
#1406 = CARTESIAN_POINT('',(-1.270530792283,-1.2,0.25));
#1407 = DIRECTION('',(-1.144237745222E-17,-1.,0.));
#1408 = DIRECTION('',(-2.22044604925E-15,2.540718180781E-32,-1.));
#1409 = ORIENTED_EDGE('',*,*,#1410,.T.);
#1410 = EDGE_CURVE('',#1402,#1411,#1413,.T.);
#1411 = VERTEX_POINT('',#1412);
#1412 = CARTESIAN_POINT('',(-1.096201938253,-1.2,0.693412044417));
#1413 = LINE('',#1414,#1415);
#1414 = CARTESIAN_POINT('',(-1.172050016982,-1.2,0.232635182233));
#1415 = VECTOR('',#1416,1.);
#1416 = DIRECTION('',(0.162423314012,-1.858508865964E-18,0.986721169868)
  );
#1417 = ORIENTED_EDGE('',*,*,#1418,.T.);
#1418 = EDGE_CURVE('',#1411,#1419,#1421,.T.);
#1419 = VERTEX_POINT('',#1420);
#1420 = CARTESIAN_POINT('',(-0.85,-1.2,0.9));
#1421 = CIRCLE('',#1422,0.25);
#1422 = AXIS2_PLACEMENT_3D('',#1423,#1424,#1425);
#1423 = CARTESIAN_POINT('',(-0.85,-1.2,0.65));
#1424 = DIRECTION('',(1.144237745222E-17,1.,7.703719777549E-34));
#1425 = DIRECTION('',(-0.984807753012,1.126854202784E-17,0.173648177667)
  );
#1426 = ORIENTED_EDGE('',*,*,#1427,.T.);
#1427 = EDGE_CURVE('',#1419,#627,#1428,.T.);
#1428 = LINE('',#1429,#1430);
#1429 = CARTESIAN_POINT('',(-0.85,-1.2,0.9));
#1430 = VECTOR('',#1431,1.);
#1431 = DIRECTION('',(1.,-1.144237745222E-17,0.));
#1432 = PLANE('',#1433);
#1433 = AXIS2_PLACEMENT_3D('',#1434,#1435,#1436);
#1434 = CARTESIAN_POINT('',(-1.069123385139,-1.2,0.441695635315));
#1435 = DIRECTION('',(1.144237745222E-17,1.,0.));
#1436 = DIRECTION('',(0.,-0.,1.));
#1437 = ADVANCED_FACE('',(#1438),#1457,.F.);
#1438 = FACE_BOUND('',#1439,.F.);
#1439 = EDGE_LOOP('',(#1440,#1441,#1450,#1456));
#1440 = ORIENTED_EDGE('',*,*,#665,.T.);
#1441 = ORIENTED_EDGE('',*,*,#1442,.T.);
#1442 = EDGE_CURVE('',#658,#1443,#1445,.T.);
#1443 = VERTEX_POINT('',#1444);
#1444 = CARTESIAN_POINT('',(-0.948480775301,-0.7,0.667364817767));
#1445 = CIRCLE('',#1446,0.1);
#1446 = AXIS2_PLACEMENT_3D('',#1447,#1448,#1449);
#1447 = CARTESIAN_POINT('',(-0.85,-0.7,0.65));
#1448 = DIRECTION('',(-1.144237745222E-17,-1.,0.));
#1449 = DIRECTION('',(0.,0.,1.));
#1450 = ORIENTED_EDGE('',*,*,#1451,.F.);
#1451 = EDGE_CURVE('',#1352,#1443,#1452,.T.);
#1452 = LINE('',#1453,#1454);
#1453 = CARTESIAN_POINT('',(-0.948480775301,-1.2,0.667364817767));
#1454 = VECTOR('',#1455,1.);
#1455 = DIRECTION('',(1.144237745222E-17,1.,0.));
#1456 = ORIENTED_EDGE('',*,*,#1351,.F.);
#1457 = CYLINDRICAL_SURFACE('',#1458,0.1);
#1458 = AXIS2_PLACEMENT_3D('',#1459,#1460,#1461);
#1459 = CARTESIAN_POINT('',(-0.85,-1.2,0.65));
#1460 = DIRECTION('',(-1.144237745222E-17,-1.,0.));
#1461 = DIRECTION('',(0.,0.,1.));
#1462 = ADVANCED_FACE('',(#1463),#1541,.T.);
#1463 = FACE_BOUND('',#1464,.T.);
#1464 = EDGE_LOOP('',(#1465,#1466,#1467,#1468,#1476,#1485,#1493,#1501,
    #1509,#1518,#1526,#1535));
#1465 = ORIENTED_EDGE('',*,*,#679,.F.);
#1466 = ORIENTED_EDGE('',*,*,#657,.T.);
#1467 = ORIENTED_EDGE('',*,*,#1442,.T.);
#1468 = ORIENTED_EDGE('',*,*,#1469,.T.);
#1469 = EDGE_CURVE('',#1443,#1470,#1472,.T.);
#1470 = VERTEX_POINT('',#1471);
#1471 = CARTESIAN_POINT('',(-1.02432885403,-0.7,0.206587955583));
#1472 = LINE('',#1473,#1474);
#1473 = CARTESIAN_POINT('',(-0.948480775301,-0.7,0.667364817767));
#1474 = VECTOR('',#1475,1.);
#1475 = DIRECTION('',(-0.162423314012,1.858508865964E-18,-0.986721169868
    ));
#1476 = ORIENTED_EDGE('',*,*,#1477,.T.);
#1477 = EDGE_CURVE('',#1470,#1478,#1480,.T.);
#1478 = VERTEX_POINT('',#1479);
#1479 = CARTESIAN_POINT('',(-1.270530792283,-0.7,0.));
#1480 = CIRCLE('',#1481,0.25);
#1481 = AXIS2_PLACEMENT_3D('',#1482,#1483,#1484);
#1482 = CARTESIAN_POINT('',(-1.270530792283,-0.7,0.25));
#1483 = DIRECTION('',(1.144237745222E-17,1.,1.155557966632E-33));
#1484 = DIRECTION('',(0.984807753012,-1.126854202784E-17,-0.173648177667
    ));
#1485 = ORIENTED_EDGE('',*,*,#1486,.T.);
#1486 = EDGE_CURVE('',#1478,#1487,#1489,.T.);
#1487 = VERTEX_POINT('',#1488);
#1488 = CARTESIAN_POINT('',(-1.4,-0.7,0.));
#1489 = LINE('',#1490,#1491);
#1490 = CARTESIAN_POINT('',(-1.270530792283,-0.7,0.));
#1491 = VECTOR('',#1492,1.);
#1492 = DIRECTION('',(-1.,1.144237745222E-17,0.));
#1493 = ORIENTED_EDGE('',*,*,#1494,.T.);
#1494 = EDGE_CURVE('',#1487,#1495,#1497,.T.);
#1495 = VERTEX_POINT('',#1496);
#1496 = CARTESIAN_POINT('',(-1.4,-0.7,0.15));
#1497 = LINE('',#1498,#1499);
#1498 = CARTESIAN_POINT('',(-1.4,-0.7,0.));
#1499 = VECTOR('',#1500,1.);
#1500 = DIRECTION('',(0.,0.,1.));
#1501 = ORIENTED_EDGE('',*,*,#1502,.T.);
#1502 = EDGE_CURVE('',#1495,#1503,#1505,.T.);
#1503 = VERTEX_POINT('',#1504);
#1504 = CARTESIAN_POINT('',(-1.270530792283,-0.7,0.15));
#1505 = LINE('',#1506,#1507);
#1506 = CARTESIAN_POINT('',(-1.4,-0.7,0.15));
#1507 = VECTOR('',#1508,1.);
#1508 = DIRECTION('',(1.,-1.144237745222E-17,0.));
#1509 = ORIENTED_EDGE('',*,*,#1510,.T.);
#1510 = EDGE_CURVE('',#1503,#1511,#1513,.T.);
#1511 = VERTEX_POINT('',#1512);
#1512 = CARTESIAN_POINT('',(-1.172050016982,-0.7,0.232635182233));
#1513 = CIRCLE('',#1514,0.1);
#1514 = AXIS2_PLACEMENT_3D('',#1515,#1516,#1517);
#1515 = CARTESIAN_POINT('',(-1.270530792283,-0.7,0.25));
#1516 = DIRECTION('',(-1.144237745222E-17,-1.,0.));
#1517 = DIRECTION('',(-2.22044604925E-15,2.540718180781E-32,-1.));
#1518 = ORIENTED_EDGE('',*,*,#1519,.T.);
#1519 = EDGE_CURVE('',#1511,#1520,#1522,.T.);
#1520 = VERTEX_POINT('',#1521);
#1521 = CARTESIAN_POINT('',(-1.096201938253,-0.7,0.693412044417));
#1522 = LINE('',#1523,#1524);
#1523 = CARTESIAN_POINT('',(-1.172050016982,-0.7,0.232635182233));
#1524 = VECTOR('',#1525,1.);
#1525 = DIRECTION('',(0.162423314012,-1.858508865964E-18,0.986721169868)
  );
#1526 = ORIENTED_EDGE('',*,*,#1527,.T.);
#1527 = EDGE_CURVE('',#1520,#1528,#1530,.T.);
#1528 = VERTEX_POINT('',#1529);
#1529 = CARTESIAN_POINT('',(-0.85,-0.7,0.9));
#1530 = CIRCLE('',#1531,0.25);
#1531 = AXIS2_PLACEMENT_3D('',#1532,#1533,#1534);
#1532 = CARTESIAN_POINT('',(-0.85,-0.7,0.65));
#1533 = DIRECTION('',(1.144237745222E-17,1.,7.703719777549E-34));
#1534 = DIRECTION('',(-0.984807753012,1.126854202784E-17,0.173648177667)
  );
#1535 = ORIENTED_EDGE('',*,*,#1536,.T.);
#1536 = EDGE_CURVE('',#1528,#680,#1537,.T.);
#1537 = LINE('',#1538,#1539);
#1538 = CARTESIAN_POINT('',(-0.85,-0.7,0.9));
#1539 = VECTOR('',#1540,1.);
#1540 = DIRECTION('',(1.,-1.144237745222E-17,0.));
#1541 = PLANE('',#1542);
#1542 = AXIS2_PLACEMENT_3D('',#1543,#1544,#1545);
#1543 = CARTESIAN_POINT('',(-1.069123385139,-0.7,0.441695635315));
#1544 = DIRECTION('',(1.144237745222E-17,1.,0.));
#1545 = DIRECTION('',(0.,-0.,1.));
#1546 = ADVANCED_FACE('',(#1547),#1563,.F.);
#1547 = FACE_BOUND('',#1548,.F.);
#1548 = EDGE_LOOP('',(#1549,#1550,#1556,#1557));
#1549 = ORIENTED_EDGE('',*,*,#696,.T.);
#1550 = ORIENTED_EDGE('',*,*,#1551,.T.);
#1551 = EDGE_CURVE('',#689,#1087,#1552,.T.);
#1552 = LINE('',#1553,#1554);
#1553 = CARTESIAN_POINT('',(-0.85,-0.25,0.9));
#1554 = VECTOR('',#1555,1.);
#1555 = DIRECTION('',(1.,-1.144237745222E-17,0.));
#1556 = ORIENTED_EDGE('',*,*,#1086,.F.);
#1557 = ORIENTED_EDGE('',*,*,#1558,.F.);
#1558 = EDGE_CURVE('',#680,#1079,#1559,.T.);
#1559 = LINE('',#1560,#1561);
#1560 = CARTESIAN_POINT('',(-0.85,-0.7,0.9));
#1561 = VECTOR('',#1562,1.);
#1562 = DIRECTION('',(1.,-1.144237745222E-17,0.));
#1563 = PLANE('',#1564);
#1564 = AXIS2_PLACEMENT_3D('',#1565,#1566,#1567);
#1565 = CARTESIAN_POINT('',(-2.091417030376E-16,1.4375,0.9));
#1566 = DIRECTION('',(4.595758349624E-18,6.551522493592E-27,-1.));
#1567 = DIRECTION('',(1.,1.51922136901E-16,4.595758349624E-18));
#1568 = ADVANCED_FACE('',(#1569),#1655,.F.);
#1569 = FACE_BOUND('',#1570,.F.);
#1570 = EDGE_LOOP('',(#1571,#1572,#1573,#1582,#1590,#1599,#1607,#1615,
    #1623,#1632,#1640,#1649));
#1571 = ORIENTED_EDGE('',*,*,#688,.F.);
#1572 = ORIENTED_EDGE('',*,*,#710,.T.);
#1573 = ORIENTED_EDGE('',*,*,#1574,.T.);
#1574 = EDGE_CURVE('',#711,#1575,#1577,.T.);
#1575 = VERTEX_POINT('',#1576);
#1576 = CARTESIAN_POINT('',(-0.948480775301,-0.25,0.667364817767));
#1577 = CIRCLE('',#1578,0.1);
#1578 = AXIS2_PLACEMENT_3D('',#1579,#1580,#1581);
#1579 = CARTESIAN_POINT('',(-0.85,-0.25,0.65));
#1580 = DIRECTION('',(-1.144237745222E-17,-1.,0.));
#1581 = DIRECTION('',(0.,0.,1.));
#1582 = ORIENTED_EDGE('',*,*,#1583,.T.);
#1583 = EDGE_CURVE('',#1575,#1584,#1586,.T.);
#1584 = VERTEX_POINT('',#1585);
#1585 = CARTESIAN_POINT('',(-1.02432885403,-0.25,0.206587955583));
#1586 = LINE('',#1587,#1588);
#1587 = CARTESIAN_POINT('',(-0.948480775301,-0.25,0.667364817767));
#1588 = VECTOR('',#1589,1.);
#1589 = DIRECTION('',(-0.162423314012,1.858508865964E-18,-0.986721169868
    ));
#1590 = ORIENTED_EDGE('',*,*,#1591,.T.);
#1591 = EDGE_CURVE('',#1584,#1592,#1594,.T.);
#1592 = VERTEX_POINT('',#1593);
#1593 = CARTESIAN_POINT('',(-1.270530792283,-0.25,0.));
#1594 = CIRCLE('',#1595,0.25);
#1595 = AXIS2_PLACEMENT_3D('',#1596,#1597,#1598);
#1596 = CARTESIAN_POINT('',(-1.270530792283,-0.25,0.25));
#1597 = DIRECTION('',(1.144237745222E-17,1.,1.155557966632E-33));
#1598 = DIRECTION('',(0.984807753012,-1.126854202784E-17,-0.173648177667
    ));
#1599 = ORIENTED_EDGE('',*,*,#1600,.T.);
#1600 = EDGE_CURVE('',#1592,#1601,#1603,.T.);
#1601 = VERTEX_POINT('',#1602);
#1602 = CARTESIAN_POINT('',(-1.4,-0.25,0.));
#1603 = LINE('',#1604,#1605);
#1604 = CARTESIAN_POINT('',(-1.270530792283,-0.25,0.));
#1605 = VECTOR('',#1606,1.);
#1606 = DIRECTION('',(-1.,1.144237745222E-17,0.));
#1607 = ORIENTED_EDGE('',*,*,#1608,.T.);
#1608 = EDGE_CURVE('',#1601,#1609,#1611,.T.);
#1609 = VERTEX_POINT('',#1610);
#1610 = CARTESIAN_POINT('',(-1.4,-0.25,0.15));
#1611 = LINE('',#1612,#1613);
#1612 = CARTESIAN_POINT('',(-1.4,-0.25,0.));
#1613 = VECTOR('',#1614,1.);
#1614 = DIRECTION('',(0.,0.,1.));
#1615 = ORIENTED_EDGE('',*,*,#1616,.T.);
#1616 = EDGE_CURVE('',#1609,#1617,#1619,.T.);
#1617 = VERTEX_POINT('',#1618);
#1618 = CARTESIAN_POINT('',(-1.270530792283,-0.25,0.15));
#1619 = LINE('',#1620,#1621);
#1620 = CARTESIAN_POINT('',(-1.4,-0.25,0.15));
#1621 = VECTOR('',#1622,1.);
#1622 = DIRECTION('',(1.,-1.144237745222E-17,0.));
#1623 = ORIENTED_EDGE('',*,*,#1624,.T.);
#1624 = EDGE_CURVE('',#1617,#1625,#1627,.T.);
#1625 = VERTEX_POINT('',#1626);
#1626 = CARTESIAN_POINT('',(-1.172050016982,-0.25,0.232635182233));
#1627 = CIRCLE('',#1628,0.1);
#1628 = AXIS2_PLACEMENT_3D('',#1629,#1630,#1631);
#1629 = CARTESIAN_POINT('',(-1.270530792283,-0.25,0.25));
#1630 = DIRECTION('',(-1.144237745222E-17,-1.,0.));
#1631 = DIRECTION('',(-2.22044604925E-15,2.540718180781E-32,-1.));
#1632 = ORIENTED_EDGE('',*,*,#1633,.T.);
#1633 = EDGE_CURVE('',#1625,#1634,#1636,.T.);
#1634 = VERTEX_POINT('',#1635);
#1635 = CARTESIAN_POINT('',(-1.096201938253,-0.25,0.693412044417));
#1636 = LINE('',#1637,#1638);
#1637 = CARTESIAN_POINT('',(-1.172050016982,-0.25,0.232635182233));
#1638 = VECTOR('',#1639,1.);
#1639 = DIRECTION('',(0.162423314012,-1.858508865964E-18,0.986721169868)
  );
#1640 = ORIENTED_EDGE('',*,*,#1641,.T.);
#1641 = EDGE_CURVE('',#1634,#1642,#1644,.T.);
#1642 = VERTEX_POINT('',#1643);
#1643 = CARTESIAN_POINT('',(-0.85,-0.25,0.9));
#1644 = CIRCLE('',#1645,0.25);
#1645 = AXIS2_PLACEMENT_3D('',#1646,#1647,#1648);
#1646 = CARTESIAN_POINT('',(-0.85,-0.25,0.65));
#1647 = DIRECTION('',(1.144237745222E-17,1.,7.703719777549E-34));
#1648 = DIRECTION('',(-0.984807753012,1.126854202784E-17,0.173648177667)
  );
#1649 = ORIENTED_EDGE('',*,*,#1650,.T.);
#1650 = EDGE_CURVE('',#1642,#689,#1651,.T.);
#1651 = LINE('',#1652,#1653);
#1652 = CARTESIAN_POINT('',(-0.85,-0.25,0.9));
#1653 = VECTOR('',#1654,1.);
#1654 = DIRECTION('',(1.,-1.144237745222E-17,0.));
#1655 = PLANE('',#1656);
#1656 = AXIS2_PLACEMENT_3D('',#1657,#1658,#1659);
#1657 = CARTESIAN_POINT('',(-1.069123385139,-0.25,0.441695635315));
#1658 = DIRECTION('',(1.144237745222E-17,1.,0.));
#1659 = DIRECTION('',(0.,-0.,1.));
#1660 = ADVANCED_FACE('',(#1661),#1680,.F.);
#1661 = FACE_BOUND('',#1662,.F.);
#1662 = EDGE_LOOP('',(#1663,#1664,#1673,#1679));
#1663 = ORIENTED_EDGE('',*,*,#727,.T.);
#1664 = ORIENTED_EDGE('',*,*,#1665,.T.);
#1665 = EDGE_CURVE('',#720,#1666,#1668,.T.);
#1666 = VERTEX_POINT('',#1667);
#1667 = CARTESIAN_POINT('',(-0.948480775301,0.25,0.667364817767));
#1668 = CIRCLE('',#1669,0.1);
#1669 = AXIS2_PLACEMENT_3D('',#1670,#1671,#1672);
#1670 = CARTESIAN_POINT('',(-0.85,0.25,0.65));
#1671 = DIRECTION('',(-1.144237745222E-17,-1.,0.));
#1672 = DIRECTION('',(0.,0.,1.));
#1673 = ORIENTED_EDGE('',*,*,#1674,.F.);
#1674 = EDGE_CURVE('',#1575,#1666,#1675,.T.);
#1675 = LINE('',#1676,#1677);
#1676 = CARTESIAN_POINT('',(-0.948480775301,-0.25,0.667364817767));
#1677 = VECTOR('',#1678,1.);
#1678 = DIRECTION('',(1.144237745222E-17,1.,0.));
#1679 = ORIENTED_EDGE('',*,*,#1574,.F.);
#1680 = CYLINDRICAL_SURFACE('',#1681,0.1);
#1681 = AXIS2_PLACEMENT_3D('',#1682,#1683,#1684);
#1682 = CARTESIAN_POINT('',(-0.85,-0.25,0.65));
#1683 = DIRECTION('',(-1.144237745222E-17,-1.,0.));
#1684 = DIRECTION('',(0.,0.,1.));
#1685 = ADVANCED_FACE('',(#1686),#1764,.T.);
#1686 = FACE_BOUND('',#1687,.T.);
#1687 = EDGE_LOOP('',(#1688,#1689,#1690,#1691,#1699,#1708,#1716,#1724,
    #1732,#1741,#1749,#1758));
#1688 = ORIENTED_EDGE('',*,*,#741,.F.);
#1689 = ORIENTED_EDGE('',*,*,#719,.T.);
#1690 = ORIENTED_EDGE('',*,*,#1665,.T.);
#1691 = ORIENTED_EDGE('',*,*,#1692,.T.);
#1692 = EDGE_CURVE('',#1666,#1693,#1695,.T.);
#1693 = VERTEX_POINT('',#1694);
#1694 = CARTESIAN_POINT('',(-1.02432885403,0.25,0.206587955583));
#1695 = LINE('',#1696,#1697);
#1696 = CARTESIAN_POINT('',(-0.948480775301,0.25,0.667364817767));
#1697 = VECTOR('',#1698,1.);
#1698 = DIRECTION('',(-0.162423314012,1.858508865964E-18,-0.986721169868
    ));
#1699 = ORIENTED_EDGE('',*,*,#1700,.T.);
#1700 = EDGE_CURVE('',#1693,#1701,#1703,.T.);
#1701 = VERTEX_POINT('',#1702);
#1702 = CARTESIAN_POINT('',(-1.270530792283,0.25,0.));
#1703 = CIRCLE('',#1704,0.25);
#1704 = AXIS2_PLACEMENT_3D('',#1705,#1706,#1707);
#1705 = CARTESIAN_POINT('',(-1.270530792283,0.25,0.25));
#1706 = DIRECTION('',(1.144237745222E-17,1.,1.155557966632E-33));
#1707 = DIRECTION('',(0.984807753012,-1.126854202784E-17,-0.173648177667
    ));
#1708 = ORIENTED_EDGE('',*,*,#1709,.T.);
#1709 = EDGE_CURVE('',#1701,#1710,#1712,.T.);
#1710 = VERTEX_POINT('',#1711);
#1711 = CARTESIAN_POINT('',(-1.4,0.25,0.));
#1712 = LINE('',#1713,#1714);
#1713 = CARTESIAN_POINT('',(-1.270530792283,0.25,0.));
#1714 = VECTOR('',#1715,1.);
#1715 = DIRECTION('',(-1.,1.144237745222E-17,0.));
#1716 = ORIENTED_EDGE('',*,*,#1717,.T.);
#1717 = EDGE_CURVE('',#1710,#1718,#1720,.T.);
#1718 = VERTEX_POINT('',#1719);
#1719 = CARTESIAN_POINT('',(-1.4,0.25,0.15));
#1720 = LINE('',#1721,#1722);
#1721 = CARTESIAN_POINT('',(-1.4,0.25,0.));
#1722 = VECTOR('',#1723,1.);
#1723 = DIRECTION('',(0.,0.,1.));
#1724 = ORIENTED_EDGE('',*,*,#1725,.T.);
#1725 = EDGE_CURVE('',#1718,#1726,#1728,.T.);
#1726 = VERTEX_POINT('',#1727);
#1727 = CARTESIAN_POINT('',(-1.270530792283,0.25,0.15));
#1728 = LINE('',#1729,#1730);
#1729 = CARTESIAN_POINT('',(-1.4,0.25,0.15));
#1730 = VECTOR('',#1731,1.);
#1731 = DIRECTION('',(1.,-1.144237745222E-17,0.));
#1732 = ORIENTED_EDGE('',*,*,#1733,.T.);
#1733 = EDGE_CURVE('',#1726,#1734,#1736,.T.);
#1734 = VERTEX_POINT('',#1735);
#1735 = CARTESIAN_POINT('',(-1.172050016982,0.25,0.232635182233));
#1736 = CIRCLE('',#1737,0.1);
#1737 = AXIS2_PLACEMENT_3D('',#1738,#1739,#1740);
#1738 = CARTESIAN_POINT('',(-1.270530792283,0.25,0.25));
#1739 = DIRECTION('',(-1.144237745222E-17,-1.,0.));
#1740 = DIRECTION('',(-2.22044604925E-15,2.540718180781E-32,-1.));
#1741 = ORIENTED_EDGE('',*,*,#1742,.T.);
#1742 = EDGE_CURVE('',#1734,#1743,#1745,.T.);
#1743 = VERTEX_POINT('',#1744);
#1744 = CARTESIAN_POINT('',(-1.096201938253,0.25,0.693412044417));
#1745 = LINE('',#1746,#1747);
#1746 = CARTESIAN_POINT('',(-1.172050016982,0.25,0.232635182233));
#1747 = VECTOR('',#1748,1.);
#1748 = DIRECTION('',(0.162423314012,-1.858508865964E-18,0.986721169868)
  );
#1749 = ORIENTED_EDGE('',*,*,#1750,.T.);
#1750 = EDGE_CURVE('',#1743,#1751,#1753,.T.);
#1751 = VERTEX_POINT('',#1752);
#1752 = CARTESIAN_POINT('',(-0.85,0.25,0.9));
#1753 = CIRCLE('',#1754,0.25);
#1754 = AXIS2_PLACEMENT_3D('',#1755,#1756,#1757);
#1755 = CARTESIAN_POINT('',(-0.85,0.25,0.65));
#1756 = DIRECTION('',(1.144237745222E-17,1.,7.703719777549E-34));
#1757 = DIRECTION('',(-0.984807753012,1.126854202784E-17,0.173648177667)
  );
#1758 = ORIENTED_EDGE('',*,*,#1759,.T.);
#1759 = EDGE_CURVE('',#1751,#742,#1760,.T.);
#1760 = LINE('',#1761,#1762);
#1761 = CARTESIAN_POINT('',(-0.85,0.25,0.9));
#1762 = VECTOR('',#1763,1.);
#1763 = DIRECTION('',(1.,-1.144237745222E-17,0.));
#1764 = PLANE('',#1765);
#1765 = AXIS2_PLACEMENT_3D('',#1766,#1767,#1768);
#1766 = CARTESIAN_POINT('',(-1.069123385139,0.25,0.441695635315));
#1767 = DIRECTION('',(1.144237745222E-17,1.,0.));
#1768 = DIRECTION('',(0.,-0.,1.));
#1769 = ADVANCED_FACE('',(#1770),#1781,.F.);
#1770 = FACE_BOUND('',#1771,.F.);
#1771 = EDGE_LOOP('',(#1772,#1773,#1774,#1775));
#1772 = ORIENTED_EDGE('',*,*,#758,.T.);
#1773 = ORIENTED_EDGE('',*,*,#1054,.T.);
#1774 = ORIENTED_EDGE('',*,*,#1102,.F.);
#1775 = ORIENTED_EDGE('',*,*,#1776,.F.);
#1776 = EDGE_CURVE('',#742,#1095,#1777,.T.);
#1777 = LINE('',#1778,#1779);
#1778 = CARTESIAN_POINT('',(-0.85,0.25,0.9));
#1779 = VECTOR('',#1780,1.);
#1780 = DIRECTION('',(1.,-1.144237745222E-17,0.));
#1781 = PLANE('',#1782);
#1782 = AXIS2_PLACEMENT_3D('',#1783,#1784,#1785);
#1783 = CARTESIAN_POINT('',(-2.091417030376E-16,1.4375,0.9));
#1784 = DIRECTION('',(4.595758349624E-18,6.551522493592E-27,-1.));
#1785 = DIRECTION('',(1.,1.51922136901E-16,4.595758349624E-18));
#1786 = ADVANCED_FACE('',(#1787),#1866,.F.);
#1787 = FACE_BOUND('',#1788,.F.);
#1788 = EDGE_LOOP('',(#1789,#1790,#1791,#1800,#1808,#1817,#1825,#1833,
    #1841,#1850,#1858,#1865));
#1789 = ORIENTED_EDGE('',*,*,#750,.F.);
#1790 = ORIENTED_EDGE('',*,*,#772,.T.);
#1791 = ORIENTED_EDGE('',*,*,#1792,.T.);
#1792 = EDGE_CURVE('',#773,#1793,#1795,.T.);
#1793 = VERTEX_POINT('',#1794);
#1794 = CARTESIAN_POINT('',(-0.948480775301,0.7,0.667364817767));
#1795 = CIRCLE('',#1796,0.1);
#1796 = AXIS2_PLACEMENT_3D('',#1797,#1798,#1799);
#1797 = CARTESIAN_POINT('',(-0.85,0.7,0.65));
#1798 = DIRECTION('',(-1.144237745222E-17,-1.,0.));
#1799 = DIRECTION('',(0.,0.,1.));
#1800 = ORIENTED_EDGE('',*,*,#1801,.T.);
#1801 = EDGE_CURVE('',#1793,#1802,#1804,.T.);
#1802 = VERTEX_POINT('',#1803);
#1803 = CARTESIAN_POINT('',(-1.02432885403,0.7,0.206587955583));
#1804 = LINE('',#1805,#1806);
#1805 = CARTESIAN_POINT('',(-0.948480775301,0.7,0.667364817767));
#1806 = VECTOR('',#1807,1.);
#1807 = DIRECTION('',(-0.162423314012,1.858508865964E-18,-0.986721169868
    ));
#1808 = ORIENTED_EDGE('',*,*,#1809,.T.);
#1809 = EDGE_CURVE('',#1802,#1810,#1812,.T.);
#1810 = VERTEX_POINT('',#1811);
#1811 = CARTESIAN_POINT('',(-1.270530792283,0.7,0.));
#1812 = CIRCLE('',#1813,0.25);
#1813 = AXIS2_PLACEMENT_3D('',#1814,#1815,#1816);
#1814 = CARTESIAN_POINT('',(-1.270530792283,0.7,0.25));
#1815 = DIRECTION('',(1.144237745222E-17,1.,1.155557966632E-33));
#1816 = DIRECTION('',(0.984807753012,-1.126854202784E-17,-0.173648177667
    ));
#1817 = ORIENTED_EDGE('',*,*,#1818,.T.);
#1818 = EDGE_CURVE('',#1810,#1819,#1821,.T.);
#1819 = VERTEX_POINT('',#1820);
#1820 = CARTESIAN_POINT('',(-1.4,0.7,0.));
#1821 = LINE('',#1822,#1823);
#1822 = CARTESIAN_POINT('',(-1.270530792283,0.7,0.));
#1823 = VECTOR('',#1824,1.);
#1824 = DIRECTION('',(-1.,1.144237745222E-17,0.));
#1825 = ORIENTED_EDGE('',*,*,#1826,.T.);
#1826 = EDGE_CURVE('',#1819,#1827,#1829,.T.);
#1827 = VERTEX_POINT('',#1828);
#1828 = CARTESIAN_POINT('',(-1.4,0.7,0.15));
#1829 = LINE('',#1830,#1831);
#1830 = CARTESIAN_POINT('',(-1.4,0.7,0.));
#1831 = VECTOR('',#1832,1.);
#1832 = DIRECTION('',(0.,0.,1.));
#1833 = ORIENTED_EDGE('',*,*,#1834,.T.);
#1834 = EDGE_CURVE('',#1827,#1835,#1837,.T.);
#1835 = VERTEX_POINT('',#1836);
#1836 = CARTESIAN_POINT('',(-1.270530792283,0.7,0.15));
#1837 = LINE('',#1838,#1839);
#1838 = CARTESIAN_POINT('',(-1.4,0.7,0.15));
#1839 = VECTOR('',#1840,1.);
#1840 = DIRECTION('',(1.,-1.144237745222E-17,0.));
#1841 = ORIENTED_EDGE('',*,*,#1842,.T.);
#1842 = EDGE_CURVE('',#1835,#1843,#1845,.T.);
#1843 = VERTEX_POINT('',#1844);
#1844 = CARTESIAN_POINT('',(-1.172050016982,0.7,0.232635182233));
#1845 = CIRCLE('',#1846,0.1);
#1846 = AXIS2_PLACEMENT_3D('',#1847,#1848,#1849);
#1847 = CARTESIAN_POINT('',(-1.270530792283,0.7,0.25));
#1848 = DIRECTION('',(-1.144237745222E-17,-1.,0.));
#1849 = DIRECTION('',(-2.22044604925E-15,2.540718180781E-32,-1.));
#1850 = ORIENTED_EDGE('',*,*,#1851,.T.);
#1851 = EDGE_CURVE('',#1843,#1852,#1854,.T.);
#1852 = VERTEX_POINT('',#1853);
#1853 = CARTESIAN_POINT('',(-1.096201938253,0.7,0.693412044417));
#1854 = LINE('',#1855,#1856);
#1855 = CARTESIAN_POINT('',(-1.172050016982,0.7,0.232635182233));
#1856 = VECTOR('',#1857,1.);
#1857 = DIRECTION('',(0.162423314012,-1.858508865964E-18,0.986721169868)
  );
#1858 = ORIENTED_EDGE('',*,*,#1859,.T.);
#1859 = EDGE_CURVE('',#1852,#1024,#1860,.T.);
#1860 = CIRCLE('',#1861,0.25);
#1861 = AXIS2_PLACEMENT_3D('',#1862,#1863,#1864);
#1862 = CARTESIAN_POINT('',(-0.85,0.7,0.65));
#1863 = DIRECTION('',(1.144237745222E-17,1.,7.703719777549E-34));
#1864 = DIRECTION('',(-0.984807753012,1.126854202784E-17,0.173648177667)
  );
#1865 = ORIENTED_EDGE('',*,*,#1023,.T.);
#1866 = PLANE('',#1867);
#1867 = AXIS2_PLACEMENT_3D('',#1868,#1869,#1870);
#1868 = CARTESIAN_POINT('',(-1.069123385139,0.7,0.441695635315));
#1869 = DIRECTION('',(1.144237745222E-17,1.,0.));
#1870 = DIRECTION('',(0.,-0.,1.));
#1871 = ADVANCED_FACE('',(#1872),#1891,.F.);
#1872 = FACE_BOUND('',#1873,.F.);
#1873 = EDGE_LOOP('',(#1874,#1875,#1884,#1890));
#1874 = ORIENTED_EDGE('',*,*,#789,.T.);
#1875 = ORIENTED_EDGE('',*,*,#1876,.T.);
#1876 = EDGE_CURVE('',#782,#1877,#1879,.T.);
#1877 = VERTEX_POINT('',#1878);
#1878 = CARTESIAN_POINT('',(-0.948480775301,1.2,0.667364817767));
#1879 = CIRCLE('',#1880,0.1);
#1880 = AXIS2_PLACEMENT_3D('',#1881,#1882,#1883);
#1881 = CARTESIAN_POINT('',(-0.85,1.2,0.65));
#1882 = DIRECTION('',(-1.144237745222E-17,-1.,0.));
#1883 = DIRECTION('',(0.,0.,1.));
#1884 = ORIENTED_EDGE('',*,*,#1885,.F.);
#1885 = EDGE_CURVE('',#1793,#1877,#1886,.T.);
#1886 = LINE('',#1887,#1888);
#1887 = CARTESIAN_POINT('',(-0.948480775301,0.7,0.667364817767));
#1888 = VECTOR('',#1889,1.);
#1889 = DIRECTION('',(1.144237745222E-17,1.,0.));
#1890 = ORIENTED_EDGE('',*,*,#1792,.F.);
#1891 = CYLINDRICAL_SURFACE('',#1892,0.1);
#1892 = AXIS2_PLACEMENT_3D('',#1893,#1894,#1895);
#1893 = CARTESIAN_POINT('',(-0.85,0.7,0.65));
#1894 = DIRECTION('',(-1.144237745222E-17,-1.,0.));
#1895 = DIRECTION('',(0.,0.,1.));
#1896 = ADVANCED_FACE('',(#1897),#1968,.T.);
#1897 = FACE_BOUND('',#1898,.T.);
#1898 = EDGE_LOOP('',(#1899,#1900,#1901,#1902,#1910,#1919,#1927,#1935,
    #1943,#1952,#1960,#1967));
#1899 = ORIENTED_EDGE('',*,*,#803,.F.);
#1900 = ORIENTED_EDGE('',*,*,#781,.T.);
#1901 = ORIENTED_EDGE('',*,*,#1876,.T.);
#1902 = ORIENTED_EDGE('',*,*,#1903,.T.);
#1903 = EDGE_CURVE('',#1877,#1904,#1906,.T.);
#1904 = VERTEX_POINT('',#1905);
#1905 = CARTESIAN_POINT('',(-1.02432885403,1.2,0.206587955583));
#1906 = LINE('',#1907,#1908);
#1907 = CARTESIAN_POINT('',(-0.948480775301,1.2,0.667364817767));
#1908 = VECTOR('',#1909,1.);
#1909 = DIRECTION('',(-0.162423314012,1.858508865964E-18,-0.986721169868
    ));
#1910 = ORIENTED_EDGE('',*,*,#1911,.T.);
#1911 = EDGE_CURVE('',#1904,#1912,#1914,.T.);
#1912 = VERTEX_POINT('',#1913);
#1913 = CARTESIAN_POINT('',(-1.270530792283,1.2,0.));
#1914 = CIRCLE('',#1915,0.25);
#1915 = AXIS2_PLACEMENT_3D('',#1916,#1917,#1918);
#1916 = CARTESIAN_POINT('',(-1.270530792283,1.2,0.25));
#1917 = DIRECTION('',(1.144237745222E-17,1.,1.155557966632E-33));
#1918 = DIRECTION('',(0.984807753012,-1.126854202784E-17,-0.173648177667
    ));
#1919 = ORIENTED_EDGE('',*,*,#1920,.T.);
#1920 = EDGE_CURVE('',#1912,#1921,#1923,.T.);
#1921 = VERTEX_POINT('',#1922);
#1922 = CARTESIAN_POINT('',(-1.4,1.2,0.));
#1923 = LINE('',#1924,#1925);
#1924 = CARTESIAN_POINT('',(-1.270530792283,1.2,0.));
#1925 = VECTOR('',#1926,1.);
#1926 = DIRECTION('',(-1.,1.144237745222E-17,0.));
#1927 = ORIENTED_EDGE('',*,*,#1928,.T.);
#1928 = EDGE_CURVE('',#1921,#1929,#1931,.T.);
#1929 = VERTEX_POINT('',#1930);
#1930 = CARTESIAN_POINT('',(-1.4,1.2,0.15));
#1931 = LINE('',#1932,#1933);
#1932 = CARTESIAN_POINT('',(-1.4,1.2,0.));
#1933 = VECTOR('',#1934,1.);
#1934 = DIRECTION('',(0.,0.,1.));
#1935 = ORIENTED_EDGE('',*,*,#1936,.T.);
#1936 = EDGE_CURVE('',#1929,#1937,#1939,.T.);
#1937 = VERTEX_POINT('',#1938);
#1938 = CARTESIAN_POINT('',(-1.270530792283,1.2,0.15));
#1939 = LINE('',#1940,#1941);
#1940 = CARTESIAN_POINT('',(-1.4,1.2,0.15));
#1941 = VECTOR('',#1942,1.);
#1942 = DIRECTION('',(1.,-1.144237745222E-17,0.));
#1943 = ORIENTED_EDGE('',*,*,#1944,.T.);
#1944 = EDGE_CURVE('',#1937,#1945,#1947,.T.);
#1945 = VERTEX_POINT('',#1946);
#1946 = CARTESIAN_POINT('',(-1.172050016982,1.2,0.232635182233));
#1947 = CIRCLE('',#1948,0.1);
#1948 = AXIS2_PLACEMENT_3D('',#1949,#1950,#1951);
#1949 = CARTESIAN_POINT('',(-1.270530792283,1.2,0.25));
#1950 = DIRECTION('',(-1.144237745222E-17,-1.,0.));
#1951 = DIRECTION('',(-2.22044604925E-15,2.540718180781E-32,-1.));
#1952 = ORIENTED_EDGE('',*,*,#1953,.T.);
#1953 = EDGE_CURVE('',#1945,#1954,#1956,.T.);
#1954 = VERTEX_POINT('',#1955);
#1955 = CARTESIAN_POINT('',(-1.096201938253,1.2,0.693412044417));
#1956 = LINE('',#1957,#1958);
#1957 = CARTESIAN_POINT('',(-1.172050016982,1.2,0.232635182233));
#1958 = VECTOR('',#1959,1.);
#1959 = DIRECTION('',(0.162423314012,-1.858508865964E-18,0.986721169868)
  );
#1960 = ORIENTED_EDGE('',*,*,#1961,.T.);
#1961 = EDGE_CURVE('',#1954,#1032,#1962,.T.);
#1962 = CIRCLE('',#1963,0.25);
#1963 = AXIS2_PLACEMENT_3D('',#1964,#1965,#1966);
#1964 = CARTESIAN_POINT('',(-0.85,1.2,0.65));
#1965 = DIRECTION('',(1.144237745222E-17,1.,7.703719777549E-34));
#1966 = DIRECTION('',(-0.984807753012,1.126854202784E-17,0.173648177667)
  );
#1967 = ORIENTED_EDGE('',*,*,#1039,.T.);
#1968 = PLANE('',#1969);
#1969 = AXIS2_PLACEMENT_3D('',#1970,#1971,#1972);
#1970 = CARTESIAN_POINT('',(-1.069123385139,1.2,0.441695635315));
#1971 = DIRECTION('',(1.144237745222E-17,1.,0.));
#1972 = DIRECTION('',(0.,-0.,1.));
#1973 = ADVANCED_FACE('',(#1974),#2053,.F.);
#1974 = FACE_BOUND('',#1975,.F.);
#1975 = EDGE_LOOP('',(#1976,#1977,#1978,#1987,#1995,#2004,#2012,#2020,
    #2028,#2037,#2045,#2052));
#1976 = ORIENTED_EDGE('',*,*,#822,.F.);
#1977 = ORIENTED_EDGE('',*,*,#837,.T.);
#1978 = ORIENTED_EDGE('',*,*,#1979,.T.);
#1979 = EDGE_CURVE('',#838,#1980,#1982,.T.);
#1980 = VERTEX_POINT('',#1981);
#1981 = CARTESIAN_POINT('',(0.948480775301,1.2,0.667364817767));
#1982 = CIRCLE('',#1983,0.1);
#1983 = AXIS2_PLACEMENT_3D('',#1984,#1985,#1986);
#1984 = CARTESIAN_POINT('',(0.85,1.2,0.65));
#1985 = DIRECTION('',(-1.110223024625E-16,1.,0.));
#1986 = DIRECTION('',(0.,0.,1.));
#1987 = ORIENTED_EDGE('',*,*,#1988,.T.);
#1988 = EDGE_CURVE('',#1980,#1989,#1991,.T.);
#1989 = VERTEX_POINT('',#1990);
#1990 = CARTESIAN_POINT('',(1.02432885403,1.2,0.206587955583));
#1991 = LINE('',#1992,#1993);
#1992 = CARTESIAN_POINT('',(0.948480775301,1.2,0.667364817767));
#1993 = VECTOR('',#1994,1.);
#1994 = DIRECTION('',(0.162423314012,1.803261029519E-17,-0.986721169868)
  );
#1995 = ORIENTED_EDGE('',*,*,#1996,.T.);
#1996 = EDGE_CURVE('',#1989,#1997,#1999,.T.);
#1997 = VERTEX_POINT('',#1998);
#1998 = CARTESIAN_POINT('',(1.270530792283,1.2,0.));
#1999 = CIRCLE('',#2000,0.25);
#2000 = AXIS2_PLACEMENT_3D('',#2001,#2002,#2003);
#2001 = CARTESIAN_POINT('',(1.270530792283,1.2,0.25));
#2002 = DIRECTION('',(1.110223024625E-16,-1.,0.));
#2003 = DIRECTION('',(-0.984807753012,-1.093356242223E-16,
    -0.173648177667));
#2004 = ORIENTED_EDGE('',*,*,#2005,.T.);
#2005 = EDGE_CURVE('',#1997,#2006,#2008,.T.);
#2006 = VERTEX_POINT('',#2007);
#2007 = CARTESIAN_POINT('',(1.4,1.2,0.));
#2008 = LINE('',#2009,#2010);
#2009 = CARTESIAN_POINT('',(1.270530792283,1.2,0.));
#2010 = VECTOR('',#2011,1.);
#2011 = DIRECTION('',(1.,1.110223024625E-16,0.));
#2012 = ORIENTED_EDGE('',*,*,#2013,.T.);
#2013 = EDGE_CURVE('',#2006,#2014,#2016,.T.);
#2014 = VERTEX_POINT('',#2015);
#2015 = CARTESIAN_POINT('',(1.4,1.2,0.15));
#2016 = LINE('',#2017,#2018);
#2017 = CARTESIAN_POINT('',(1.4,1.2,0.));
#2018 = VECTOR('',#2019,1.);
#2019 = DIRECTION('',(0.,0.,1.));
#2020 = ORIENTED_EDGE('',*,*,#2021,.T.);
#2021 = EDGE_CURVE('',#2014,#2022,#2024,.T.);
#2022 = VERTEX_POINT('',#2023);
#2023 = CARTESIAN_POINT('',(1.270530792283,1.2,0.15));
#2024 = LINE('',#2025,#2026);
#2025 = CARTESIAN_POINT('',(1.4,1.2,0.15));
#2026 = VECTOR('',#2027,1.);
#2027 = DIRECTION('',(-1.,-1.110223024625E-16,0.));
#2028 = ORIENTED_EDGE('',*,*,#2029,.T.);
#2029 = EDGE_CURVE('',#2022,#2030,#2032,.T.);
#2030 = VERTEX_POINT('',#2031);
#2031 = CARTESIAN_POINT('',(1.172050016982,1.2,0.232635182233));
#2032 = CIRCLE('',#2033,0.1);
#2033 = AXIS2_PLACEMENT_3D('',#2034,#2035,#2036);
#2034 = CARTESIAN_POINT('',(1.270530792283,1.2,0.25));
#2035 = DIRECTION('',(-1.110223024625E-16,1.,0.));
#2036 = DIRECTION('',(2.22044604925E-15,2.465190328815E-31,-1.));
#2037 = ORIENTED_EDGE('',*,*,#2038,.T.);
#2038 = EDGE_CURVE('',#2030,#2039,#2041,.T.);
#2039 = VERTEX_POINT('',#2040);
#2040 = CARTESIAN_POINT('',(1.096201938253,1.2,0.693412044417));
#2041 = LINE('',#2042,#2043);
#2042 = CARTESIAN_POINT('',(1.172050016982,1.2,0.232635182233));
#2043 = VECTOR('',#2044,1.);
#2044 = DIRECTION('',(-0.162423314012,-1.803261029519E-17,0.986721169868
    ));
#2045 = ORIENTED_EDGE('',*,*,#2046,.T.);
#2046 = EDGE_CURVE('',#2039,#1263,#2047,.T.);
#2047 = CIRCLE('',#2048,0.25);
#2048 = AXIS2_PLACEMENT_3D('',#2049,#2050,#2051);
#2049 = CARTESIAN_POINT('',(0.85,1.2,0.65));
#2050 = DIRECTION('',(1.110223024625E-16,-1.,0.));
#2051 = DIRECTION('',(0.984807753012,1.093356242223E-16,0.173648177667)
  );
#2052 = ORIENTED_EDGE('',*,*,#1262,.T.);
#2053 = PLANE('',#2054);
#2054 = AXIS2_PLACEMENT_3D('',#2055,#2056,#2057);
#2055 = CARTESIAN_POINT('',(1.069123385139,1.2,0.441695635315));
#2056 = DIRECTION('',(1.110223024625E-16,-1.,0.));
#2057 = DIRECTION('',(0.,0.,1.));
#2058 = ADVANCED_FACE('',(#2059),#2078,.F.);
#2059 = FACE_BOUND('',#2060,.F.);
#2060 = EDGE_LOOP('',(#2061,#2062,#2071,#2077));
#2061 = ORIENTED_EDGE('',*,*,#854,.T.);
#2062 = ORIENTED_EDGE('',*,*,#2063,.T.);
#2063 = EDGE_CURVE('',#847,#2064,#2066,.T.);
#2064 = VERTEX_POINT('',#2065);
#2065 = CARTESIAN_POINT('',(0.948480775301,0.7,0.667364817767));
#2066 = CIRCLE('',#2067,0.1);
#2067 = AXIS2_PLACEMENT_3D('',#2068,#2069,#2070);
#2068 = CARTESIAN_POINT('',(0.85,0.7,0.65));
#2069 = DIRECTION('',(-1.110223024625E-16,1.,0.));
#2070 = DIRECTION('',(0.,0.,1.));
#2071 = ORIENTED_EDGE('',*,*,#2072,.F.);
#2072 = EDGE_CURVE('',#1980,#2064,#2073,.T.);
#2073 = LINE('',#2074,#2075);
#2074 = CARTESIAN_POINT('',(0.948480775301,1.2,0.667364817767));
#2075 = VECTOR('',#2076,1.);
#2076 = DIRECTION('',(1.110223024625E-16,-1.,0.));
#2077 = ORIENTED_EDGE('',*,*,#1979,.F.);
#2078 = CYLINDRICAL_SURFACE('',#2079,0.1);
#2079 = AXIS2_PLACEMENT_3D('',#2080,#2081,#2082);
#2080 = CARTESIAN_POINT('',(0.85,1.2,0.65));
#2081 = DIRECTION('',(-1.110223024625E-16,1.,0.));
#2082 = DIRECTION('',(0.,0.,1.));
#2083 = ADVANCED_FACE('',(#2084),#2155,.T.);
#2084 = FACE_BOUND('',#2085,.T.);
#2085 = EDGE_LOOP('',(#2086,#2087,#2088,#2089,#2097,#2106,#2114,#2122,
    #2130,#2139,#2147,#2154));
#2086 = ORIENTED_EDGE('',*,*,#868,.F.);
#2087 = ORIENTED_EDGE('',*,*,#846,.T.);
#2088 = ORIENTED_EDGE('',*,*,#2063,.T.);
#2089 = ORIENTED_EDGE('',*,*,#2090,.T.);
#2090 = EDGE_CURVE('',#2064,#2091,#2093,.T.);
#2091 = VERTEX_POINT('',#2092);
#2092 = CARTESIAN_POINT('',(1.02432885403,0.7,0.206587955583));
#2093 = LINE('',#2094,#2095);
#2094 = CARTESIAN_POINT('',(0.948480775301,0.7,0.667364817767));
#2095 = VECTOR('',#2096,1.);
#2096 = DIRECTION('',(0.162423314012,1.803261029519E-17,-0.986721169868)
  );
#2097 = ORIENTED_EDGE('',*,*,#2098,.T.);
#2098 = EDGE_CURVE('',#2091,#2099,#2101,.T.);
#2099 = VERTEX_POINT('',#2100);
#2100 = CARTESIAN_POINT('',(1.270530792283,0.7,0.));
#2101 = CIRCLE('',#2102,0.25);
#2102 = AXIS2_PLACEMENT_3D('',#2103,#2104,#2105);
#2103 = CARTESIAN_POINT('',(1.270530792283,0.7,0.25));
#2104 = DIRECTION('',(1.110223024625E-16,-1.,0.));
#2105 = DIRECTION('',(-0.984807753012,-1.093356242223E-16,
    -0.173648177667));
#2106 = ORIENTED_EDGE('',*,*,#2107,.T.);
#2107 = EDGE_CURVE('',#2099,#2108,#2110,.T.);
#2108 = VERTEX_POINT('',#2109);
#2109 = CARTESIAN_POINT('',(1.4,0.7,0.));
#2110 = LINE('',#2111,#2112);
#2111 = CARTESIAN_POINT('',(1.270530792283,0.7,0.));
#2112 = VECTOR('',#2113,1.);
#2113 = DIRECTION('',(1.,1.110223024625E-16,0.));
#2114 = ORIENTED_EDGE('',*,*,#2115,.T.);
#2115 = EDGE_CURVE('',#2108,#2116,#2118,.T.);
#2116 = VERTEX_POINT('',#2117);
#2117 = CARTESIAN_POINT('',(1.4,0.7,0.15));
#2118 = LINE('',#2119,#2120);
#2119 = CARTESIAN_POINT('',(1.4,0.7,0.));
#2120 = VECTOR('',#2121,1.);
#2121 = DIRECTION('',(0.,0.,1.));
#2122 = ORIENTED_EDGE('',*,*,#2123,.T.);
#2123 = EDGE_CURVE('',#2116,#2124,#2126,.T.);
#2124 = VERTEX_POINT('',#2125);
#2125 = CARTESIAN_POINT('',(1.270530792283,0.7,0.15));
#2126 = LINE('',#2127,#2128);
#2127 = CARTESIAN_POINT('',(1.4,0.7,0.15));
#2128 = VECTOR('',#2129,1.);
#2129 = DIRECTION('',(-1.,-1.110223024625E-16,0.));
#2130 = ORIENTED_EDGE('',*,*,#2131,.T.);
#2131 = EDGE_CURVE('',#2124,#2132,#2134,.T.);
#2132 = VERTEX_POINT('',#2133);
#2133 = CARTESIAN_POINT('',(1.172050016982,0.7,0.232635182233));
#2134 = CIRCLE('',#2135,0.1);
#2135 = AXIS2_PLACEMENT_3D('',#2136,#2137,#2138);
#2136 = CARTESIAN_POINT('',(1.270530792283,0.7,0.25));
#2137 = DIRECTION('',(-1.110223024625E-16,1.,0.));
#2138 = DIRECTION('',(2.22044604925E-15,2.465190328815E-31,-1.));
#2139 = ORIENTED_EDGE('',*,*,#2140,.T.);
#2140 = EDGE_CURVE('',#2132,#2141,#2143,.T.);
#2141 = VERTEX_POINT('',#2142);
#2142 = CARTESIAN_POINT('',(1.096201938253,0.7,0.693412044417));
#2143 = LINE('',#2144,#2145);
#2144 = CARTESIAN_POINT('',(1.172050016982,0.7,0.232635182233));
#2145 = VECTOR('',#2146,1.);
#2146 = DIRECTION('',(-0.162423314012,-1.803261029519E-17,0.986721169868
    ));
#2147 = ORIENTED_EDGE('',*,*,#2148,.T.);
#2148 = EDGE_CURVE('',#2141,#1271,#2149,.T.);
#2149 = CIRCLE('',#2150,0.25);
#2150 = AXIS2_PLACEMENT_3D('',#2151,#2152,#2153);
#2151 = CARTESIAN_POINT('',(0.85,0.7,0.65));
#2152 = DIRECTION('',(1.110223024625E-16,-1.,0.));
#2153 = DIRECTION('',(0.984807753012,1.093356242223E-16,0.173648177667)
  );
#2154 = ORIENTED_EDGE('',*,*,#1278,.T.);
#2155 = PLANE('',#2156);
#2156 = AXIS2_PLACEMENT_3D('',#2157,#2158,#2159);
#2157 = CARTESIAN_POINT('',(1.069123385139,0.7,0.441695635315));
#2158 = DIRECTION('',(1.110223024625E-16,-1.,0.));
#2159 = DIRECTION('',(0.,0.,1.));
#2160 = ADVANCED_FACE('',(#2161),#2172,.F.);
#2161 = FACE_BOUND('',#2162,.F.);
#2162 = EDGE_LOOP('',(#2163,#2164,#2165,#2171));
#2163 = ORIENTED_EDGE('',*,*,#1284,.F.);
#2164 = ORIENTED_EDGE('',*,*,#885,.T.);
#2165 = ORIENTED_EDGE('',*,*,#2166,.T.);
#2166 = EDGE_CURVE('',#878,#1217,#2167,.T.);
#2167 = LINE('',#2168,#2169);
#2168 = CARTESIAN_POINT('',(0.85,-0.7,0.9));
#2169 = VECTOR('',#2170,1.);
#2170 = DIRECTION('',(-1.,-1.110223024625E-16,0.));
#2171 = ORIENTED_EDGE('',*,*,#1216,.F.);
#2172 = PLANE('',#2173);
#2173 = AXIS2_PLACEMENT_3D('',#2174,#2175,#2176);
#2174 = CARTESIAN_POINT('',(-2.091417030376E-16,1.4375,0.9));
#2175 = DIRECTION('',(4.595758349624E-18,6.551522493592E-27,-1.));
#2176 = DIRECTION('',(1.,1.51922136901E-16,4.595758349624E-18));
#2177 = ADVANCED_FACE('',(#2178),#2264,.F.);
#2178 = FACE_BOUND('',#2179,.F.);
#2179 = EDGE_LOOP('',(#2180,#2181,#2182,#2191,#2199,#2208,#2216,#2224,
    #2232,#2241,#2249,#2258));
#2180 = ORIENTED_EDGE('',*,*,#877,.F.);
#2181 = ORIENTED_EDGE('',*,*,#899,.T.);
#2182 = ORIENTED_EDGE('',*,*,#2183,.T.);
#2183 = EDGE_CURVE('',#900,#2184,#2186,.T.);
#2184 = VERTEX_POINT('',#2185);
#2185 = CARTESIAN_POINT('',(0.948480775301,-0.7,0.667364817767));
#2186 = CIRCLE('',#2187,0.1);
#2187 = AXIS2_PLACEMENT_3D('',#2188,#2189,#2190);
#2188 = CARTESIAN_POINT('',(0.85,-0.7,0.65));
#2189 = DIRECTION('',(-1.110223024625E-16,1.,0.));
#2190 = DIRECTION('',(0.,0.,1.));
#2191 = ORIENTED_EDGE('',*,*,#2192,.T.);
#2192 = EDGE_CURVE('',#2184,#2193,#2195,.T.);
#2193 = VERTEX_POINT('',#2194);
#2194 = CARTESIAN_POINT('',(1.02432885403,-0.7,0.206587955583));
#2195 = LINE('',#2196,#2197);
#2196 = CARTESIAN_POINT('',(0.948480775301,-0.7,0.667364817767));
#2197 = VECTOR('',#2198,1.);
#2198 = DIRECTION('',(0.162423314012,1.803261029519E-17,-0.986721169868)
  );
#2199 = ORIENTED_EDGE('',*,*,#2200,.T.);
#2200 = EDGE_CURVE('',#2193,#2201,#2203,.T.);
#2201 = VERTEX_POINT('',#2202);
#2202 = CARTESIAN_POINT('',(1.270530792283,-0.7,0.));
#2203 = CIRCLE('',#2204,0.25);
#2204 = AXIS2_PLACEMENT_3D('',#2205,#2206,#2207);
#2205 = CARTESIAN_POINT('',(1.270530792283,-0.7,0.25));
#2206 = DIRECTION('',(1.110223024625E-16,-1.,0.));
#2207 = DIRECTION('',(-0.984807753012,-1.093356242223E-16,
    -0.173648177667));
#2208 = ORIENTED_EDGE('',*,*,#2209,.T.);
#2209 = EDGE_CURVE('',#2201,#2210,#2212,.T.);
#2210 = VERTEX_POINT('',#2211);
#2211 = CARTESIAN_POINT('',(1.4,-0.7,0.));
#2212 = LINE('',#2213,#2214);
#2213 = CARTESIAN_POINT('',(1.270530792283,-0.7,0.));
#2214 = VECTOR('',#2215,1.);
#2215 = DIRECTION('',(1.,1.110223024625E-16,0.));
#2216 = ORIENTED_EDGE('',*,*,#2217,.T.);
#2217 = EDGE_CURVE('',#2210,#2218,#2220,.T.);
#2218 = VERTEX_POINT('',#2219);
#2219 = CARTESIAN_POINT('',(1.4,-0.7,0.15));
#2220 = LINE('',#2221,#2222);
#2221 = CARTESIAN_POINT('',(1.4,-0.7,0.));
#2222 = VECTOR('',#2223,1.);
#2223 = DIRECTION('',(0.,0.,1.));
#2224 = ORIENTED_EDGE('',*,*,#2225,.T.);
#2225 = EDGE_CURVE('',#2218,#2226,#2228,.T.);
#2226 = VERTEX_POINT('',#2227);
#2227 = CARTESIAN_POINT('',(1.270530792283,-0.7,0.15));
#2228 = LINE('',#2229,#2230);
#2229 = CARTESIAN_POINT('',(1.4,-0.7,0.15));
#2230 = VECTOR('',#2231,1.);
#2231 = DIRECTION('',(-1.,-1.110223024625E-16,0.));
#2232 = ORIENTED_EDGE('',*,*,#2233,.T.);
#2233 = EDGE_CURVE('',#2226,#2234,#2236,.T.);
#2234 = VERTEX_POINT('',#2235);
#2235 = CARTESIAN_POINT('',(1.172050016982,-0.7,0.232635182233));
#2236 = CIRCLE('',#2237,0.1);
#2237 = AXIS2_PLACEMENT_3D('',#2238,#2239,#2240);
#2238 = CARTESIAN_POINT('',(1.270530792283,-0.7,0.25));
#2239 = DIRECTION('',(-1.110223024625E-16,1.,0.));
#2240 = DIRECTION('',(2.22044604925E-15,2.465190328815E-31,-1.));
#2241 = ORIENTED_EDGE('',*,*,#2242,.T.);
#2242 = EDGE_CURVE('',#2234,#2243,#2245,.T.);
#2243 = VERTEX_POINT('',#2244);
#2244 = CARTESIAN_POINT('',(1.096201938253,-0.7,0.693412044417));
#2245 = LINE('',#2246,#2247);
#2246 = CARTESIAN_POINT('',(1.172050016982,-0.7,0.232635182233));
#2247 = VECTOR('',#2248,1.);
#2248 = DIRECTION('',(-0.162423314012,-1.803261029519E-17,0.986721169868
    ));
#2249 = ORIENTED_EDGE('',*,*,#2250,.T.);
#2250 = EDGE_CURVE('',#2243,#2251,#2253,.T.);
#2251 = VERTEX_POINT('',#2252);
#2252 = CARTESIAN_POINT('',(0.85,-0.7,0.9));
#2253 = CIRCLE('',#2254,0.25);
#2254 = AXIS2_PLACEMENT_3D('',#2255,#2256,#2257);
#2255 = CARTESIAN_POINT('',(0.85,-0.7,0.65));
#2256 = DIRECTION('',(1.110223024625E-16,-1.,0.));
#2257 = DIRECTION('',(0.984807753012,1.093356242223E-16,0.173648177667)
  );
#2258 = ORIENTED_EDGE('',*,*,#2259,.T.);
#2259 = EDGE_CURVE('',#2251,#878,#2260,.T.);
#2260 = LINE('',#2261,#2262);
#2261 = CARTESIAN_POINT('',(0.85,-0.7,0.9));
#2262 = VECTOR('',#2263,1.);
#2263 = DIRECTION('',(-1.,-1.110223024625E-16,0.));
#2264 = PLANE('',#2265);
#2265 = AXIS2_PLACEMENT_3D('',#2266,#2267,#2268);
#2266 = CARTESIAN_POINT('',(1.069123385139,-0.7,0.441695635315));
#2267 = DIRECTION('',(1.110223024625E-16,-1.,0.));
#2268 = DIRECTION('',(0.,0.,1.));
#2269 = ADVANCED_FACE('',(#2270),#2289,.F.);
#2270 = FACE_BOUND('',#2271,.F.);
#2271 = EDGE_LOOP('',(#2272,#2273,#2282,#2288));
#2272 = ORIENTED_EDGE('',*,*,#916,.T.);
#2273 = ORIENTED_EDGE('',*,*,#2274,.T.);
#2274 = EDGE_CURVE('',#909,#2275,#2277,.T.);
#2275 = VERTEX_POINT('',#2276);
#2276 = CARTESIAN_POINT('',(0.948480775301,-1.2,0.667364817767));
#2277 = CIRCLE('',#2278,0.1);
#2278 = AXIS2_PLACEMENT_3D('',#2279,#2280,#2281);
#2279 = CARTESIAN_POINT('',(0.85,-1.2,0.65));
#2280 = DIRECTION('',(-1.110223024625E-16,1.,0.));
#2281 = DIRECTION('',(0.,0.,1.));
#2282 = ORIENTED_EDGE('',*,*,#2283,.F.);
#2283 = EDGE_CURVE('',#2184,#2275,#2284,.T.);
#2284 = LINE('',#2285,#2286);
#2285 = CARTESIAN_POINT('',(0.948480775301,-0.7,0.667364817767));
#2286 = VECTOR('',#2287,1.);
#2287 = DIRECTION('',(1.110223024625E-16,-1.,0.));
#2288 = ORIENTED_EDGE('',*,*,#2183,.F.);
#2289 = CYLINDRICAL_SURFACE('',#2290,0.1);
#2290 = AXIS2_PLACEMENT_3D('',#2291,#2292,#2293);
#2291 = CARTESIAN_POINT('',(0.85,-0.7,0.65));
#2292 = DIRECTION('',(-1.110223024625E-16,1.,0.));
#2293 = DIRECTION('',(0.,0.,1.));
#2294 = ADVANCED_FACE('',(#2295),#2373,.T.);
#2295 = FACE_BOUND('',#2296,.T.);
#2296 = EDGE_LOOP('',(#2297,#2298,#2299,#2300,#2308,#2317,#2325,#2333,
    #2341,#2350,#2358,#2367));
#2297 = ORIENTED_EDGE('',*,*,#930,.F.);
#2298 = ORIENTED_EDGE('',*,*,#908,.T.);
#2299 = ORIENTED_EDGE('',*,*,#2274,.T.);
#2300 = ORIENTED_EDGE('',*,*,#2301,.T.);
#2301 = EDGE_CURVE('',#2275,#2302,#2304,.T.);
#2302 = VERTEX_POINT('',#2303);
#2303 = CARTESIAN_POINT('',(1.02432885403,-1.2,0.206587955583));
#2304 = LINE('',#2305,#2306);
#2305 = CARTESIAN_POINT('',(0.948480775301,-1.2,0.667364817767));
#2306 = VECTOR('',#2307,1.);
#2307 = DIRECTION('',(0.162423314012,1.803261029519E-17,-0.986721169868)
  );
#2308 = ORIENTED_EDGE('',*,*,#2309,.T.);
#2309 = EDGE_CURVE('',#2302,#2310,#2312,.T.);
#2310 = VERTEX_POINT('',#2311);
#2311 = CARTESIAN_POINT('',(1.270530792283,-1.2,0.));
#2312 = CIRCLE('',#2313,0.25);
#2313 = AXIS2_PLACEMENT_3D('',#2314,#2315,#2316);
#2314 = CARTESIAN_POINT('',(1.270530792283,-1.2,0.25));
#2315 = DIRECTION('',(1.110223024625E-16,-1.,0.));
#2316 = DIRECTION('',(-0.984807753012,-1.093356242223E-16,
    -0.173648177667));
#2317 = ORIENTED_EDGE('',*,*,#2318,.T.);
#2318 = EDGE_CURVE('',#2310,#2319,#2321,.T.);
#2319 = VERTEX_POINT('',#2320);
#2320 = CARTESIAN_POINT('',(1.4,-1.2,0.));
#2321 = LINE('',#2322,#2323);
#2322 = CARTESIAN_POINT('',(1.270530792283,-1.2,0.));
#2323 = VECTOR('',#2324,1.);
#2324 = DIRECTION('',(1.,1.110223024625E-16,0.));
#2325 = ORIENTED_EDGE('',*,*,#2326,.T.);
#2326 = EDGE_CURVE('',#2319,#2327,#2329,.T.);
#2327 = VERTEX_POINT('',#2328);
#2328 = CARTESIAN_POINT('',(1.4,-1.2,0.15));
#2329 = LINE('',#2330,#2331);
#2330 = CARTESIAN_POINT('',(1.4,-1.2,0.));
#2331 = VECTOR('',#2332,1.);
#2332 = DIRECTION('',(0.,0.,1.));
#2333 = ORIENTED_EDGE('',*,*,#2334,.T.);
#2334 = EDGE_CURVE('',#2327,#2335,#2337,.T.);
#2335 = VERTEX_POINT('',#2336);
#2336 = CARTESIAN_POINT('',(1.270530792283,-1.2,0.15));
#2337 = LINE('',#2338,#2339);
#2338 = CARTESIAN_POINT('',(1.4,-1.2,0.15));
#2339 = VECTOR('',#2340,1.);
#2340 = DIRECTION('',(-1.,-1.110223024625E-16,0.));
#2341 = ORIENTED_EDGE('',*,*,#2342,.T.);
#2342 = EDGE_CURVE('',#2335,#2343,#2345,.T.);
#2343 = VERTEX_POINT('',#2344);
#2344 = CARTESIAN_POINT('',(1.172050016982,-1.2,0.232635182233));
#2345 = CIRCLE('',#2346,0.1);
#2346 = AXIS2_PLACEMENT_3D('',#2347,#2348,#2349);
#2347 = CARTESIAN_POINT('',(1.270530792283,-1.2,0.25));
#2348 = DIRECTION('',(-1.110223024625E-16,1.,0.));
#2349 = DIRECTION('',(2.22044604925E-15,2.465190328815E-31,-1.));
#2350 = ORIENTED_EDGE('',*,*,#2351,.T.);
#2351 = EDGE_CURVE('',#2343,#2352,#2354,.T.);
#2352 = VERTEX_POINT('',#2353);
#2353 = CARTESIAN_POINT('',(1.096201938253,-1.2,0.693412044417));
#2354 = LINE('',#2355,#2356);
#2355 = CARTESIAN_POINT('',(1.172050016982,-1.2,0.232635182233));
#2356 = VECTOR('',#2357,1.);
#2357 = DIRECTION('',(-0.162423314012,-1.803261029519E-17,0.986721169868
    ));
#2358 = ORIENTED_EDGE('',*,*,#2359,.T.);
#2359 = EDGE_CURVE('',#2352,#2360,#2362,.T.);
#2360 = VERTEX_POINT('',#2361);
#2361 = CARTESIAN_POINT('',(0.85,-1.2,0.9));
#2362 = CIRCLE('',#2363,0.25);
#2363 = AXIS2_PLACEMENT_3D('',#2364,#2365,#2366);
#2364 = CARTESIAN_POINT('',(0.85,-1.2,0.65));
#2365 = DIRECTION('',(1.110223024625E-16,-1.,0.));
#2366 = DIRECTION('',(0.984807753012,1.093356242223E-16,0.173648177667)
  );
#2367 = ORIENTED_EDGE('',*,*,#2368,.T.);
#2368 = EDGE_CURVE('',#2360,#931,#2369,.T.);
#2369 = LINE('',#2370,#2371);
#2370 = CARTESIAN_POINT('',(0.85,-1.2,0.9));
#2371 = VECTOR('',#2372,1.);
#2372 = DIRECTION('',(-1.,-1.110223024625E-16,0.));
#2373 = PLANE('',#2374);
#2374 = AXIS2_PLACEMENT_3D('',#2375,#2376,#2377);
#2375 = CARTESIAN_POINT('',(1.069123385139,-1.2,0.441695635315));
#2376 = DIRECTION('',(1.110223024625E-16,-1.,0.));
#2377 = DIRECTION('',(0.,0.,1.));
#2378 = ADVANCED_FACE('',(#2379),#2390,.T.);
#2379 = FACE_BOUND('',#2380,.T.);
#2380 = EDGE_LOOP('',(#2381,#2382,#2383,#2384));
#2381 = ORIENTED_EDGE('',*,*,#1859,.T.);
#2382 = ORIENTED_EDGE('',*,*,#1031,.T.);
#2383 = ORIENTED_EDGE('',*,*,#1961,.F.);
#2384 = ORIENTED_EDGE('',*,*,#2385,.F.);
#2385 = EDGE_CURVE('',#1852,#1954,#2386,.T.);
#2386 = LINE('',#2387,#2388);
#2387 = CARTESIAN_POINT('',(-1.096201938253,0.7,0.693412044417));
#2388 = VECTOR('',#2389,1.);
#2389 = DIRECTION('',(1.144237745222E-17,1.,0.));
#2390 = CYLINDRICAL_SURFACE('',#2391,0.25);
#2391 = AXIS2_PLACEMENT_3D('',#2392,#2393,#2394);
#2392 = CARTESIAN_POINT('',(-0.85,0.7,0.65));
#2393 = DIRECTION('',(-1.144237745222E-17,-1.,0.));
#2394 = DIRECTION('',(-0.984807753012,1.126854202784E-17,0.173648177667)
  );
#2395 = ADVANCED_FACE('',(#2396),#2409,.F.);
#2396 = FACE_BOUND('',#2397,.F.);
#2397 = EDGE_LOOP('',(#2398,#2399,#2405,#2406,#2407,#2408));
#2398 = ORIENTED_EDGE('',*,*,#1427,.F.);
#2399 = ORIENTED_EDGE('',*,*,#2400,.T.);
#2400 = EDGE_CURVE('',#1419,#1528,#2401,.T.);
#2401 = LINE('',#2402,#2403);
#2402 = CARTESIAN_POINT('',(-0.85,-1.2,0.9));
#2403 = VECTOR('',#2404,1.);
#2404 = DIRECTION('',(1.144237745222E-17,1.,0.));
#2405 = ORIENTED_EDGE('',*,*,#1536,.T.);
#2406 = ORIENTED_EDGE('',*,*,#1558,.T.);
#2407 = ORIENTED_EDGE('',*,*,#1078,.F.);
#2408 = ORIENTED_EDGE('',*,*,#1311,.F.);
#2409 = PLANE('',#2410);
#2410 = AXIS2_PLACEMENT_3D('',#2411,#2412,#2413);
#2411 = CARTESIAN_POINT('',(-0.85,-1.2,0.9));
#2412 = DIRECTION('',(0.,0.,-1.));
#2413 = DIRECTION('',(1.,-1.144237745222E-17,0.));
#2414 = ADVANCED_FACE('',(#2415),#2428,.F.);
#2415 = FACE_BOUND('',#2416,.F.);
#2416 = EDGE_LOOP('',(#2417,#2418,#2424,#2425,#2426,#2427));
#2417 = ORIENTED_EDGE('',*,*,#1650,.F.);
#2418 = ORIENTED_EDGE('',*,*,#2419,.T.);
#2419 = EDGE_CURVE('',#1642,#1751,#2420,.T.);
#2420 = LINE('',#2421,#2422);
#2421 = CARTESIAN_POINT('',(-0.85,-0.25,0.9));
#2422 = VECTOR('',#2423,1.);
#2423 = DIRECTION('',(1.144237745222E-17,1.,0.));
#2424 = ORIENTED_EDGE('',*,*,#1759,.T.);
#2425 = ORIENTED_EDGE('',*,*,#1776,.T.);
#2426 = ORIENTED_EDGE('',*,*,#1094,.F.);
#2427 = ORIENTED_EDGE('',*,*,#1551,.F.);
#2428 = PLANE('',#2429);
#2429 = AXIS2_PLACEMENT_3D('',#2430,#2431,#2432);
#2430 = CARTESIAN_POINT('',(-0.85,-0.25,0.9));
#2431 = DIRECTION('',(0.,0.,-1.));
#2432 = DIRECTION('',(1.,-1.144237745222E-17,0.));
#2433 = ADVANCED_FACE('',(#2434,#2463),#2474,.T.);
#2434 = FACE_BOUND('',#2435,.T.);
#2435 = EDGE_LOOP('',(#2436,#2437,#2438,#2439,#2447,#2455,#2461,#2462));
#2436 = ORIENTED_EDGE('',*,*,#1169,.F.);
#2437 = ORIENTED_EDGE('',*,*,#1146,.F.);
#2438 = ORIENTED_EDGE('',*,*,#1117,.F.);
#2439 = ORIENTED_EDGE('',*,*,#2440,.F.);
#2440 = EDGE_CURVE('',#2441,#1118,#2443,.T.);
#2441 = VERTEX_POINT('',#2442);
#2442 = CARTESIAN_POINT('',(-0.646824228722,-1.333648457443,1.55));
#2443 = LINE('',#2444,#2445);
#2444 = CARTESIAN_POINT('',(-0.646824228722,-1.333648457443,1.55));
#2445 = VECTOR('',#2446,1.);
#2446 = DIRECTION('',(-0.707106781187,0.707106781187,0.));
#2447 = ORIENTED_EDGE('',*,*,#2448,.F.);
#2448 = EDGE_CURVE('',#2449,#2441,#2451,.T.);
#2449 = VERTEX_POINT('',#2450);
#2450 = CARTESIAN_POINT('',(0.646824228722,-1.333648457443,1.55));
#2451 = LINE('',#2452,#2453);
#2452 = CARTESIAN_POINT('',(0.646824228722,-1.333648457443,1.55));
#2453 = VECTOR('',#2454,1.);
#2454 = DIRECTION('',(-1.,-1.110223024625E-16,0.));
#2455 = ORIENTED_EDGE('',*,*,#2456,.F.);
#2456 = EDGE_CURVE('',#1241,#2449,#2457,.T.);
#2457 = LINE('',#2458,#2459);
#2458 = CARTESIAN_POINT('',(0.683648457443,-1.296824228722,1.55));
#2459 = VECTOR('',#2460,1.);
#2460 = DIRECTION('',(-0.707106781187,-0.707106781187,0.));
#2461 = ORIENTED_EDGE('',*,*,#1247,.F.);
#2462 = ORIENTED_EDGE('',*,*,#1192,.F.);
#2463 = FACE_BOUND('',#2464,.T.);
#2464 = EDGE_LOOP('',(#2465));
#2465 = ORIENTED_EDGE('',*,*,#2466,.T.);
#2466 = EDGE_CURVE('',#2467,#2467,#2469,.T.);
#2467 = VERTEX_POINT('',#2468);
#2468 = CARTESIAN_POINT('',(-0.483648457443,1.083648457443,1.55));
#2469 = CIRCLE('',#2470,5.E-02);
#2470 = AXIS2_PLACEMENT_3D('',#2471,#2472,#2473);
#2471 = CARTESIAN_POINT('',(-0.483648457443,1.133648457443,1.55));
#2472 = DIRECTION('',(0.,-0.,-1.));
#2473 = DIRECTION('',(1.110223024625E-16,-1.,0.));
#2474 = PLANE('',#2475);
#2475 = AXIS2_PLACEMENT_3D('',#2476,#2477,#2478);
#2476 = CARTESIAN_POINT('',(-0.646824228722,1.333648457443,1.55));
#2477 = DIRECTION('',(0.,0.,1.));
#2478 = DIRECTION('',(0.436386464522,-0.899759330922,0.));
#2479 = ADVANCED_FACE('',(#2480),#2490,.F.);
#2480 = FACE_BOUND('',#2481,.F.);
#2481 = EDGE_LOOP('',(#2482,#2483,#2484,#2485));
#2482 = ORIENTED_EDGE('',*,*,#1318,.T.);
#2483 = ORIENTED_EDGE('',*,*,#1125,.T.);
#2484 = ORIENTED_EDGE('',*,*,#2440,.F.);
#2485 = ORIENTED_EDGE('',*,*,#2486,.F.);
#2486 = EDGE_CURVE('',#1319,#2441,#2487,.T.);
#2487 = B_SPLINE_CURVE_WITH_KNOTS('',1,(#2488,#2489),.UNSPECIFIED.,.F.,
  .F.,(2,2),(0.,1.),.PIECEWISE_BEZIER_KNOTS.);
#2488 = CARTESIAN_POINT('',(-0.6925,-1.425,0.9));
#2489 = CARTESIAN_POINT('',(-0.646824228722,-1.333648457443,1.55));
#2490 = B_SPLINE_SURFACE_WITH_KNOTS('',1,1,(
    (#2491,#2492)
    ,(#2493,#2494
    )),.UNSPECIFIED.,.F.,.F.,.F.,(2,2),(2,2),(0.,0.116672618896),(0.,1.)
  ,.PIECEWISE_BEZIER_KNOTS.);
#2491 = CARTESIAN_POINT('',(-0.6925,-1.425,0.9));
#2492 = CARTESIAN_POINT('',(-0.646824228722,-1.333648457443,1.55));
#2493 = CARTESIAN_POINT('',(-0.775,-1.3425,0.9));
#2494 = CARTESIAN_POINT('',(-0.683648457443,-1.296824228722,1.55));
#2495 = ADVANCED_FACE('',(#2496),#2509,.F.);
#2496 = FACE_BOUND('',#2497,.F.);
#2497 = EDGE_LOOP('',(#2498,#2499,#2505,#2506,#2507,#2508));
#2498 = ORIENTED_EDGE('',*,*,#2259,.F.);
#2499 = ORIENTED_EDGE('',*,*,#2500,.T.);
#2500 = EDGE_CURVE('',#2251,#2360,#2501,.T.);
#2501 = LINE('',#2502,#2503);
#2502 = CARTESIAN_POINT('',(0.85,-0.7,0.9));
#2503 = VECTOR('',#2504,1.);
#2504 = DIRECTION('',(1.110223024625E-16,-1.,0.));
#2505 = ORIENTED_EDGE('',*,*,#2368,.T.);
#2506 = ORIENTED_EDGE('',*,*,#1300,.T.);
#2507 = ORIENTED_EDGE('',*,*,#1224,.F.);
#2508 = ORIENTED_EDGE('',*,*,#2166,.F.);
#2509 = PLANE('',#2510);
#2510 = AXIS2_PLACEMENT_3D('',#2511,#2512,#2513);
#2511 = CARTESIAN_POINT('',(0.85,-0.7,0.9));
#2512 = DIRECTION('',(0.,0.,-1.));
#2513 = DIRECTION('',(-1.,-1.110223024625E-16,-0.));
#2514 = ADVANCED_FACE('',(#2515),#2525,.F.);
#2515 = FACE_BOUND('',#2516,.F.);
#2516 = EDGE_LOOP('',(#2517,#2518,#2523,#2524));
#2517 = ORIENTED_EDGE('',*,*,#1334,.T.);
#2518 = ORIENTED_EDGE('',*,*,#2519,.T.);
#2519 = EDGE_CURVE('',#1327,#2449,#2520,.T.);
#2520 = B_SPLINE_CURVE_WITH_KNOTS('',1,(#2521,#2522),.UNSPECIFIED.,.F.,
  .F.,(2,2),(0.,1.),.PIECEWISE_BEZIER_KNOTS.);
#2521 = CARTESIAN_POINT('',(0.6925,-1.425,0.9));
#2522 = CARTESIAN_POINT('',(0.646824228722,-1.333648457443,1.55));
#2523 = ORIENTED_EDGE('',*,*,#2456,.F.);
#2524 = ORIENTED_EDGE('',*,*,#1240,.F.);
#2525 = B_SPLINE_SURFACE_WITH_KNOTS('',1,1,(
    (#2526,#2527)
    ,(#2528,#2529
    )),.UNSPECIFIED.,.F.,.F.,.F.,(2,2),(2,2),(0.,0.116672618896),(0.,1.)
  ,.PIECEWISE_BEZIER_KNOTS.);
#2526 = CARTESIAN_POINT('',(0.775,-1.3425,0.9));
#2527 = CARTESIAN_POINT('',(0.683648457443,-1.296824228722,1.55));
#2528 = CARTESIAN_POINT('',(0.6925,-1.425,0.9));
#2529 = CARTESIAN_POINT('',(0.646824228722,-1.333648457443,1.55));
#2530 = ADVANCED_FACE('',(#2531),#2542,.T.);
#2531 = FACE_BOUND('',#2532,.T.);
#2532 = EDGE_LOOP('',(#2533,#2534,#2535,#2536));
#2533 = ORIENTED_EDGE('',*,*,#2046,.T.);
#2534 = ORIENTED_EDGE('',*,*,#1270,.T.);
#2535 = ORIENTED_EDGE('',*,*,#2148,.F.);
#2536 = ORIENTED_EDGE('',*,*,#2537,.F.);
#2537 = EDGE_CURVE('',#2039,#2141,#2538,.T.);
#2538 = LINE('',#2539,#2540);
#2539 = CARTESIAN_POINT('',(1.096201938253,1.2,0.693412044417));
#2540 = VECTOR('',#2541,1.);
#2541 = DIRECTION('',(1.110223024625E-16,-1.,0.));
#2542 = CYLINDRICAL_SURFACE('',#2543,0.25);
#2543 = AXIS2_PLACEMENT_3D('',#2544,#2545,#2546);
#2544 = CARTESIAN_POINT('',(0.85,1.2,0.65));
#2545 = DIRECTION('',(-1.110223024625E-16,1.,0.));
#2546 = DIRECTION('',(0.984807753012,1.093356242223E-16,0.173648177667)
  );
#2547 = ADVANCED_FACE('',(#2548),#2554,.F.);
#2548 = FACE_BOUND('',#2549,.F.);
#2549 = EDGE_LOOP('',(#2550,#2551,#2552,#2553));
#2550 = ORIENTED_EDGE('',*,*,#1326,.T.);
#2551 = ORIENTED_EDGE('',*,*,#2486,.T.);
#2552 = ORIENTED_EDGE('',*,*,#2448,.F.);
#2553 = ORIENTED_EDGE('',*,*,#2519,.F.);
#2554 = B_SPLINE_SURFACE_WITH_KNOTS('',1,1,(
    (#2555,#2556)
    ,(#2557,#2558
    )),.UNSPECIFIED.,.F.,.F.,.F.,(2,2),(2,2),(0.,1.385),(0.,1.),
  .PIECEWISE_BEZIER_KNOTS.);
#2555 = CARTESIAN_POINT('',(0.6925,-1.425,0.9));
#2556 = CARTESIAN_POINT('',(0.646824228722,-1.333648457443,1.55));
#2557 = CARTESIAN_POINT('',(-0.6925,-1.425,0.9));
#2558 = CARTESIAN_POINT('',(-0.646824228722,-1.333648457443,1.55));
#2559 = ADVANCED_FACE('',(#2560),#2571,.T.);
#2560 = FACE_BOUND('',#2561,.T.);
#2561 = EDGE_LOOP('',(#2562,#2563,#2564,#2565));
#2562 = ORIENTED_EDGE('',*,*,#1418,.T.);
#2563 = ORIENTED_EDGE('',*,*,#2400,.T.);
#2564 = ORIENTED_EDGE('',*,*,#1527,.F.);
#2565 = ORIENTED_EDGE('',*,*,#2566,.F.);
#2566 = EDGE_CURVE('',#1411,#1520,#2567,.T.);
#2567 = LINE('',#2568,#2569);
#2568 = CARTESIAN_POINT('',(-1.096201938253,-1.2,0.693412044417));
#2569 = VECTOR('',#2570,1.);
#2570 = DIRECTION('',(1.144237745222E-17,1.,0.));
#2571 = CYLINDRICAL_SURFACE('',#2572,0.25);
#2572 = AXIS2_PLACEMENT_3D('',#2573,#2574,#2575);
#2573 = CARTESIAN_POINT('',(-0.85,-1.2,0.65));
#2574 = DIRECTION('',(-1.144237745222E-17,-1.,0.));
#2575 = DIRECTION('',(-0.984807753012,1.126854202784E-17,0.173648177667)
  );
#2576 = ADVANCED_FACE('',(#2577),#2588,.F.);
#2577 = FACE_BOUND('',#2578,.F.);
#2578 = EDGE_LOOP('',(#2579,#2585,#2586,#2587));
#2579 = ORIENTED_EDGE('',*,*,#2580,.T.);
#2580 = EDGE_CURVE('',#1402,#1511,#2581,.T.);
#2581 = LINE('',#2582,#2583);
#2582 = CARTESIAN_POINT('',(-1.172050016982,-1.2,0.232635182233));
#2583 = VECTOR('',#2584,1.);
#2584 = DIRECTION('',(1.144237745222E-17,1.,0.));
#2585 = ORIENTED_EDGE('',*,*,#1519,.T.);
#2586 = ORIENTED_EDGE('',*,*,#2566,.F.);
#2587 = ORIENTED_EDGE('',*,*,#1410,.F.);
#2588 = PLANE('',#2589);
#2589 = AXIS2_PLACEMENT_3D('',#2590,#2591,#2592);
#2590 = CARTESIAN_POINT('',(-1.172050016982,-1.2,0.232635182233));
#2591 = DIRECTION('',(0.986721169868,-1.129043606572E-17,-0.162423314012
    ));
#2592 = DIRECTION('',(0.162423314012,-1.858508865964E-18,0.986721169868)
  );
#2593 = ADVANCED_FACE('',(#2594),#2605,.F.);
#2594 = FACE_BOUND('',#2595,.F.);
#2595 = EDGE_LOOP('',(#2596,#2602,#2603,#2604));
#2596 = ORIENTED_EDGE('',*,*,#2597,.T.);
#2597 = EDGE_CURVE('',#1394,#1503,#2598,.T.);
#2598 = LINE('',#2599,#2600);
#2599 = CARTESIAN_POINT('',(-1.270530792283,-1.2,0.15));
#2600 = VECTOR('',#2601,1.);
#2601 = DIRECTION('',(1.144237745222E-17,1.,0.));
#2602 = ORIENTED_EDGE('',*,*,#1510,.T.);
#2603 = ORIENTED_EDGE('',*,*,#2580,.F.);
#2604 = ORIENTED_EDGE('',*,*,#1401,.F.);
#2605 = CYLINDRICAL_SURFACE('',#2606,0.1);
#2606 = AXIS2_PLACEMENT_3D('',#2607,#2608,#2609);
#2607 = CARTESIAN_POINT('',(-1.270530792283,-1.2,0.25));
#2608 = DIRECTION('',(-1.144237745222E-17,-1.,0.));
#2609 = DIRECTION('',(-2.22044604925E-15,2.540718180781E-32,-1.));
#2610 = ADVANCED_FACE('',(#2611),#2622,.F.);
#2611 = FACE_BOUND('',#2612,.F.);
#2612 = EDGE_LOOP('',(#2613,#2619,#2620,#2621));
#2613 = ORIENTED_EDGE('',*,*,#2614,.T.);
#2614 = EDGE_CURVE('',#1386,#1495,#2615,.T.);
#2615 = LINE('',#2616,#2617);
#2616 = CARTESIAN_POINT('',(-1.4,-1.2,0.15));
#2617 = VECTOR('',#2618,1.);
#2618 = DIRECTION('',(1.144237745222E-17,1.,0.));
#2619 = ORIENTED_EDGE('',*,*,#1502,.T.);
#2620 = ORIENTED_EDGE('',*,*,#2597,.F.);
#2621 = ORIENTED_EDGE('',*,*,#1393,.F.);
#2622 = PLANE('',#2623);
#2623 = AXIS2_PLACEMENT_3D('',#2624,#2625,#2626);
#2624 = CARTESIAN_POINT('',(-1.4,-1.2,0.15));
#2625 = DIRECTION('',(0.,0.,-1.));
#2626 = DIRECTION('',(1.,-1.144237745222E-17,0.));
#2627 = ADVANCED_FACE('',(#2628),#2639,.F.);
#2628 = FACE_BOUND('',#2629,.F.);
#2629 = EDGE_LOOP('',(#2630,#2636,#2637,#2638));
#2630 = ORIENTED_EDGE('',*,*,#2631,.T.);
#2631 = EDGE_CURVE('',#1378,#1487,#2632,.T.);
#2632 = LINE('',#2633,#2634);
#2633 = CARTESIAN_POINT('',(-1.4,-1.2,0.));
#2634 = VECTOR('',#2635,1.);
#2635 = DIRECTION('',(1.144237745222E-17,1.,0.));
#2636 = ORIENTED_EDGE('',*,*,#1494,.T.);
#2637 = ORIENTED_EDGE('',*,*,#2614,.F.);
#2638 = ORIENTED_EDGE('',*,*,#1385,.F.);
#2639 = PLANE('',#2640);
#2640 = AXIS2_PLACEMENT_3D('',#2641,#2642,#2643);
#2641 = CARTESIAN_POINT('',(-1.4,-1.2,0.));
#2642 = DIRECTION('',(1.,-1.144237745222E-17,0.));
#2643 = DIRECTION('',(0.,0.,1.));
#2644 = ADVANCED_FACE('',(#2645),#2656,.F.);
#2645 = FACE_BOUND('',#2646,.F.);
#2646 = EDGE_LOOP('',(#2647,#2653,#2654,#2655));
#2647 = ORIENTED_EDGE('',*,*,#2648,.T.);
#2648 = EDGE_CURVE('',#1369,#1478,#2649,.T.);
#2649 = LINE('',#2650,#2651);
#2650 = CARTESIAN_POINT('',(-1.270530792283,-1.2,0.));
#2651 = VECTOR('',#2652,1.);
#2652 = DIRECTION('',(1.144237745222E-17,1.,0.));
#2653 = ORIENTED_EDGE('',*,*,#1486,.T.);
#2654 = ORIENTED_EDGE('',*,*,#2631,.F.);
#2655 = ORIENTED_EDGE('',*,*,#1377,.F.);
#2656 = PLANE('',#2657);
#2657 = AXIS2_PLACEMENT_3D('',#2658,#2659,#2660);
#2658 = CARTESIAN_POINT('',(-1.270530792283,-1.2,0.));
#2659 = DIRECTION('',(0.,0.,1.));
#2660 = DIRECTION('',(-1.,1.144237745222E-17,0.));
#2661 = ADVANCED_FACE('',(#2662),#2673,.T.);
#2662 = FACE_BOUND('',#2663,.T.);
#2663 = EDGE_LOOP('',(#2664,#2665,#2666,#2667));
#2664 = ORIENTED_EDGE('',*,*,#1368,.T.);
#2665 = ORIENTED_EDGE('',*,*,#2648,.T.);
#2666 = ORIENTED_EDGE('',*,*,#1477,.F.);
#2667 = ORIENTED_EDGE('',*,*,#2668,.F.);
#2668 = EDGE_CURVE('',#1361,#1470,#2669,.T.);
#2669 = LINE('',#2670,#2671);
#2670 = CARTESIAN_POINT('',(-1.02432885403,-1.2,0.206587955583));
#2671 = VECTOR('',#2672,1.);
#2672 = DIRECTION('',(1.144237745222E-17,1.,0.));
#2673 = CYLINDRICAL_SURFACE('',#2674,0.25);
#2674 = AXIS2_PLACEMENT_3D('',#2675,#2676,#2677);
#2675 = CARTESIAN_POINT('',(-1.270530792283,-1.2,0.25));
#2676 = DIRECTION('',(-1.144237745222E-17,-1.,0.));
#2677 = DIRECTION('',(0.984807753012,-1.126854202784E-17,-0.173648177667
    ));
#2678 = ADVANCED_FACE('',(#2679),#2685,.F.);
#2679 = FACE_BOUND('',#2680,.F.);
#2680 = EDGE_LOOP('',(#2681,#2682,#2683,#2684));
#2681 = ORIENTED_EDGE('',*,*,#1451,.T.);
#2682 = ORIENTED_EDGE('',*,*,#1469,.T.);
#2683 = ORIENTED_EDGE('',*,*,#2668,.F.);
#2684 = ORIENTED_EDGE('',*,*,#1360,.F.);
#2685 = PLANE('',#2686);
#2686 = AXIS2_PLACEMENT_3D('',#2687,#2688,#2689);
#2687 = CARTESIAN_POINT('',(-0.948480775301,-1.2,0.667364817767));
#2688 = DIRECTION('',(-0.986721169868,1.129043606572E-17,0.162423314012)
  );
#2689 = DIRECTION('',(-0.162423314012,1.858508865964E-18,-0.986721169868
    ));
#2690 = ADVANCED_FACE('',(#2691),#2702,.T.);
#2691 = FACE_BOUND('',#2692,.T.);
#2692 = EDGE_LOOP('',(#2693,#2694,#2695,#2696));
#2693 = ORIENTED_EDGE('',*,*,#1641,.T.);
#2694 = ORIENTED_EDGE('',*,*,#2419,.T.);
#2695 = ORIENTED_EDGE('',*,*,#1750,.F.);
#2696 = ORIENTED_EDGE('',*,*,#2697,.F.);
#2697 = EDGE_CURVE('',#1634,#1743,#2698,.T.);
#2698 = LINE('',#2699,#2700);
#2699 = CARTESIAN_POINT('',(-1.096201938253,-0.25,0.693412044417));
#2700 = VECTOR('',#2701,1.);
#2701 = DIRECTION('',(1.144237745222E-17,1.,0.));
#2702 = CYLINDRICAL_SURFACE('',#2703,0.25);
#2703 = AXIS2_PLACEMENT_3D('',#2704,#2705,#2706);
#2704 = CARTESIAN_POINT('',(-0.85,-0.25,0.65));
#2705 = DIRECTION('',(-1.144237745222E-17,-1.,0.));
#2706 = DIRECTION('',(-0.984807753012,1.126854202784E-17,0.173648177667)
  );
#2707 = ADVANCED_FACE('',(#2708),#2719,.F.);
#2708 = FACE_BOUND('',#2709,.F.);
#2709 = EDGE_LOOP('',(#2710,#2716,#2717,#2718));
#2710 = ORIENTED_EDGE('',*,*,#2711,.T.);
#2711 = EDGE_CURVE('',#1625,#1734,#2712,.T.);
#2712 = LINE('',#2713,#2714);
#2713 = CARTESIAN_POINT('',(-1.172050016982,-0.25,0.232635182233));
#2714 = VECTOR('',#2715,1.);
#2715 = DIRECTION('',(1.144237745222E-17,1.,0.));
#2716 = ORIENTED_EDGE('',*,*,#1742,.T.);
#2717 = ORIENTED_EDGE('',*,*,#2697,.F.);
#2718 = ORIENTED_EDGE('',*,*,#1633,.F.);
#2719 = PLANE('',#2720);
#2720 = AXIS2_PLACEMENT_3D('',#2721,#2722,#2723);
#2721 = CARTESIAN_POINT('',(-1.172050016982,-0.25,0.232635182233));
#2722 = DIRECTION('',(0.986721169868,-1.129043606572E-17,-0.162423314012
    ));
#2723 = DIRECTION('',(0.162423314012,-1.858508865964E-18,0.986721169868)
  );
#2724 = ADVANCED_FACE('',(#2725),#2736,.F.);
#2725 = FACE_BOUND('',#2726,.F.);
#2726 = EDGE_LOOP('',(#2727,#2733,#2734,#2735));
#2727 = ORIENTED_EDGE('',*,*,#2728,.T.);
#2728 = EDGE_CURVE('',#1617,#1726,#2729,.T.);
#2729 = LINE('',#2730,#2731);
#2730 = CARTESIAN_POINT('',(-1.270530792283,-0.25,0.15));
#2731 = VECTOR('',#2732,1.);
#2732 = DIRECTION('',(1.144237745222E-17,1.,0.));
#2733 = ORIENTED_EDGE('',*,*,#1733,.T.);
#2734 = ORIENTED_EDGE('',*,*,#2711,.F.);
#2735 = ORIENTED_EDGE('',*,*,#1624,.F.);
#2736 = CYLINDRICAL_SURFACE('',#2737,0.1);
#2737 = AXIS2_PLACEMENT_3D('',#2738,#2739,#2740);
#2738 = CARTESIAN_POINT('',(-1.270530792283,-0.25,0.25));
#2739 = DIRECTION('',(-1.144237745222E-17,-1.,0.));
#2740 = DIRECTION('',(-2.22044604925E-15,2.540718180781E-32,-1.));
#2741 = ADVANCED_FACE('',(#2742),#2753,.F.);
#2742 = FACE_BOUND('',#2743,.F.);
#2743 = EDGE_LOOP('',(#2744,#2750,#2751,#2752));
#2744 = ORIENTED_EDGE('',*,*,#2745,.T.);
#2745 = EDGE_CURVE('',#1609,#1718,#2746,.T.);
#2746 = LINE('',#2747,#2748);
#2747 = CARTESIAN_POINT('',(-1.4,-0.25,0.15));
#2748 = VECTOR('',#2749,1.);
#2749 = DIRECTION('',(1.144237745222E-17,1.,0.));
#2750 = ORIENTED_EDGE('',*,*,#1725,.T.);
#2751 = ORIENTED_EDGE('',*,*,#2728,.F.);
#2752 = ORIENTED_EDGE('',*,*,#1616,.F.);
#2753 = PLANE('',#2754);
#2754 = AXIS2_PLACEMENT_3D('',#2755,#2756,#2757);
#2755 = CARTESIAN_POINT('',(-1.4,-0.25,0.15));
#2756 = DIRECTION('',(0.,0.,-1.));
#2757 = DIRECTION('',(1.,-1.144237745222E-17,0.));
#2758 = ADVANCED_FACE('',(#2759),#2770,.F.);
#2759 = FACE_BOUND('',#2760,.F.);
#2760 = EDGE_LOOP('',(#2761,#2767,#2768,#2769));
#2761 = ORIENTED_EDGE('',*,*,#2762,.T.);
#2762 = EDGE_CURVE('',#1601,#1710,#2763,.T.);
#2763 = LINE('',#2764,#2765);
#2764 = CARTESIAN_POINT('',(-1.4,-0.25,0.));
#2765 = VECTOR('',#2766,1.);
#2766 = DIRECTION('',(1.144237745222E-17,1.,0.));
#2767 = ORIENTED_EDGE('',*,*,#1717,.T.);
#2768 = ORIENTED_EDGE('',*,*,#2745,.F.);
#2769 = ORIENTED_EDGE('',*,*,#1608,.F.);
#2770 = PLANE('',#2771);
#2771 = AXIS2_PLACEMENT_3D('',#2772,#2773,#2774);
#2772 = CARTESIAN_POINT('',(-1.4,-0.25,0.));
#2773 = DIRECTION('',(1.,-1.144237745222E-17,0.));
#2774 = DIRECTION('',(0.,0.,1.));
#2775 = ADVANCED_FACE('',(#2776),#2787,.F.);
#2776 = FACE_BOUND('',#2777,.F.);
#2777 = EDGE_LOOP('',(#2778,#2784,#2785,#2786));
#2778 = ORIENTED_EDGE('',*,*,#2779,.T.);
#2779 = EDGE_CURVE('',#1592,#1701,#2780,.T.);
#2780 = LINE('',#2781,#2782);
#2781 = CARTESIAN_POINT('',(-1.270530792283,-0.25,0.));
#2782 = VECTOR('',#2783,1.);
#2783 = DIRECTION('',(1.144237745222E-17,1.,0.));
#2784 = ORIENTED_EDGE('',*,*,#1709,.T.);
#2785 = ORIENTED_EDGE('',*,*,#2762,.F.);
#2786 = ORIENTED_EDGE('',*,*,#1600,.F.);
#2787 = PLANE('',#2788);
#2788 = AXIS2_PLACEMENT_3D('',#2789,#2790,#2791);
#2789 = CARTESIAN_POINT('',(-1.270530792283,-0.25,0.));
#2790 = DIRECTION('',(0.,0.,1.));
#2791 = DIRECTION('',(-1.,1.144237745222E-17,0.));
#2792 = ADVANCED_FACE('',(#2793),#2804,.T.);
#2793 = FACE_BOUND('',#2794,.T.);
#2794 = EDGE_LOOP('',(#2795,#2796,#2797,#2798));
#2795 = ORIENTED_EDGE('',*,*,#1591,.T.);
#2796 = ORIENTED_EDGE('',*,*,#2779,.T.);
#2797 = ORIENTED_EDGE('',*,*,#1700,.F.);
#2798 = ORIENTED_EDGE('',*,*,#2799,.F.);
#2799 = EDGE_CURVE('',#1584,#1693,#2800,.T.);
#2800 = LINE('',#2801,#2802);
#2801 = CARTESIAN_POINT('',(-1.02432885403,-0.25,0.206587955583));
#2802 = VECTOR('',#2803,1.);
#2803 = DIRECTION('',(1.144237745222E-17,1.,0.));
#2804 = CYLINDRICAL_SURFACE('',#2805,0.25);
#2805 = AXIS2_PLACEMENT_3D('',#2806,#2807,#2808);
#2806 = CARTESIAN_POINT('',(-1.270530792283,-0.25,0.25));
#2807 = DIRECTION('',(-1.144237745222E-17,-1.,0.));
#2808 = DIRECTION('',(0.984807753012,-1.126854202784E-17,-0.173648177667
    ));
#2809 = ADVANCED_FACE('',(#2810),#2816,.F.);
#2810 = FACE_BOUND('',#2811,.F.);
#2811 = EDGE_LOOP('',(#2812,#2813,#2814,#2815));
#2812 = ORIENTED_EDGE('',*,*,#1674,.T.);
#2813 = ORIENTED_EDGE('',*,*,#1692,.T.);
#2814 = ORIENTED_EDGE('',*,*,#2799,.F.);
#2815 = ORIENTED_EDGE('',*,*,#1583,.F.);
#2816 = PLANE('',#2817);
#2817 = AXIS2_PLACEMENT_3D('',#2818,#2819,#2820);
#2818 = CARTESIAN_POINT('',(-0.948480775301,-0.25,0.667364817767));
#2819 = DIRECTION('',(-0.986721169868,1.129043606572E-17,0.162423314012)
  );
#2820 = DIRECTION('',(-0.162423314012,1.858508865964E-18,-0.986721169868
    ));
#2821 = ADVANCED_FACE('',(#2822),#2833,.F.);
#2822 = FACE_BOUND('',#2823,.F.);
#2823 = EDGE_LOOP('',(#2824,#2830,#2831,#2832));
#2824 = ORIENTED_EDGE('',*,*,#2825,.T.);
#2825 = EDGE_CURVE('',#1843,#1945,#2826,.T.);
#2826 = LINE('',#2827,#2828);
#2827 = CARTESIAN_POINT('',(-1.172050016982,0.7,0.232635182233));
#2828 = VECTOR('',#2829,1.);
#2829 = DIRECTION('',(1.144237745222E-17,1.,0.));
#2830 = ORIENTED_EDGE('',*,*,#1953,.T.);
#2831 = ORIENTED_EDGE('',*,*,#2385,.F.);
#2832 = ORIENTED_EDGE('',*,*,#1851,.F.);
#2833 = PLANE('',#2834);
#2834 = AXIS2_PLACEMENT_3D('',#2835,#2836,#2837);
#2835 = CARTESIAN_POINT('',(-1.172050016982,0.7,0.232635182233));
#2836 = DIRECTION('',(0.986721169868,-1.129043606572E-17,-0.162423314012
    ));
#2837 = DIRECTION('',(0.162423314012,-1.858508865964E-18,0.986721169868)
  );
#2838 = ADVANCED_FACE('',(#2839),#2850,.F.);
#2839 = FACE_BOUND('',#2840,.F.);
#2840 = EDGE_LOOP('',(#2841,#2847,#2848,#2849));
#2841 = ORIENTED_EDGE('',*,*,#2842,.T.);
#2842 = EDGE_CURVE('',#1835,#1937,#2843,.T.);
#2843 = LINE('',#2844,#2845);
#2844 = CARTESIAN_POINT('',(-1.270530792283,0.7,0.15));
#2845 = VECTOR('',#2846,1.);
#2846 = DIRECTION('',(1.144237745222E-17,1.,0.));
#2847 = ORIENTED_EDGE('',*,*,#1944,.T.);
#2848 = ORIENTED_EDGE('',*,*,#2825,.F.);
#2849 = ORIENTED_EDGE('',*,*,#1842,.F.);
#2850 = CYLINDRICAL_SURFACE('',#2851,0.1);
#2851 = AXIS2_PLACEMENT_3D('',#2852,#2853,#2854);
#2852 = CARTESIAN_POINT('',(-1.270530792283,0.7,0.25));
#2853 = DIRECTION('',(-1.144237745222E-17,-1.,0.));
#2854 = DIRECTION('',(-2.22044604925E-15,2.540718180781E-32,-1.));
#2855 = ADVANCED_FACE('',(#2856),#2867,.F.);
#2856 = FACE_BOUND('',#2857,.F.);
#2857 = EDGE_LOOP('',(#2858,#2864,#2865,#2866));
#2858 = ORIENTED_EDGE('',*,*,#2859,.T.);
#2859 = EDGE_CURVE('',#1827,#1929,#2860,.T.);
#2860 = LINE('',#2861,#2862);
#2861 = CARTESIAN_POINT('',(-1.4,0.7,0.15));
#2862 = VECTOR('',#2863,1.);
#2863 = DIRECTION('',(1.144237745222E-17,1.,0.));
#2864 = ORIENTED_EDGE('',*,*,#1936,.T.);
#2865 = ORIENTED_EDGE('',*,*,#2842,.F.);
#2866 = ORIENTED_EDGE('',*,*,#1834,.F.);
#2867 = PLANE('',#2868);
#2868 = AXIS2_PLACEMENT_3D('',#2869,#2870,#2871);
#2869 = CARTESIAN_POINT('',(-1.4,0.7,0.15));
#2870 = DIRECTION('',(0.,0.,-1.));
#2871 = DIRECTION('',(1.,-1.144237745222E-17,0.));
#2872 = ADVANCED_FACE('',(#2873),#2884,.F.);
#2873 = FACE_BOUND('',#2874,.F.);
#2874 = EDGE_LOOP('',(#2875,#2881,#2882,#2883));
#2875 = ORIENTED_EDGE('',*,*,#2876,.T.);
#2876 = EDGE_CURVE('',#1819,#1921,#2877,.T.);
#2877 = LINE('',#2878,#2879);
#2878 = CARTESIAN_POINT('',(-1.4,0.7,0.));
#2879 = VECTOR('',#2880,1.);
#2880 = DIRECTION('',(1.144237745222E-17,1.,0.));
#2881 = ORIENTED_EDGE('',*,*,#1928,.T.);
#2882 = ORIENTED_EDGE('',*,*,#2859,.F.);
#2883 = ORIENTED_EDGE('',*,*,#1826,.F.);
#2884 = PLANE('',#2885);
#2885 = AXIS2_PLACEMENT_3D('',#2886,#2887,#2888);
#2886 = CARTESIAN_POINT('',(-1.4,0.7,0.));
#2887 = DIRECTION('',(1.,-1.144237745222E-17,0.));
#2888 = DIRECTION('',(0.,0.,1.));
#2889 = ADVANCED_FACE('',(#2890),#2901,.F.);
#2890 = FACE_BOUND('',#2891,.F.);
#2891 = EDGE_LOOP('',(#2892,#2898,#2899,#2900));
#2892 = ORIENTED_EDGE('',*,*,#2893,.T.);
#2893 = EDGE_CURVE('',#1810,#1912,#2894,.T.);
#2894 = LINE('',#2895,#2896);
#2895 = CARTESIAN_POINT('',(-1.270530792283,0.7,0.));
#2896 = VECTOR('',#2897,1.);
#2897 = DIRECTION('',(1.144237745222E-17,1.,0.));
#2898 = ORIENTED_EDGE('',*,*,#1920,.T.);
#2899 = ORIENTED_EDGE('',*,*,#2876,.F.);
#2900 = ORIENTED_EDGE('',*,*,#1818,.F.);
#2901 = PLANE('',#2902);
#2902 = AXIS2_PLACEMENT_3D('',#2903,#2904,#2905);
#2903 = CARTESIAN_POINT('',(-1.270530792283,0.7,0.));
#2904 = DIRECTION('',(0.,0.,1.));
#2905 = DIRECTION('',(-1.,1.144237745222E-17,0.));
#2906 = ADVANCED_FACE('',(#2907),#2918,.T.);
#2907 = FACE_BOUND('',#2908,.T.);
#2908 = EDGE_LOOP('',(#2909,#2910,#2911,#2912));
#2909 = ORIENTED_EDGE('',*,*,#1809,.T.);
#2910 = ORIENTED_EDGE('',*,*,#2893,.T.);
#2911 = ORIENTED_EDGE('',*,*,#1911,.F.);
#2912 = ORIENTED_EDGE('',*,*,#2913,.F.);
#2913 = EDGE_CURVE('',#1802,#1904,#2914,.T.);
#2914 = LINE('',#2915,#2916);
#2915 = CARTESIAN_POINT('',(-1.02432885403,0.7,0.206587955583));
#2916 = VECTOR('',#2917,1.);
#2917 = DIRECTION('',(1.144237745222E-17,1.,0.));
#2918 = CYLINDRICAL_SURFACE('',#2919,0.25);
#2919 = AXIS2_PLACEMENT_3D('',#2920,#2921,#2922);
#2920 = CARTESIAN_POINT('',(-1.270530792283,0.7,0.25));
#2921 = DIRECTION('',(-1.144237745222E-17,-1.,0.));
#2922 = DIRECTION('',(0.984807753012,-1.126854202784E-17,-0.173648177667
    ));
#2923 = ADVANCED_FACE('',(#2924),#2930,.F.);
#2924 = FACE_BOUND('',#2925,.F.);
#2925 = EDGE_LOOP('',(#2926,#2927,#2928,#2929));
#2926 = ORIENTED_EDGE('',*,*,#1885,.T.);
#2927 = ORIENTED_EDGE('',*,*,#1903,.T.);
#2928 = ORIENTED_EDGE('',*,*,#2913,.F.);
#2929 = ORIENTED_EDGE('',*,*,#1801,.F.);
#2930 = PLANE('',#2931);
#2931 = AXIS2_PLACEMENT_3D('',#2932,#2933,#2934);
#2932 = CARTESIAN_POINT('',(-0.948480775301,0.7,0.667364817767));
#2933 = DIRECTION('',(-0.986721169868,1.129043606572E-17,0.162423314012)
  );
#2934 = DIRECTION('',(-0.162423314012,1.858508865964E-18,-0.986721169868
    ));
#2935 = ADVANCED_FACE('',(#2936),#2947,.F.);
#2936 = FACE_BOUND('',#2937,.F.);
#2937 = EDGE_LOOP('',(#2938,#2944,#2945,#2946));
#2938 = ORIENTED_EDGE('',*,*,#2939,.T.);
#2939 = EDGE_CURVE('',#2030,#2132,#2940,.T.);
#2940 = LINE('',#2941,#2942);
#2941 = CARTESIAN_POINT('',(1.172050016982,1.2,0.232635182233));
#2942 = VECTOR('',#2943,1.);
#2943 = DIRECTION('',(1.110223024625E-16,-1.,0.));
#2944 = ORIENTED_EDGE('',*,*,#2140,.T.);
#2945 = ORIENTED_EDGE('',*,*,#2537,.F.);
#2946 = ORIENTED_EDGE('',*,*,#2038,.F.);
#2947 = PLANE('',#2948);
#2948 = AXIS2_PLACEMENT_3D('',#2949,#2950,#2951);
#2949 = CARTESIAN_POINT('',(1.172050016982,1.2,0.232635182233));
#2950 = DIRECTION('',(-0.986721169868,-1.095480561672E-16,
    -0.162423314012));
#2951 = DIRECTION('',(-0.162423314012,-1.803261029519E-17,0.986721169868
    ));
#2952 = ADVANCED_FACE('',(#2953),#2964,.F.);
#2953 = FACE_BOUND('',#2954,.F.);
#2954 = EDGE_LOOP('',(#2955,#2961,#2962,#2963));
#2955 = ORIENTED_EDGE('',*,*,#2956,.T.);
#2956 = EDGE_CURVE('',#2022,#2124,#2957,.T.);
#2957 = LINE('',#2958,#2959);
#2958 = CARTESIAN_POINT('',(1.270530792283,1.2,0.15));
#2959 = VECTOR('',#2960,1.);
#2960 = DIRECTION('',(1.110223024625E-16,-1.,0.));
#2961 = ORIENTED_EDGE('',*,*,#2131,.T.);
#2962 = ORIENTED_EDGE('',*,*,#2939,.F.);
#2963 = ORIENTED_EDGE('',*,*,#2029,.F.);
#2964 = CYLINDRICAL_SURFACE('',#2965,0.1);
#2965 = AXIS2_PLACEMENT_3D('',#2966,#2967,#2968);
#2966 = CARTESIAN_POINT('',(1.270530792283,1.2,0.25));
#2967 = DIRECTION('',(-1.110223024625E-16,1.,0.));
#2968 = DIRECTION('',(2.22044604925E-15,2.465190328815E-31,-1.));
#2969 = ADVANCED_FACE('',(#2970),#2981,.F.);
#2970 = FACE_BOUND('',#2971,.F.);
#2971 = EDGE_LOOP('',(#2972,#2978,#2979,#2980));
#2972 = ORIENTED_EDGE('',*,*,#2973,.T.);
#2973 = EDGE_CURVE('',#2014,#2116,#2974,.T.);
#2974 = LINE('',#2975,#2976);
#2975 = CARTESIAN_POINT('',(1.4,1.2,0.15));
#2976 = VECTOR('',#2977,1.);
#2977 = DIRECTION('',(1.110223024625E-16,-1.,0.));
#2978 = ORIENTED_EDGE('',*,*,#2123,.T.);
#2979 = ORIENTED_EDGE('',*,*,#2956,.F.);
#2980 = ORIENTED_EDGE('',*,*,#2021,.F.);
#2981 = PLANE('',#2982);
#2982 = AXIS2_PLACEMENT_3D('',#2983,#2984,#2985);
#2983 = CARTESIAN_POINT('',(1.4,1.2,0.15));
#2984 = DIRECTION('',(0.,0.,-1.));
#2985 = DIRECTION('',(-1.,-1.110223024625E-16,-0.));
#2986 = ADVANCED_FACE('',(#2987),#2998,.F.);
#2987 = FACE_BOUND('',#2988,.F.);
#2988 = EDGE_LOOP('',(#2989,#2995,#2996,#2997));
#2989 = ORIENTED_EDGE('',*,*,#2990,.T.);
#2990 = EDGE_CURVE('',#2006,#2108,#2991,.T.);
#2991 = LINE('',#2992,#2993);
#2992 = CARTESIAN_POINT('',(1.4,1.2,0.));
#2993 = VECTOR('',#2994,1.);
#2994 = DIRECTION('',(1.110223024625E-16,-1.,0.));
#2995 = ORIENTED_EDGE('',*,*,#2115,.T.);
#2996 = ORIENTED_EDGE('',*,*,#2973,.F.);
#2997 = ORIENTED_EDGE('',*,*,#2013,.F.);
#2998 = PLANE('',#2999);
#2999 = AXIS2_PLACEMENT_3D('',#3000,#3001,#3002);
#3000 = CARTESIAN_POINT('',(1.4,1.2,0.));
#3001 = DIRECTION('',(-1.,-1.110223024625E-16,0.));
#3002 = DIRECTION('',(0.,0.,1.));
#3003 = ADVANCED_FACE('',(#3004),#3015,.F.);
#3004 = FACE_BOUND('',#3005,.F.);
#3005 = EDGE_LOOP('',(#3006,#3012,#3013,#3014));
#3006 = ORIENTED_EDGE('',*,*,#3007,.T.);
#3007 = EDGE_CURVE('',#1997,#2099,#3008,.T.);
#3008 = LINE('',#3009,#3010);
#3009 = CARTESIAN_POINT('',(1.270530792283,1.2,0.));
#3010 = VECTOR('',#3011,1.);
#3011 = DIRECTION('',(1.110223024625E-16,-1.,0.));
#3012 = ORIENTED_EDGE('',*,*,#2107,.T.);
#3013 = ORIENTED_EDGE('',*,*,#2990,.F.);
#3014 = ORIENTED_EDGE('',*,*,#2005,.F.);
#3015 = PLANE('',#3016);
#3016 = AXIS2_PLACEMENT_3D('',#3017,#3018,#3019);
#3017 = CARTESIAN_POINT('',(1.270530792283,1.2,0.));
#3018 = DIRECTION('',(0.,0.,1.));
#3019 = DIRECTION('',(1.,1.110223024625E-16,-0.));
#3020 = ADVANCED_FACE('',(#3021),#3032,.T.);
#3021 = FACE_BOUND('',#3022,.T.);
#3022 = EDGE_LOOP('',(#3023,#3024,#3025,#3026));
#3023 = ORIENTED_EDGE('',*,*,#1996,.T.);
#3024 = ORIENTED_EDGE('',*,*,#3007,.T.);
#3025 = ORIENTED_EDGE('',*,*,#2098,.F.);
#3026 = ORIENTED_EDGE('',*,*,#3027,.F.);
#3027 = EDGE_CURVE('',#1989,#2091,#3028,.T.);
#3028 = LINE('',#3029,#3030);
#3029 = CARTESIAN_POINT('',(1.02432885403,1.2,0.206587955583));
#3030 = VECTOR('',#3031,1.);
#3031 = DIRECTION('',(1.110223024625E-16,-1.,0.));
#3032 = CYLINDRICAL_SURFACE('',#3033,0.25);
#3033 = AXIS2_PLACEMENT_3D('',#3034,#3035,#3036);
#3034 = CARTESIAN_POINT('',(1.270530792283,1.2,0.25));
#3035 = DIRECTION('',(-1.110223024625E-16,1.,0.));
#3036 = DIRECTION('',(-0.984807753012,-1.093356242223E-16,
    -0.173648177667));
#3037 = ADVANCED_FACE('',(#3038),#3044,.F.);
#3038 = FACE_BOUND('',#3039,.F.);
#3039 = EDGE_LOOP('',(#3040,#3041,#3042,#3043));
#3040 = ORIENTED_EDGE('',*,*,#2072,.T.);
#3041 = ORIENTED_EDGE('',*,*,#2090,.T.);
#3042 = ORIENTED_EDGE('',*,*,#3027,.F.);
#3043 = ORIENTED_EDGE('',*,*,#1988,.F.);
#3044 = PLANE('',#3045);
#3045 = AXIS2_PLACEMENT_3D('',#3046,#3047,#3048);
#3046 = CARTESIAN_POINT('',(0.948480775301,1.2,0.667364817767));
#3047 = DIRECTION('',(0.986721169868,1.095480561672E-16,0.162423314012)
  );
#3048 = DIRECTION('',(0.162423314012,1.803261029519E-17,-0.986721169868)
  );
#3049 = ADVANCED_FACE('',(#3050),#3061,.T.);
#3050 = FACE_BOUND('',#3051,.T.);
#3051 = EDGE_LOOP('',(#3052,#3053,#3054,#3055));
#3052 = ORIENTED_EDGE('',*,*,#2250,.T.);
#3053 = ORIENTED_EDGE('',*,*,#2500,.T.);
#3054 = ORIENTED_EDGE('',*,*,#2359,.F.);
#3055 = ORIENTED_EDGE('',*,*,#3056,.F.);
#3056 = EDGE_CURVE('',#2243,#2352,#3057,.T.);
#3057 = LINE('',#3058,#3059);
#3058 = CARTESIAN_POINT('',(1.096201938253,-0.7,0.693412044417));
#3059 = VECTOR('',#3060,1.);
#3060 = DIRECTION('',(1.110223024625E-16,-1.,0.));
#3061 = CYLINDRICAL_SURFACE('',#3062,0.25);
#3062 = AXIS2_PLACEMENT_3D('',#3063,#3064,#3065);
#3063 = CARTESIAN_POINT('',(0.85,-0.7,0.65));
#3064 = DIRECTION('',(-1.110223024625E-16,1.,0.));
#3065 = DIRECTION('',(0.984807753012,1.093356242223E-16,0.173648177667)
  );
#3066 = ADVANCED_FACE('',(#3067),#3078,.F.);
#3067 = FACE_BOUND('',#3068,.F.);
#3068 = EDGE_LOOP('',(#3069,#3075,#3076,#3077));
#3069 = ORIENTED_EDGE('',*,*,#3070,.T.);
#3070 = EDGE_CURVE('',#2234,#2343,#3071,.T.);
#3071 = LINE('',#3072,#3073);
#3072 = CARTESIAN_POINT('',(1.172050016982,-0.7,0.232635182233));
#3073 = VECTOR('',#3074,1.);
#3074 = DIRECTION('',(1.110223024625E-16,-1.,0.));
#3075 = ORIENTED_EDGE('',*,*,#2351,.T.);
#3076 = ORIENTED_EDGE('',*,*,#3056,.F.);
#3077 = ORIENTED_EDGE('',*,*,#2242,.F.);
#3078 = PLANE('',#3079);
#3079 = AXIS2_PLACEMENT_3D('',#3080,#3081,#3082);
#3080 = CARTESIAN_POINT('',(1.172050016982,-0.7,0.232635182233));
#3081 = DIRECTION('',(-0.986721169868,-1.095480561672E-16,
    -0.162423314012));
#3082 = DIRECTION('',(-0.162423314012,-1.803261029519E-17,0.986721169868
    ));
#3083 = ADVANCED_FACE('',(#3084),#3095,.F.);
#3084 = FACE_BOUND('',#3085,.F.);
#3085 = EDGE_LOOP('',(#3086,#3092,#3093,#3094));
#3086 = ORIENTED_EDGE('',*,*,#3087,.T.);
#3087 = EDGE_CURVE('',#2226,#2335,#3088,.T.);
#3088 = LINE('',#3089,#3090);
#3089 = CARTESIAN_POINT('',(1.270530792283,-0.7,0.15));
#3090 = VECTOR('',#3091,1.);
#3091 = DIRECTION('',(1.110223024625E-16,-1.,0.));
#3092 = ORIENTED_EDGE('',*,*,#2342,.T.);
#3093 = ORIENTED_EDGE('',*,*,#3070,.F.);
#3094 = ORIENTED_EDGE('',*,*,#2233,.F.);
#3095 = CYLINDRICAL_SURFACE('',#3096,0.1);
#3096 = AXIS2_PLACEMENT_3D('',#3097,#3098,#3099);
#3097 = CARTESIAN_POINT('',(1.270530792283,-0.7,0.25));
#3098 = DIRECTION('',(-1.110223024625E-16,1.,0.));
#3099 = DIRECTION('',(2.22044604925E-15,2.465190328815E-31,-1.));
#3100 = ADVANCED_FACE('',(#3101),#3112,.F.);
#3101 = FACE_BOUND('',#3102,.F.);
#3102 = EDGE_LOOP('',(#3103,#3109,#3110,#3111));
#3103 = ORIENTED_EDGE('',*,*,#3104,.T.);
#3104 = EDGE_CURVE('',#2218,#2327,#3105,.T.);
#3105 = LINE('',#3106,#3107);
#3106 = CARTESIAN_POINT('',(1.4,-0.7,0.15));
#3107 = VECTOR('',#3108,1.);
#3108 = DIRECTION('',(1.110223024625E-16,-1.,0.));
#3109 = ORIENTED_EDGE('',*,*,#2334,.T.);
#3110 = ORIENTED_EDGE('',*,*,#3087,.F.);
#3111 = ORIENTED_EDGE('',*,*,#2225,.F.);
#3112 = PLANE('',#3113);
#3113 = AXIS2_PLACEMENT_3D('',#3114,#3115,#3116);
#3114 = CARTESIAN_POINT('',(1.4,-0.7,0.15));
#3115 = DIRECTION('',(0.,0.,-1.));
#3116 = DIRECTION('',(-1.,-1.110223024625E-16,-0.));
#3117 = ADVANCED_FACE('',(#3118),#3129,.F.);
#3118 = FACE_BOUND('',#3119,.F.);
#3119 = EDGE_LOOP('',(#3120,#3126,#3127,#3128));
#3120 = ORIENTED_EDGE('',*,*,#3121,.T.);
#3121 = EDGE_CURVE('',#2210,#2319,#3122,.T.);
#3122 = LINE('',#3123,#3124);
#3123 = CARTESIAN_POINT('',(1.4,-0.7,0.));
#3124 = VECTOR('',#3125,1.);
#3125 = DIRECTION('',(1.110223024625E-16,-1.,0.));
#3126 = ORIENTED_EDGE('',*,*,#2326,.T.);
#3127 = ORIENTED_EDGE('',*,*,#3104,.F.);
#3128 = ORIENTED_EDGE('',*,*,#2217,.F.);
#3129 = PLANE('',#3130);
#3130 = AXIS2_PLACEMENT_3D('',#3131,#3132,#3133);
#3131 = CARTESIAN_POINT('',(1.4,-0.7,0.));
#3132 = DIRECTION('',(-1.,-1.110223024625E-16,0.));
#3133 = DIRECTION('',(0.,0.,1.));
#3134 = ADVANCED_FACE('',(#3135),#3146,.F.);
#3135 = FACE_BOUND('',#3136,.F.);
#3136 = EDGE_LOOP('',(#3137,#3143,#3144,#3145));
#3137 = ORIENTED_EDGE('',*,*,#3138,.T.);
#3138 = EDGE_CURVE('',#2201,#2310,#3139,.T.);
#3139 = LINE('',#3140,#3141);
#3140 = CARTESIAN_POINT('',(1.270530792283,-0.7,0.));
#3141 = VECTOR('',#3142,1.);
#3142 = DIRECTION('',(1.110223024625E-16,-1.,0.));
#3143 = ORIENTED_EDGE('',*,*,#2318,.T.);
#3144 = ORIENTED_EDGE('',*,*,#3121,.F.);
#3145 = ORIENTED_EDGE('',*,*,#2209,.F.);
#3146 = PLANE('',#3147);
#3147 = AXIS2_PLACEMENT_3D('',#3148,#3149,#3150);
#3148 = CARTESIAN_POINT('',(1.270530792283,-0.7,0.));
#3149 = DIRECTION('',(0.,0.,1.));
#3150 = DIRECTION('',(1.,1.110223024625E-16,-0.));
#3151 = ADVANCED_FACE('',(#3152),#3163,.T.);
#3152 = FACE_BOUND('',#3153,.T.);
#3153 = EDGE_LOOP('',(#3154,#3155,#3156,#3157));
#3154 = ORIENTED_EDGE('',*,*,#2200,.T.);
#3155 = ORIENTED_EDGE('',*,*,#3138,.T.);
#3156 = ORIENTED_EDGE('',*,*,#2309,.F.);
#3157 = ORIENTED_EDGE('',*,*,#3158,.F.);
#3158 = EDGE_CURVE('',#2193,#2302,#3159,.T.);
#3159 = LINE('',#3160,#3161);
#3160 = CARTESIAN_POINT('',(1.02432885403,-0.7,0.206587955583));
#3161 = VECTOR('',#3162,1.);
#3162 = DIRECTION('',(1.110223024625E-16,-1.,0.));
#3163 = CYLINDRICAL_SURFACE('',#3164,0.25);
#3164 = AXIS2_PLACEMENT_3D('',#3165,#3166,#3167);
#3165 = CARTESIAN_POINT('',(1.270530792283,-0.7,0.25));
#3166 = DIRECTION('',(-1.110223024625E-16,1.,0.));
#3167 = DIRECTION('',(-0.984807753012,-1.093356242223E-16,
    -0.173648177667));
#3168 = ADVANCED_FACE('',(#3169),#3175,.F.);
#3169 = FACE_BOUND('',#3170,.F.);
#3170 = EDGE_LOOP('',(#3171,#3172,#3173,#3174));
#3171 = ORIENTED_EDGE('',*,*,#2283,.T.);
#3172 = ORIENTED_EDGE('',*,*,#2301,.T.);
#3173 = ORIENTED_EDGE('',*,*,#3158,.F.);
#3174 = ORIENTED_EDGE('',*,*,#2192,.F.);
#3175 = PLANE('',#3176);
#3176 = AXIS2_PLACEMENT_3D('',#3177,#3178,#3179);
#3177 = CARTESIAN_POINT('',(0.948480775301,-0.7,0.667364817767));
#3178 = DIRECTION('',(0.986721169868,1.095480561672E-16,0.162423314012)
  );
#3179 = DIRECTION('',(0.162423314012,1.803261029519E-17,-0.986721169868)
  );
#3180 = ADVANCED_FACE('',(#3181),#3184,.F.);
#3181 = FACE_BOUND('',#3182,.T.);
#3182 = EDGE_LOOP('',(#3183));
#3183 = ORIENTED_EDGE('',*,*,#2466,.F.);
#3184 = PLANE('',#3185);
#3185 = AXIS2_PLACEMENT_3D('',#3186,#3187,#3188);
#3186 = CARTESIAN_POINT('',(-0.483648457443,1.133648457443,1.55));
#3187 = DIRECTION('',(0.,0.,-1.));
#3188 = DIRECTION('',(1.110223024625E-16,-1.,0.));
#3189 = ( GEOMETRIC_REPRESENTATION_CONTEXT(3) 
GLOBAL_UNCERTAINTY_ASSIGNED_CONTEXT((#3193)) 
GLOBAL_UNIT_ASSIGNED_CONTEXT((#3190,#3191,#3192)) REPRESENTATION_CONTEXT
('Context #1','3D Context with UNIT and UNCERTAINTY') );
#3190 = ( LENGTH_UNIT() NAMED_UNIT(*) SI_UNIT(.MILLI.,.METRE.) );
#3191 = ( NAMED_UNIT(*) PLANE_ANGLE_UNIT() SI_UNIT($,.RADIAN.) );
#3192 = ( NAMED_UNIT(*) SI_UNIT($,.STERADIAN.) SOLID_ANGLE_UNIT() );
#3193 = UNCERTAINTY_MEASURE_WITH_UNIT(LENGTH_MEASURE(1.E-07),#3190,
  'distance_accuracy_value','confusion accuracy');
#3194 = CONTEXT_DEPENDENT_SHAPE_REPRESENTATION(#3195,#3197);
#3195 = ( REPRESENTATION_RELATIONSHIP('','',#119,#96) 
REPRESENTATION_RELATIONSHIP_WITH_TRANSFORMATION(#3196) 
SHAPE_REPRESENTATION_RELATIONSHIP() );
#3196 = ITEM_DEFINED_TRANSFORMATION('','',#11,#97);
#3197 = PRODUCT_DEFINITION_SHAPE('Placement','Placement of an item',
  #3198);
#3198 = NEXT_ASSEMBLY_USAGE_OCCURRENCE('1','=>[0:1:1:3]','',#91,#114,$);
#3199 = PRODUCT_RELATED_PRODUCT_CATEGORY('part',$,(#116));
#3200 = SHAPE_DEFINITION_REPRESENTATION(#3201,#3207);
#3201 = PRODUCT_DEFINITION_SHAPE('','',#3202);
#3202 = PRODUCT_DEFINITION('design','',#3203,#3206);
#3203 = PRODUCT_DEFINITION_FORMATION('','',#3204);
#3204 = PRODUCT('C_0805_2012Metric','C_0805_2012Metric','',(#3205));
#3205 = PRODUCT_CONTEXT('',#2,'mechanical');
#3206 = PRODUCT_DEFINITION_CONTEXT('part definition',#2,'design');
#3207 = SHAPE_REPRESENTATION('',(#11,#3208),#3212);
#3208 = AXIS2_PLACEMENT_3D('',#3209,#3210,#3211);
#3209 = CARTESIAN_POINT('',(0.,0.,0.));
#3210 = DIRECTION('',(0.,0.,1.));
#3211 = DIRECTION('',(1.,0.,-0.));
#3212 = ( GEOMETRIC_REPRESENTATION_CONTEXT(3) 
GLOBAL_UNCERTAINTY_ASSIGNED_CONTEXT((#3216)) 
GLOBAL_UNIT_ASSIGNED_CONTEXT((#3213,#3214,#3215)) REPRESENTATION_CONTEXT
('Context #1','3D Context with UNIT and UNCERTAINTY') );
#3213 = ( LENGTH_UNIT() NAMED_UNIT(*) SI_UNIT(.MILLI.,.METRE.) );
#3214 = ( NAMED_UNIT(*) PLANE_ANGLE_UNIT() SI_UNIT($,.RADIAN.) );
#3215 = ( NAMED_UNIT(*) SI_UNIT($,.STERADIAN.) SOLID_ANGLE_UNIT() );
#3216 = UNCERTAINTY_MEASURE_WITH_UNIT(LENGTH_MEASURE(1.E-07),#3213,
  'distance_accuracy_value','confusion accuracy');
#3217 = CONTEXT_DEPENDENT_SHAPE_REPRESENTATION(#3218,#3220);
#3218 = ( REPRESENTATION_RELATIONSHIP('','',#3207,#10) 
REPRESENTATION_RELATIONSHIP_WITH_TRANSFORMATION(#3219) 
SHAPE_REPRESENTATION_RELATIONSHIP() );
#3219 = ITEM_DEFINED_TRANSFORMATION('','',#11,#19);
#3220 = PRODUCT_DEFINITION_SHAPE('Placement','Placement of an item',
  #3221);
#3221 = NEXT_ASSEMBLY_USAGE_OCCURRENCE('4','C1','',#5,#3202,$);
#3222 = PRODUCT_RELATED_PRODUCT_CATEGORY('part',$,(#3204));
#3223 = SHAPE_DEFINITION_REPRESENTATION(#3224,#3230);
#3224 = PRODUCT_DEFINITION_SHAPE('','',#3225);
#3225 = PRODUCT_DEFINITION('design','',#3226,#3229);
#3226 = PRODUCT_DEFINITION_FORMATION('','',#3227);
#3227 = PRODUCT('C_0805_2012Metric','C_0805_2012Metric','',(#3228));
#3228 = PRODUCT_CONTEXT('',#2,'mechanical');
#3229 = PRODUCT_DEFINITION_CONTEXT('part definition',#2,'design');
#3230 = ADVANCED_BREP_SHAPE_REPRESENTATION('',(#11,#3231),#4085);
#3231 = MANIFOLD_SOLID_BREP('',#3232);
#3232 = CLOSED_SHELL('',(#3233,#3309,#3340,#3365,#3390,#3414,#3438,#3463
    ,#3488,#3505,#3591,#3623,#3647,#3672,#3696,#3721,#3745,#3770,#3787,
    #3873,#3904,#3929,#3954,#3978,#4002,#4027,#4052,#4069));
#3233 = ADVANCED_FACE('',(#3234),#3304,.F.);
#3234 = FACE_BOUND('',#3235,.F.);
#3235 = EDGE_LOOP('',(#3236,#3246,#3255,#3263,#3272,#3280,#3289,#3297));
#3236 = ORIENTED_EDGE('',*,*,#3237,.F.);
#3237 = EDGE_CURVE('',#3238,#3240,#3242,.T.);
#3238 = VERTEX_POINT('',#3239);
#3239 = CARTESIAN_POINT('',(-1.,-0.625,4.E-02));
#3240 = VERTEX_POINT('',#3241);
#3241 = CARTESIAN_POINT('',(-1.,-0.625,1.21));
#3242 = LINE('',#3243,#3244);
#3243 = CARTESIAN_POINT('',(-1.,-0.625,0.));
#3244 = VECTOR('',#3245,1.);
#3245 = DIRECTION('',(0.,0.,1.));
#3246 = ORIENTED_EDGE('',*,*,#3247,.T.);
#3247 = EDGE_CURVE('',#3238,#3248,#3250,.T.);
#3248 = VERTEX_POINT('',#3249);
#3249 = CARTESIAN_POINT('',(-1.,-0.585,0.));
#3250 = CIRCLE('',#3251,4.E-02);
#3251 = AXIS2_PLACEMENT_3D('',#3252,#3253,#3254);
#3252 = CARTESIAN_POINT('',(-1.,-0.585,4.E-02));
#3253 = DIRECTION('',(1.,0.,-0.));
#3254 = DIRECTION('',(0.,0.,1.));
#3255 = ORIENTED_EDGE('',*,*,#3256,.T.);
#3256 = EDGE_CURVE('',#3248,#3257,#3259,.T.);
#3257 = VERTEX_POINT('',#3258);
#3258 = CARTESIAN_POINT('',(-1.,0.585,0.));
#3259 = LINE('',#3260,#3261);
#3260 = CARTESIAN_POINT('',(-1.,-0.625,0.));
#3261 = VECTOR('',#3262,1.);
#3262 = DIRECTION('',(0.,1.,0.));
#3263 = ORIENTED_EDGE('',*,*,#3264,.F.);
#3264 = EDGE_CURVE('',#3265,#3257,#3267,.T.);
#3265 = VERTEX_POINT('',#3266);
#3266 = CARTESIAN_POINT('',(-1.,0.625,4.E-02));
#3267 = CIRCLE('',#3268,4.E-02);
#3268 = AXIS2_PLACEMENT_3D('',#3269,#3270,#3271);
#3269 = CARTESIAN_POINT('',(-1.,0.585,4.E-02));
#3270 = DIRECTION('',(-1.,0.,0.));
#3271 = DIRECTION('',(0.,0.,1.));
#3272 = ORIENTED_EDGE('',*,*,#3273,.T.);
#3273 = EDGE_CURVE('',#3265,#3274,#3276,.T.);
#3274 = VERTEX_POINT('',#3275);
#3275 = CARTESIAN_POINT('',(-1.,0.625,1.21));
#3276 = LINE('',#3277,#3278);
#3277 = CARTESIAN_POINT('',(-1.,0.625,0.));
#3278 = VECTOR('',#3279,1.);
#3279 = DIRECTION('',(0.,0.,1.));
#3280 = ORIENTED_EDGE('',*,*,#3281,.T.);
#3281 = EDGE_CURVE('',#3274,#3282,#3284,.T.);
#3282 = VERTEX_POINT('',#3283);
#3283 = CARTESIAN_POINT('',(-1.,0.585,1.25));
#3284 = CIRCLE('',#3285,4.E-02);
#3285 = AXIS2_PLACEMENT_3D('',#3286,#3287,#3288);
#3286 = CARTESIAN_POINT('',(-1.,0.585,1.21));
#3287 = DIRECTION('',(1.,0.,-0.));
#3288 = DIRECTION('',(0.,0.,1.));
#3289 = ORIENTED_EDGE('',*,*,#3290,.F.);
#3290 = EDGE_CURVE('',#3291,#3282,#3293,.T.);
#3291 = VERTEX_POINT('',#3292);
#3292 = CARTESIAN_POINT('',(-1.,-0.585,1.25));
#3293 = LINE('',#3294,#3295);
#3294 = CARTESIAN_POINT('',(-1.,-0.625,1.25));
#3295 = VECTOR('',#3296,1.);
#3296 = DIRECTION('',(0.,1.,0.));
#3297 = ORIENTED_EDGE('',*,*,#3298,.F.);
#3298 = EDGE_CURVE('',#3240,#3291,#3299,.T.);
#3299 = CIRCLE('',#3300,4.E-02);
#3300 = AXIS2_PLACEMENT_3D('',#3301,#3302,#3303);
#3301 = CARTESIAN_POINT('',(-1.,-0.585,1.21));
#3302 = DIRECTION('',(-1.,0.,0.));
#3303 = DIRECTION('',(0.,0.,1.));
#3304 = PLANE('',#3305);
#3305 = AXIS2_PLACEMENT_3D('',#3306,#3307,#3308);
#3306 = CARTESIAN_POINT('',(-1.,-0.625,0.));
#3307 = DIRECTION('',(1.,0.,0.));
#3308 = DIRECTION('',(0.,0.,1.));
#3309 = ADVANCED_FACE('',(#3310),#3335,.F.);
#3310 = FACE_BOUND('',#3311,.F.);
#3311 = EDGE_LOOP('',(#3312,#3322,#3328,#3329));
#3312 = ORIENTED_EDGE('',*,*,#3313,.F.);
#3313 = EDGE_CURVE('',#3314,#3316,#3318,.T.);
#3314 = VERTEX_POINT('',#3315);
#3315 = CARTESIAN_POINT('',(-0.6,-0.625,4.E-02));
#3316 = VERTEX_POINT('',#3317);
#3317 = CARTESIAN_POINT('',(-0.6,-0.625,1.21));
#3318 = LINE('',#3319,#3320);
#3319 = CARTESIAN_POINT('',(-0.6,-0.625,0.));
#3320 = VECTOR('',#3321,1.);
#3321 = DIRECTION('',(0.,0.,1.));
#3322 = ORIENTED_EDGE('',*,*,#3323,.F.);
#3323 = EDGE_CURVE('',#3238,#3314,#3324,.T.);
#3324 = LINE('',#3325,#3326);
#3325 = CARTESIAN_POINT('',(-1.,-0.625,4.E-02));
#3326 = VECTOR('',#3327,1.);
#3327 = DIRECTION('',(1.,0.,0.));
#3328 = ORIENTED_EDGE('',*,*,#3237,.T.);
#3329 = ORIENTED_EDGE('',*,*,#3330,.T.);
#3330 = EDGE_CURVE('',#3240,#3316,#3331,.T.);
#3331 = LINE('',#3332,#3333);
#3332 = CARTESIAN_POINT('',(-1.,-0.625,1.21));
#3333 = VECTOR('',#3334,1.);
#3334 = DIRECTION('',(1.,0.,0.));
#3335 = PLANE('',#3336);
#3336 = AXIS2_PLACEMENT_3D('',#3337,#3338,#3339);
#3337 = CARTESIAN_POINT('',(-1.,-0.625,0.));
#3338 = DIRECTION('',(0.,1.,0.));
#3339 = DIRECTION('',(0.,-0.,1.));
#3340 = ADVANCED_FACE('',(#3341),#3360,.T.);
#3341 = FACE_BOUND('',#3342,.T.);
#3342 = EDGE_LOOP('',(#3343,#3344,#3352,#3359));
#3343 = ORIENTED_EDGE('',*,*,#3247,.T.);
#3344 = ORIENTED_EDGE('',*,*,#3345,.T.);
#3345 = EDGE_CURVE('',#3248,#3346,#3348,.T.);
#3346 = VERTEX_POINT('',#3347);
#3347 = CARTESIAN_POINT('',(-0.6,-0.585,0.));
#3348 = LINE('',#3349,#3350);
#3349 = CARTESIAN_POINT('',(-1.,-0.585,0.));
#3350 = VECTOR('',#3351,1.);
#3351 = DIRECTION('',(1.,0.,0.));
#3352 = ORIENTED_EDGE('',*,*,#3353,.F.);
#3353 = EDGE_CURVE('',#3314,#3346,#3354,.T.);
#3354 = CIRCLE('',#3355,4.E-02);
#3355 = AXIS2_PLACEMENT_3D('',#3356,#3357,#3358);
#3356 = CARTESIAN_POINT('',(-0.6,-0.585,4.E-02));
#3357 = DIRECTION('',(1.,0.,-0.));
#3358 = DIRECTION('',(0.,0.,1.));
#3359 = ORIENTED_EDGE('',*,*,#3323,.F.);
#3360 = CYLINDRICAL_SURFACE('',#3361,4.E-02);
#3361 = AXIS2_PLACEMENT_3D('',#3362,#3363,#3364);
#3362 = CARTESIAN_POINT('',(-1.,-0.585,4.E-02));
#3363 = DIRECTION('',(1.,0.,0.));
#3364 = DIRECTION('',(0.,-1.,0.));
#3365 = ADVANCED_FACE('',(#3366),#3385,.T.);
#3366 = FACE_BOUND('',#3367,.T.);
#3367 = EDGE_LOOP('',(#3368,#3369,#3378,#3384));
#3368 = ORIENTED_EDGE('',*,*,#3330,.T.);
#3369 = ORIENTED_EDGE('',*,*,#3370,.T.);
#3370 = EDGE_CURVE('',#3316,#3371,#3373,.T.);
#3371 = VERTEX_POINT('',#3372);
#3372 = CARTESIAN_POINT('',(-0.6,-0.585,1.25));
#3373 = CIRCLE('',#3374,4.E-02);
#3374 = AXIS2_PLACEMENT_3D('',#3375,#3376,#3377);
#3375 = CARTESIAN_POINT('',(-0.6,-0.585,1.21));
#3376 = DIRECTION('',(-1.,0.,0.));
#3377 = DIRECTION('',(0.,0.,1.));
#3378 = ORIENTED_EDGE('',*,*,#3379,.F.);
#3379 = EDGE_CURVE('',#3291,#3371,#3380,.T.);
#3380 = LINE('',#3381,#3382);
#3381 = CARTESIAN_POINT('',(-1.,-0.585,1.25));
#3382 = VECTOR('',#3383,1.);
#3383 = DIRECTION('',(1.,0.,0.));
#3384 = ORIENTED_EDGE('',*,*,#3298,.F.);
#3385 = CYLINDRICAL_SURFACE('',#3386,4.E-02);
#3386 = AXIS2_PLACEMENT_3D('',#3387,#3388,#3389);
#3387 = CARTESIAN_POINT('',(-1.,-0.585,1.21));
#3388 = DIRECTION('',(1.,0.,0.));
#3389 = DIRECTION('',(0.,-1.,0.));
#3390 = ADVANCED_FACE('',(#3391),#3409,.F.);
#3391 = FACE_BOUND('',#3392,.F.);
#3392 = EDGE_LOOP('',(#3393,#3394,#3395,#3403));
#3393 = ORIENTED_EDGE('',*,*,#3256,.F.);
#3394 = ORIENTED_EDGE('',*,*,#3345,.T.);
#3395 = ORIENTED_EDGE('',*,*,#3396,.T.);
#3396 = EDGE_CURVE('',#3346,#3397,#3399,.T.);
#3397 = VERTEX_POINT('',#3398);
#3398 = CARTESIAN_POINT('',(-0.6,0.585,0.));
#3399 = LINE('',#3400,#3401);
#3400 = CARTESIAN_POINT('',(-0.6,-0.625,0.));
#3401 = VECTOR('',#3402,1.);
#3402 = DIRECTION('',(0.,1.,0.));
#3403 = ORIENTED_EDGE('',*,*,#3404,.F.);
#3404 = EDGE_CURVE('',#3257,#3397,#3405,.T.);
#3405 = LINE('',#3406,#3407);
#3406 = CARTESIAN_POINT('',(-1.,0.585,0.));
#3407 = VECTOR('',#3408,1.);
#3408 = DIRECTION('',(1.,0.,0.));
#3409 = PLANE('',#3410);
#3410 = AXIS2_PLACEMENT_3D('',#3411,#3412,#3413);
#3411 = CARTESIAN_POINT('',(-1.,-0.625,0.));
#3412 = DIRECTION('',(0.,0.,1.));
#3413 = DIRECTION('',(1.,0.,-0.));
#3414 = ADVANCED_FACE('',(#3415),#3433,.T.);
#3415 = FACE_BOUND('',#3416,.T.);
#3416 = EDGE_LOOP('',(#3417,#3418,#3419,#3427));
#3417 = ORIENTED_EDGE('',*,*,#3290,.F.);
#3418 = ORIENTED_EDGE('',*,*,#3379,.T.);
#3419 = ORIENTED_EDGE('',*,*,#3420,.T.);
#3420 = EDGE_CURVE('',#3371,#3421,#3423,.T.);
#3421 = VERTEX_POINT('',#3422);
#3422 = CARTESIAN_POINT('',(-0.6,0.585,1.25));
#3423 = LINE('',#3424,#3425);
#3424 = CARTESIAN_POINT('',(-0.6,-0.625,1.25));
#3425 = VECTOR('',#3426,1.);
#3426 = DIRECTION('',(0.,1.,0.));
#3427 = ORIENTED_EDGE('',*,*,#3428,.F.);
#3428 = EDGE_CURVE('',#3282,#3421,#3429,.T.);
#3429 = LINE('',#3430,#3431);
#3430 = CARTESIAN_POINT('',(-1.,0.585,1.25));
#3431 = VECTOR('',#3432,1.);
#3432 = DIRECTION('',(1.,0.,0.));
#3433 = PLANE('',#3434);
#3434 = AXIS2_PLACEMENT_3D('',#3435,#3436,#3437);
#3435 = CARTESIAN_POINT('',(-1.,-0.625,1.25));
#3436 = DIRECTION('',(0.,0.,1.));
#3437 = DIRECTION('',(1.,0.,-0.));
#3438 = ADVANCED_FACE('',(#3439),#3458,.T.);
#3439 = FACE_BOUND('',#3440,.T.);
#3440 = EDGE_LOOP('',(#3441,#3449,#3456,#3457));
#3441 = ORIENTED_EDGE('',*,*,#3442,.T.);
#3442 = EDGE_CURVE('',#3265,#3443,#3445,.T.);
#3443 = VERTEX_POINT('',#3444);
#3444 = CARTESIAN_POINT('',(-0.6,0.625,4.E-02));
#3445 = LINE('',#3446,#3447);
#3446 = CARTESIAN_POINT('',(-1.,0.625,4.E-02));
#3447 = VECTOR('',#3448,1.);
#3448 = DIRECTION('',(1.,0.,0.));
#3449 = ORIENTED_EDGE('',*,*,#3450,.T.);
#3450 = EDGE_CURVE('',#3443,#3397,#3451,.T.);
#3451 = CIRCLE('',#3452,4.E-02);
#3452 = AXIS2_PLACEMENT_3D('',#3453,#3454,#3455);
#3453 = CARTESIAN_POINT('',(-0.6,0.585,4.E-02));
#3454 = DIRECTION('',(-1.,0.,0.));
#3455 = DIRECTION('',(0.,0.,1.));
#3456 = ORIENTED_EDGE('',*,*,#3404,.F.);
#3457 = ORIENTED_EDGE('',*,*,#3264,.F.);
#3458 = CYLINDRICAL_SURFACE('',#3459,4.E-02);
#3459 = AXIS2_PLACEMENT_3D('',#3460,#3461,#3462);
#3460 = CARTESIAN_POINT('',(-1.,0.585,4.E-02));
#3461 = DIRECTION('',(1.,0.,0.));
#3462 = DIRECTION('',(-0.,1.,0.));
#3463 = ADVANCED_FACE('',(#3464),#3483,.T.);
#3464 = FACE_BOUND('',#3465,.T.);
#3465 = EDGE_LOOP('',(#3466,#3467,#3468,#3477));
#3466 = ORIENTED_EDGE('',*,*,#3281,.T.);
#3467 = ORIENTED_EDGE('',*,*,#3428,.T.);
#3468 = ORIENTED_EDGE('',*,*,#3469,.F.);
#3469 = EDGE_CURVE('',#3470,#3421,#3472,.T.);
#3470 = VERTEX_POINT('',#3471);
#3471 = CARTESIAN_POINT('',(-0.6,0.625,1.21));
#3472 = CIRCLE('',#3473,4.E-02);
#3473 = AXIS2_PLACEMENT_3D('',#3474,#3475,#3476);
#3474 = CARTESIAN_POINT('',(-0.6,0.585,1.21));
#3475 = DIRECTION('',(1.,0.,-0.));
#3476 = DIRECTION('',(0.,0.,1.));
#3477 = ORIENTED_EDGE('',*,*,#3478,.F.);
#3478 = EDGE_CURVE('',#3274,#3470,#3479,.T.);
#3479 = LINE('',#3480,#3481);
#3480 = CARTESIAN_POINT('',(-1.,0.625,1.21));
#3481 = VECTOR('',#3482,1.);
#3482 = DIRECTION('',(1.,0.,0.));
#3483 = CYLINDRICAL_SURFACE('',#3484,4.E-02);
#3484 = AXIS2_PLACEMENT_3D('',#3485,#3486,#3487);
#3485 = CARTESIAN_POINT('',(-1.,0.585,1.21));
#3486 = DIRECTION('',(1.,0.,0.));
#3487 = DIRECTION('',(-0.,1.,0.));
#3488 = ADVANCED_FACE('',(#3489),#3500,.T.);
#3489 = FACE_BOUND('',#3490,.T.);
#3490 = EDGE_LOOP('',(#3491,#3497,#3498,#3499));
#3491 = ORIENTED_EDGE('',*,*,#3492,.F.);
#3492 = EDGE_CURVE('',#3443,#3470,#3493,.T.);
#3493 = LINE('',#3494,#3495);
#3494 = CARTESIAN_POINT('',(-0.6,0.625,0.));
#3495 = VECTOR('',#3496,1.);
#3496 = DIRECTION('',(0.,0.,1.));
#3497 = ORIENTED_EDGE('',*,*,#3442,.F.);
#3498 = ORIENTED_EDGE('',*,*,#3273,.T.);
#3499 = ORIENTED_EDGE('',*,*,#3478,.T.);
#3500 = PLANE('',#3501);
#3501 = AXIS2_PLACEMENT_3D('',#3502,#3503,#3504);
#3502 = CARTESIAN_POINT('',(-1.,0.625,0.));
#3503 = DIRECTION('',(0.,1.,0.));
#3504 = DIRECTION('',(0.,-0.,1.));
#3505 = ADVANCED_FACE('',(#3506,#3516),#3586,.T.);
#3506 = FACE_BOUND('',#3507,.T.);
#3507 = EDGE_LOOP('',(#3508,#3509,#3510,#3511,#3512,#3513,#3514,#3515));
#3508 = ORIENTED_EDGE('',*,*,#3313,.F.);
#3509 = ORIENTED_EDGE('',*,*,#3353,.T.);
#3510 = ORIENTED_EDGE('',*,*,#3396,.T.);
#3511 = ORIENTED_EDGE('',*,*,#3450,.F.);
#3512 = ORIENTED_EDGE('',*,*,#3492,.T.);
#3513 = ORIENTED_EDGE('',*,*,#3469,.T.);
#3514 = ORIENTED_EDGE('',*,*,#3420,.F.);
#3515 = ORIENTED_EDGE('',*,*,#3370,.F.);
#3516 = FACE_BOUND('',#3517,.T.);
#3517 = EDGE_LOOP('',(#3518,#3529,#3537,#3546,#3554,#3563,#3571,#3580));
#3518 = ORIENTED_EDGE('',*,*,#3519,.F.);
#3519 = EDGE_CURVE('',#3520,#3522,#3524,.T.);
#3520 = VERTEX_POINT('',#3521);
#3521 = CARTESIAN_POINT('',(-0.6,-0.585,8.E-02));
#3522 = VERTEX_POINT('',#3523);
#3523 = CARTESIAN_POINT('',(-0.6,-0.545,4.E-02));
#3524 = CIRCLE('',#3525,4.E-02);
#3525 = AXIS2_PLACEMENT_3D('',#3526,#3527,#3528);
#3526 = CARTESIAN_POINT('',(-0.6,-0.545,8.E-02));
#3527 = DIRECTION('',(1.,0.,-0.));
#3528 = DIRECTION('',(0.,0.,1.));
#3529 = ORIENTED_EDGE('',*,*,#3530,.T.);
#3530 = EDGE_CURVE('',#3520,#3531,#3533,.T.);
#3531 = VERTEX_POINT('',#3532);
#3532 = CARTESIAN_POINT('',(-0.6,-0.585,1.17));
#3533 = LINE('',#3534,#3535);
#3534 = CARTESIAN_POINT('',(-0.6,-0.585,4.E-02));
#3535 = VECTOR('',#3536,1.);
#3536 = DIRECTION('',(0.,0.,1.));
#3537 = ORIENTED_EDGE('',*,*,#3538,.T.);
#3538 = EDGE_CURVE('',#3531,#3539,#3541,.T.);
#3539 = VERTEX_POINT('',#3540);
#3540 = CARTESIAN_POINT('',(-0.6,-0.545,1.21));
#3541 = CIRCLE('',#3542,4.E-02);
#3542 = AXIS2_PLACEMENT_3D('',#3543,#3544,#3545);
#3543 = CARTESIAN_POINT('',(-0.6,-0.545,1.17));
#3544 = DIRECTION('',(-1.,0.,0.));
#3545 = DIRECTION('',(0.,0.,1.));
#3546 = ORIENTED_EDGE('',*,*,#3547,.T.);
#3547 = EDGE_CURVE('',#3539,#3548,#3550,.T.);
#3548 = VERTEX_POINT('',#3549);
#3549 = CARTESIAN_POINT('',(-0.6,0.545,1.21));
#3550 = LINE('',#3551,#3552);
#3551 = CARTESIAN_POINT('',(-0.6,-0.585,1.21));
#3552 = VECTOR('',#3553,1.);
#3553 = DIRECTION('',(0.,1.,0.));
#3554 = ORIENTED_EDGE('',*,*,#3555,.F.);
#3555 = EDGE_CURVE('',#3556,#3548,#3558,.T.);
#3556 = VERTEX_POINT('',#3557);
#3557 = CARTESIAN_POINT('',(-0.6,0.585,1.17));
#3558 = CIRCLE('',#3559,4.E-02);
#3559 = AXIS2_PLACEMENT_3D('',#3560,#3561,#3562);
#3560 = CARTESIAN_POINT('',(-0.6,0.545,1.17));
#3561 = DIRECTION('',(1.,0.,-0.));
#3562 = DIRECTION('',(0.,0.,1.));
#3563 = ORIENTED_EDGE('',*,*,#3564,.F.);
#3564 = EDGE_CURVE('',#3565,#3556,#3567,.T.);
#3565 = VERTEX_POINT('',#3566);
#3566 = CARTESIAN_POINT('',(-0.6,0.585,8.E-02));
#3567 = LINE('',#3568,#3569);
#3568 = CARTESIAN_POINT('',(-0.6,0.585,4.E-02));
#3569 = VECTOR('',#3570,1.);
#3570 = DIRECTION('',(0.,0.,1.));
#3571 = ORIENTED_EDGE('',*,*,#3572,.T.);
#3572 = EDGE_CURVE('',#3565,#3573,#3575,.T.);
#3573 = VERTEX_POINT('',#3574);
#3574 = CARTESIAN_POINT('',(-0.6,0.545,4.E-02));
#3575 = CIRCLE('',#3576,4.E-02);
#3576 = AXIS2_PLACEMENT_3D('',#3577,#3578,#3579);
#3577 = CARTESIAN_POINT('',(-0.6,0.545,8.E-02));
#3578 = DIRECTION('',(-1.,0.,0.));
#3579 = DIRECTION('',(0.,0.,1.));
#3580 = ORIENTED_EDGE('',*,*,#3581,.F.);
#3581 = EDGE_CURVE('',#3522,#3573,#3582,.T.);
#3582 = LINE('',#3583,#3584);
#3583 = CARTESIAN_POINT('',(-0.6,-0.585,4.E-02));
#3584 = VECTOR('',#3585,1.);
#3585 = DIRECTION('',(0.,1.,0.));
#3586 = PLANE('',#3587);
#3587 = AXIS2_PLACEMENT_3D('',#3588,#3589,#3590);
#3588 = CARTESIAN_POINT('',(-0.6,-0.625,0.));
#3589 = DIRECTION('',(1.,0.,0.));
#3590 = DIRECTION('',(0.,0.,1.));
#3591 = ADVANCED_FACE('',(#3592),#3618,.T.);
#3592 = FACE_BOUND('',#3593,.T.);
#3593 = EDGE_LOOP('',(#3594,#3595,#3603,#3612));
#3594 = ORIENTED_EDGE('',*,*,#3519,.T.);
#3595 = ORIENTED_EDGE('',*,*,#3596,.T.);
#3596 = EDGE_CURVE('',#3522,#3597,#3599,.T.);
#3597 = VERTEX_POINT('',#3598);
#3598 = CARTESIAN_POINT('',(0.6,-0.545,4.E-02));
#3599 = LINE('',#3600,#3601);
#3600 = CARTESIAN_POINT('',(-0.6,-0.545,4.E-02));
#3601 = VECTOR('',#3602,1.);
#3602 = DIRECTION('',(1.,0.,0.));
#3603 = ORIENTED_EDGE('',*,*,#3604,.F.);
#3604 = EDGE_CURVE('',#3605,#3597,#3607,.T.);
#3605 = VERTEX_POINT('',#3606);
#3606 = CARTESIAN_POINT('',(0.6,-0.585,8.E-02));
#3607 = CIRCLE('',#3608,4.E-02);
#3608 = AXIS2_PLACEMENT_3D('',#3609,#3610,#3611);
#3609 = CARTESIAN_POINT('',(0.6,-0.545,8.E-02));
#3610 = DIRECTION('',(1.,0.,-0.));
#3611 = DIRECTION('',(0.,0.,1.));
#3612 = ORIENTED_EDGE('',*,*,#3613,.F.);
#3613 = EDGE_CURVE('',#3520,#3605,#3614,.T.);
#3614 = LINE('',#3615,#3616);
#3615 = CARTESIAN_POINT('',(-0.6,-0.585,8.E-02));
#3616 = VECTOR('',#3617,1.);
#3617 = DIRECTION('',(1.,0.,0.));
#3618 = CYLINDRICAL_SURFACE('',#3619,4.E-02);
#3619 = AXIS2_PLACEMENT_3D('',#3620,#3621,#3622);
#3620 = CARTESIAN_POINT('',(-0.6,-0.545,8.E-02));
#3621 = DIRECTION('',(1.,0.,0.));
#3622 = DIRECTION('',(0.,-1.,0.));
#3623 = ADVANCED_FACE('',(#3624),#3642,.F.);
#3624 = FACE_BOUND('',#3625,.F.);
#3625 = EDGE_LOOP('',(#3626,#3627,#3628,#3636));
#3626 = ORIENTED_EDGE('',*,*,#3581,.F.);
#3627 = ORIENTED_EDGE('',*,*,#3596,.T.);
#3628 = ORIENTED_EDGE('',*,*,#3629,.T.);
#3629 = EDGE_CURVE('',#3597,#3630,#3632,.T.);
#3630 = VERTEX_POINT('',#3631);
#3631 = CARTESIAN_POINT('',(0.6,0.545,4.E-02));
#3632 = LINE('',#3633,#3634);
#3633 = CARTESIAN_POINT('',(0.6,-0.585,4.E-02));
#3634 = VECTOR('',#3635,1.);
#3635 = DIRECTION('',(0.,1.,0.));
#3636 = ORIENTED_EDGE('',*,*,#3637,.F.);
#3637 = EDGE_CURVE('',#3573,#3630,#3638,.T.);
#3638 = LINE('',#3639,#3640);
#3639 = CARTESIAN_POINT('',(-0.6,0.545,4.E-02));
#3640 = VECTOR('',#3641,1.);
#3641 = DIRECTION('',(1.,0.,0.));
#3642 = PLANE('',#3643);
#3643 = AXIS2_PLACEMENT_3D('',#3644,#3645,#3646);
#3644 = CARTESIAN_POINT('',(-0.6,-0.585,4.E-02));
#3645 = DIRECTION('',(0.,0.,1.));
#3646 = DIRECTION('',(1.,0.,-0.));
#3647 = ADVANCED_FACE('',(#3648),#3667,.T.);
#3648 = FACE_BOUND('',#3649,.T.);
#3649 = EDGE_LOOP('',(#3650,#3658,#3665,#3666));
#3650 = ORIENTED_EDGE('',*,*,#3651,.T.);
#3651 = EDGE_CURVE('',#3565,#3652,#3654,.T.);
#3652 = VERTEX_POINT('',#3653);
#3653 = CARTESIAN_POINT('',(0.6,0.585,8.E-02));
#3654 = LINE('',#3655,#3656);
#3655 = CARTESIAN_POINT('',(-0.6,0.585,8.E-02));
#3656 = VECTOR('',#3657,1.);
#3657 = DIRECTION('',(1.,0.,0.));
#3658 = ORIENTED_EDGE('',*,*,#3659,.T.);
#3659 = EDGE_CURVE('',#3652,#3630,#3660,.T.);
#3660 = CIRCLE('',#3661,4.E-02);
#3661 = AXIS2_PLACEMENT_3D('',#3662,#3663,#3664);
#3662 = CARTESIAN_POINT('',(0.6,0.545,8.E-02));
#3663 = DIRECTION('',(-1.,0.,0.));
#3664 = DIRECTION('',(0.,0.,1.));
#3665 = ORIENTED_EDGE('',*,*,#3637,.F.);
#3666 = ORIENTED_EDGE('',*,*,#3572,.F.);
#3667 = CYLINDRICAL_SURFACE('',#3668,4.E-02);
#3668 = AXIS2_PLACEMENT_3D('',#3669,#3670,#3671);
#3669 = CARTESIAN_POINT('',(-0.6,0.545,8.E-02));
#3670 = DIRECTION('',(1.,0.,0.));
#3671 = DIRECTION('',(-0.,1.,0.));
#3672 = ADVANCED_FACE('',(#3673),#3691,.T.);
#3673 = FACE_BOUND('',#3674,.T.);
#3674 = EDGE_LOOP('',(#3675,#3683,#3684,#3685));
#3675 = ORIENTED_EDGE('',*,*,#3676,.F.);
#3676 = EDGE_CURVE('',#3652,#3677,#3679,.T.);
#3677 = VERTEX_POINT('',#3678);
#3678 = CARTESIAN_POINT('',(0.6,0.585,1.17));
#3679 = LINE('',#3680,#3681);
#3680 = CARTESIAN_POINT('',(0.6,0.585,4.E-02));
#3681 = VECTOR('',#3682,1.);
#3682 = DIRECTION('',(0.,0.,1.));
#3683 = ORIENTED_EDGE('',*,*,#3651,.F.);
#3684 = ORIENTED_EDGE('',*,*,#3564,.T.);
#3685 = ORIENTED_EDGE('',*,*,#3686,.T.);
#3686 = EDGE_CURVE('',#3556,#3677,#3687,.T.);
#3687 = LINE('',#3688,#3689);
#3688 = CARTESIAN_POINT('',(-0.6,0.585,1.17));
#3689 = VECTOR('',#3690,1.);
#3690 = DIRECTION('',(1.,0.,0.));
#3691 = PLANE('',#3692);
#3692 = AXIS2_PLACEMENT_3D('',#3693,#3694,#3695);
#3693 = CARTESIAN_POINT('',(-0.6,0.585,4.E-02));
#3694 = DIRECTION('',(0.,1.,0.));
#3695 = DIRECTION('',(0.,-0.,1.));
#3696 = ADVANCED_FACE('',(#3697),#3716,.T.);
#3697 = FACE_BOUND('',#3698,.T.);
#3698 = EDGE_LOOP('',(#3699,#3700,#3708,#3715));
#3699 = ORIENTED_EDGE('',*,*,#3555,.T.);
#3700 = ORIENTED_EDGE('',*,*,#3701,.T.);
#3701 = EDGE_CURVE('',#3548,#3702,#3704,.T.);
#3702 = VERTEX_POINT('',#3703);
#3703 = CARTESIAN_POINT('',(0.6,0.545,1.21));
#3704 = LINE('',#3705,#3706);
#3705 = CARTESIAN_POINT('',(-0.6,0.545,1.21));
#3706 = VECTOR('',#3707,1.);
#3707 = DIRECTION('',(1.,0.,0.));
#3708 = ORIENTED_EDGE('',*,*,#3709,.F.);
#3709 = EDGE_CURVE('',#3677,#3702,#3710,.T.);
#3710 = CIRCLE('',#3711,4.E-02);
#3711 = AXIS2_PLACEMENT_3D('',#3712,#3713,#3714);
#3712 = CARTESIAN_POINT('',(0.6,0.545,1.17));
#3713 = DIRECTION('',(1.,0.,-0.));
#3714 = DIRECTION('',(0.,0.,1.));
#3715 = ORIENTED_EDGE('',*,*,#3686,.F.);
#3716 = CYLINDRICAL_SURFACE('',#3717,4.E-02);
#3717 = AXIS2_PLACEMENT_3D('',#3718,#3719,#3720);
#3718 = CARTESIAN_POINT('',(-0.6,0.545,1.17));
#3719 = DIRECTION('',(1.,0.,0.));
#3720 = DIRECTION('',(-0.,1.,0.));
#3721 = ADVANCED_FACE('',(#3722),#3740,.T.);
#3722 = FACE_BOUND('',#3723,.T.);
#3723 = EDGE_LOOP('',(#3724,#3725,#3733,#3739));
#3724 = ORIENTED_EDGE('',*,*,#3547,.F.);
#3725 = ORIENTED_EDGE('',*,*,#3726,.T.);
#3726 = EDGE_CURVE('',#3539,#3727,#3729,.T.);
#3727 = VERTEX_POINT('',#3728);
#3728 = CARTESIAN_POINT('',(0.6,-0.545,1.21));
#3729 = LINE('',#3730,#3731);
#3730 = CARTESIAN_POINT('',(-0.6,-0.545,1.21));
#3731 = VECTOR('',#3732,1.);
#3732 = DIRECTION('',(1.,0.,0.));
#3733 = ORIENTED_EDGE('',*,*,#3734,.T.);
#3734 = EDGE_CURVE('',#3727,#3702,#3735,.T.);
#3735 = LINE('',#3736,#3737);
#3736 = CARTESIAN_POINT('',(0.6,-0.585,1.21));
#3737 = VECTOR('',#3738,1.);
#3738 = DIRECTION('',(0.,1.,0.));
#3739 = ORIENTED_EDGE('',*,*,#3701,.F.);
#3740 = PLANE('',#3741);
#3741 = AXIS2_PLACEMENT_3D('',#3742,#3743,#3744);
#3742 = CARTESIAN_POINT('',(-0.6,-0.585,1.21));
#3743 = DIRECTION('',(0.,0.,1.));
#3744 = DIRECTION('',(1.,0.,-0.));
#3745 = ADVANCED_FACE('',(#3746),#3765,.T.);
#3746 = FACE_BOUND('',#3747,.T.);
#3747 = EDGE_LOOP('',(#3748,#3756,#3763,#3764));
#3748 = ORIENTED_EDGE('',*,*,#3749,.T.);
#3749 = EDGE_CURVE('',#3531,#3750,#3752,.T.);
#3750 = VERTEX_POINT('',#3751);
#3751 = CARTESIAN_POINT('',(0.6,-0.585,1.17));
#3752 = LINE('',#3753,#3754);
#3753 = CARTESIAN_POINT('',(-0.6,-0.585,1.17));
#3754 = VECTOR('',#3755,1.);
#3755 = DIRECTION('',(1.,0.,0.));
#3756 = ORIENTED_EDGE('',*,*,#3757,.T.);
#3757 = EDGE_CURVE('',#3750,#3727,#3758,.T.);
#3758 = CIRCLE('',#3759,4.E-02);
#3759 = AXIS2_PLACEMENT_3D('',#3760,#3761,#3762);
#3760 = CARTESIAN_POINT('',(0.6,-0.545,1.17));
#3761 = DIRECTION('',(-1.,0.,0.));
#3762 = DIRECTION('',(0.,0.,1.));
#3763 = ORIENTED_EDGE('',*,*,#3726,.F.);
#3764 = ORIENTED_EDGE('',*,*,#3538,.F.);
#3765 = CYLINDRICAL_SURFACE('',#3766,4.E-02);
#3766 = AXIS2_PLACEMENT_3D('',#3767,#3768,#3769);
#3767 = CARTESIAN_POINT('',(-0.6,-0.545,1.17));
#3768 = DIRECTION('',(1.,0.,0.));
#3769 = DIRECTION('',(0.,-1.,0.));
#3770 = ADVANCED_FACE('',(#3771),#3782,.F.);
#3771 = FACE_BOUND('',#3772,.F.);
#3772 = EDGE_LOOP('',(#3773,#3779,#3780,#3781));
#3773 = ORIENTED_EDGE('',*,*,#3774,.F.);
#3774 = EDGE_CURVE('',#3605,#3750,#3775,.T.);
#3775 = LINE('',#3776,#3777);
#3776 = CARTESIAN_POINT('',(0.6,-0.585,4.E-02));
#3777 = VECTOR('',#3778,1.);
#3778 = DIRECTION('',(0.,0.,1.));
#3779 = ORIENTED_EDGE('',*,*,#3613,.F.);
#3780 = ORIENTED_EDGE('',*,*,#3530,.T.);
#3781 = ORIENTED_EDGE('',*,*,#3749,.T.);
#3782 = PLANE('',#3783);
#3783 = AXIS2_PLACEMENT_3D('',#3784,#3785,#3786);
#3784 = CARTESIAN_POINT('',(-0.6,-0.585,4.E-02));
#3785 = DIRECTION('',(0.,1.,0.));
#3786 = DIRECTION('',(0.,-0.,1.));
#3787 = ADVANCED_FACE('',(#3788,#3858),#3868,.F.);
#3788 = FACE_BOUND('',#3789,.F.);
#3789 = EDGE_LOOP('',(#3790,#3800,#3809,#3817,#3826,#3834,#3843,#3851));
#3790 = ORIENTED_EDGE('',*,*,#3791,.F.);
#3791 = EDGE_CURVE('',#3792,#3794,#3796,.T.);
#3792 = VERTEX_POINT('',#3793);
#3793 = CARTESIAN_POINT('',(0.6,-0.625,4.E-02));
#3794 = VERTEX_POINT('',#3795);
#3795 = CARTESIAN_POINT('',(0.6,-0.625,1.21));
#3796 = LINE('',#3797,#3798);
#3797 = CARTESIAN_POINT('',(0.6,-0.625,0.));
#3798 = VECTOR('',#3799,1.);
#3799 = DIRECTION('',(0.,0.,1.));
#3800 = ORIENTED_EDGE('',*,*,#3801,.T.);
#3801 = EDGE_CURVE('',#3792,#3802,#3804,.T.);
#3802 = VERTEX_POINT('',#3803);
#3803 = CARTESIAN_POINT('',(0.6,-0.585,0.));
#3804 = CIRCLE('',#3805,4.E-02);
#3805 = AXIS2_PLACEMENT_3D('',#3806,#3807,#3808);
#3806 = CARTESIAN_POINT('',(0.6,-0.585,4.E-02));
#3807 = DIRECTION('',(1.,0.,-0.));
#3808 = DIRECTION('',(0.,0.,1.));
#3809 = ORIENTED_EDGE('',*,*,#3810,.T.);
#3810 = EDGE_CURVE('',#3802,#3811,#3813,.T.);
#3811 = VERTEX_POINT('',#3812);
#3812 = CARTESIAN_POINT('',(0.6,0.585,0.));
#3813 = LINE('',#3814,#3815);
#3814 = CARTESIAN_POINT('',(0.6,-0.625,0.));
#3815 = VECTOR('',#3816,1.);
#3816 = DIRECTION('',(0.,1.,0.));
#3817 = ORIENTED_EDGE('',*,*,#3818,.F.);
#3818 = EDGE_CURVE('',#3819,#3811,#3821,.T.);
#3819 = VERTEX_POINT('',#3820);
#3820 = CARTESIAN_POINT('',(0.6,0.625,4.E-02));
#3821 = CIRCLE('',#3822,4.E-02);
#3822 = AXIS2_PLACEMENT_3D('',#3823,#3824,#3825);
#3823 = CARTESIAN_POINT('',(0.6,0.585,4.E-02));
#3824 = DIRECTION('',(-1.,0.,0.));
#3825 = DIRECTION('',(0.,0.,1.));
#3826 = ORIENTED_EDGE('',*,*,#3827,.T.);
#3827 = EDGE_CURVE('',#3819,#3828,#3830,.T.);
#3828 = VERTEX_POINT('',#3829);
#3829 = CARTESIAN_POINT('',(0.6,0.625,1.21));
#3830 = LINE('',#3831,#3832);
#3831 = CARTESIAN_POINT('',(0.6,0.625,0.));
#3832 = VECTOR('',#3833,1.);
#3833 = DIRECTION('',(0.,0.,1.));
#3834 = ORIENTED_EDGE('',*,*,#3835,.T.);
#3835 = EDGE_CURVE('',#3828,#3836,#3838,.T.);
#3836 = VERTEX_POINT('',#3837);
#3837 = CARTESIAN_POINT('',(0.6,0.585,1.25));
#3838 = CIRCLE('',#3839,4.E-02);
#3839 = AXIS2_PLACEMENT_3D('',#3840,#3841,#3842);
#3840 = CARTESIAN_POINT('',(0.6,0.585,1.21));
#3841 = DIRECTION('',(1.,0.,-0.));
#3842 = DIRECTION('',(0.,0.,1.));
#3843 = ORIENTED_EDGE('',*,*,#3844,.F.);
#3844 = EDGE_CURVE('',#3845,#3836,#3847,.T.);
#3845 = VERTEX_POINT('',#3846);
#3846 = CARTESIAN_POINT('',(0.6,-0.585,1.25));
#3847 = LINE('',#3848,#3849);
#3848 = CARTESIAN_POINT('',(0.6,-0.625,1.25));
#3849 = VECTOR('',#3850,1.);
#3850 = DIRECTION('',(0.,1.,0.));
#3851 = ORIENTED_EDGE('',*,*,#3852,.F.);
#3852 = EDGE_CURVE('',#3794,#3845,#3853,.T.);
#3853 = CIRCLE('',#3854,4.E-02);
#3854 = AXIS2_PLACEMENT_3D('',#3855,#3856,#3857);
#3855 = CARTESIAN_POINT('',(0.6,-0.585,1.21));
#3856 = DIRECTION('',(-1.,0.,0.));
#3857 = DIRECTION('',(0.,0.,1.));
#3858 = FACE_BOUND('',#3859,.F.);
#3859 = EDGE_LOOP('',(#3860,#3861,#3862,#3863,#3864,#3865,#3866,#3867));
#3860 = ORIENTED_EDGE('',*,*,#3604,.F.);
#3861 = ORIENTED_EDGE('',*,*,#3774,.T.);
#3862 = ORIENTED_EDGE('',*,*,#3757,.T.);
#3863 = ORIENTED_EDGE('',*,*,#3734,.T.);
#3864 = ORIENTED_EDGE('',*,*,#3709,.F.);
#3865 = ORIENTED_EDGE('',*,*,#3676,.F.);
#3866 = ORIENTED_EDGE('',*,*,#3659,.T.);
#3867 = ORIENTED_EDGE('',*,*,#3629,.F.);
#3868 = PLANE('',#3869);
#3869 = AXIS2_PLACEMENT_3D('',#3870,#3871,#3872);
#3870 = CARTESIAN_POINT('',(0.6,-0.625,0.));
#3871 = DIRECTION('',(1.,0.,0.));
#3872 = DIRECTION('',(0.,0.,1.));
#3873 = ADVANCED_FACE('',(#3874),#3899,.F.);
#3874 = FACE_BOUND('',#3875,.F.);
#3875 = EDGE_LOOP('',(#3876,#3886,#3892,#3893));
#3876 = ORIENTED_EDGE('',*,*,#3877,.F.);
#3877 = EDGE_CURVE('',#3878,#3880,#3882,.T.);
#3878 = VERTEX_POINT('',#3879);
#3879 = CARTESIAN_POINT('',(1.,-0.625,4.E-02));
#3880 = VERTEX_POINT('',#3881);
#3881 = CARTESIAN_POINT('',(1.,-0.625,1.21));
#3882 = LINE('',#3883,#3884);
#3883 = CARTESIAN_POINT('',(1.,-0.625,0.));
#3884 = VECTOR('',#3885,1.);
#3885 = DIRECTION('',(0.,0.,1.));
#3886 = ORIENTED_EDGE('',*,*,#3887,.F.);
#3887 = EDGE_CURVE('',#3792,#3878,#3888,.T.);
#3888 = LINE('',#3889,#3890);
#3889 = CARTESIAN_POINT('',(0.6,-0.625,4.E-02));
#3890 = VECTOR('',#3891,1.);
#3891 = DIRECTION('',(1.,0.,0.));
#3892 = ORIENTED_EDGE('',*,*,#3791,.T.);
#3893 = ORIENTED_EDGE('',*,*,#3894,.T.);
#3894 = EDGE_CURVE('',#3794,#3880,#3895,.T.);
#3895 = LINE('',#3896,#3897);
#3896 = CARTESIAN_POINT('',(0.6,-0.625,1.21));
#3897 = VECTOR('',#3898,1.);
#3898 = DIRECTION('',(1.,0.,0.));
#3899 = PLANE('',#3900);
#3900 = AXIS2_PLACEMENT_3D('',#3901,#3902,#3903);
#3901 = CARTESIAN_POINT('',(0.6,-0.625,0.));
#3902 = DIRECTION('',(0.,1.,0.));
#3903 = DIRECTION('',(0.,-0.,1.));
#3904 = ADVANCED_FACE('',(#3905),#3924,.T.);
#3905 = FACE_BOUND('',#3906,.T.);
#3906 = EDGE_LOOP('',(#3907,#3908,#3916,#3923));
#3907 = ORIENTED_EDGE('',*,*,#3801,.T.);
#3908 = ORIENTED_EDGE('',*,*,#3909,.T.);
#3909 = EDGE_CURVE('',#3802,#3910,#3912,.T.);
#3910 = VERTEX_POINT('',#3911);
#3911 = CARTESIAN_POINT('',(1.,-0.585,0.));
#3912 = LINE('',#3913,#3914);
#3913 = CARTESIAN_POINT('',(0.6,-0.585,0.));
#3914 = VECTOR('',#3915,1.);
#3915 = DIRECTION('',(1.,0.,0.));
#3916 = ORIENTED_EDGE('',*,*,#3917,.F.);
#3917 = EDGE_CURVE('',#3878,#3910,#3918,.T.);
#3918 = CIRCLE('',#3919,4.E-02);
#3919 = AXIS2_PLACEMENT_3D('',#3920,#3921,#3922);
#3920 = CARTESIAN_POINT('',(1.,-0.585,4.E-02));
#3921 = DIRECTION('',(1.,0.,-0.));
#3922 = DIRECTION('',(0.,0.,1.));
#3923 = ORIENTED_EDGE('',*,*,#3887,.F.);
#3924 = CYLINDRICAL_SURFACE('',#3925,4.E-02);
#3925 = AXIS2_PLACEMENT_3D('',#3926,#3927,#3928);
#3926 = CARTESIAN_POINT('',(0.6,-0.585,4.E-02));
#3927 = DIRECTION('',(1.,0.,0.));
#3928 = DIRECTION('',(0.,-1.,0.));
#3929 = ADVANCED_FACE('',(#3930),#3949,.T.);
#3930 = FACE_BOUND('',#3931,.T.);
#3931 = EDGE_LOOP('',(#3932,#3933,#3942,#3948));
#3932 = ORIENTED_EDGE('',*,*,#3894,.T.);
#3933 = ORIENTED_EDGE('',*,*,#3934,.T.);
#3934 = EDGE_CURVE('',#3880,#3935,#3937,.T.);
#3935 = VERTEX_POINT('',#3936);
#3936 = CARTESIAN_POINT('',(1.,-0.585,1.25));
#3937 = CIRCLE('',#3938,4.E-02);
#3938 = AXIS2_PLACEMENT_3D('',#3939,#3940,#3941);
#3939 = CARTESIAN_POINT('',(1.,-0.585,1.21));
#3940 = DIRECTION('',(-1.,0.,0.));
#3941 = DIRECTION('',(0.,0.,1.));
#3942 = ORIENTED_EDGE('',*,*,#3943,.F.);
#3943 = EDGE_CURVE('',#3845,#3935,#3944,.T.);
#3944 = LINE('',#3945,#3946);
#3945 = CARTESIAN_POINT('',(0.6,-0.585,1.25));
#3946 = VECTOR('',#3947,1.);
#3947 = DIRECTION('',(1.,0.,0.));
#3948 = ORIENTED_EDGE('',*,*,#3852,.F.);
#3949 = CYLINDRICAL_SURFACE('',#3950,4.E-02);
#3950 = AXIS2_PLACEMENT_3D('',#3951,#3952,#3953);
#3951 = CARTESIAN_POINT('',(0.6,-0.585,1.21));
#3952 = DIRECTION('',(1.,0.,0.));
#3953 = DIRECTION('',(0.,-1.,0.));
#3954 = ADVANCED_FACE('',(#3955),#3973,.F.);
#3955 = FACE_BOUND('',#3956,.F.);
#3956 = EDGE_LOOP('',(#3957,#3958,#3959,#3967));
#3957 = ORIENTED_EDGE('',*,*,#3810,.F.);
#3958 = ORIENTED_EDGE('',*,*,#3909,.T.);
#3959 = ORIENTED_EDGE('',*,*,#3960,.T.);
#3960 = EDGE_CURVE('',#3910,#3961,#3963,.T.);
#3961 = VERTEX_POINT('',#3962);
#3962 = CARTESIAN_POINT('',(1.,0.585,0.));
#3963 = LINE('',#3964,#3965);
#3964 = CARTESIAN_POINT('',(1.,-0.625,0.));
#3965 = VECTOR('',#3966,1.);
#3966 = DIRECTION('',(0.,1.,0.));
#3967 = ORIENTED_EDGE('',*,*,#3968,.F.);
#3968 = EDGE_CURVE('',#3811,#3961,#3969,.T.);
#3969 = LINE('',#3970,#3971);
#3970 = CARTESIAN_POINT('',(0.6,0.585,0.));
#3971 = VECTOR('',#3972,1.);
#3972 = DIRECTION('',(1.,0.,0.));
#3973 = PLANE('',#3974);
#3974 = AXIS2_PLACEMENT_3D('',#3975,#3976,#3977);
#3975 = CARTESIAN_POINT('',(0.6,-0.625,0.));
#3976 = DIRECTION('',(0.,0.,1.));
#3977 = DIRECTION('',(1.,0.,-0.));
#3978 = ADVANCED_FACE('',(#3979),#3997,.T.);
#3979 = FACE_BOUND('',#3980,.T.);
#3980 = EDGE_LOOP('',(#3981,#3982,#3983,#3991));
#3981 = ORIENTED_EDGE('',*,*,#3844,.F.);
#3982 = ORIENTED_EDGE('',*,*,#3943,.T.);
#3983 = ORIENTED_EDGE('',*,*,#3984,.T.);
#3984 = EDGE_CURVE('',#3935,#3985,#3987,.T.);
#3985 = VERTEX_POINT('',#3986);
#3986 = CARTESIAN_POINT('',(1.,0.585,1.25));
#3987 = LINE('',#3988,#3989);
#3988 = CARTESIAN_POINT('',(1.,-0.625,1.25));
#3989 = VECTOR('',#3990,1.);
#3990 = DIRECTION('',(0.,1.,0.));
#3991 = ORIENTED_EDGE('',*,*,#3992,.F.);
#3992 = EDGE_CURVE('',#3836,#3985,#3993,.T.);
#3993 = LINE('',#3994,#3995);
#3994 = CARTESIAN_POINT('',(0.6,0.585,1.25));
#3995 = VECTOR('',#3996,1.);
#3996 = DIRECTION('',(1.,0.,0.));
#3997 = PLANE('',#3998);
#3998 = AXIS2_PLACEMENT_3D('',#3999,#4000,#4001);
#3999 = CARTESIAN_POINT('',(0.6,-0.625,1.25));
#4000 = DIRECTION('',(0.,0.,1.));
#4001 = DIRECTION('',(1.,0.,-0.));
#4002 = ADVANCED_FACE('',(#4003),#4022,.T.);
#4003 = FACE_BOUND('',#4004,.T.);
#4004 = EDGE_LOOP('',(#4005,#4013,#4020,#4021));
#4005 = ORIENTED_EDGE('',*,*,#4006,.T.);
#4006 = EDGE_CURVE('',#3819,#4007,#4009,.T.);
#4007 = VERTEX_POINT('',#4008);
#4008 = CARTESIAN_POINT('',(1.,0.625,4.E-02));
#4009 = LINE('',#4010,#4011);
#4010 = CARTESIAN_POINT('',(0.6,0.625,4.E-02));
#4011 = VECTOR('',#4012,1.);
#4012 = DIRECTION('',(1.,0.,0.));
#4013 = ORIENTED_EDGE('',*,*,#4014,.T.);
#4014 = EDGE_CURVE('',#4007,#3961,#4015,.T.);
#4015 = CIRCLE('',#4016,4.E-02);
#4016 = AXIS2_PLACEMENT_3D('',#4017,#4018,#4019);
#4017 = CARTESIAN_POINT('',(1.,0.585,4.E-02));
#4018 = DIRECTION('',(-1.,0.,0.));
#4019 = DIRECTION('',(0.,0.,1.));
#4020 = ORIENTED_EDGE('',*,*,#3968,.F.);
#4021 = ORIENTED_EDGE('',*,*,#3818,.F.);
#4022 = CYLINDRICAL_SURFACE('',#4023,4.E-02);
#4023 = AXIS2_PLACEMENT_3D('',#4024,#4025,#4026);
#4024 = CARTESIAN_POINT('',(0.6,0.585,4.E-02));
#4025 = DIRECTION('',(1.,0.,0.));
#4026 = DIRECTION('',(-0.,1.,0.));
#4027 = ADVANCED_FACE('',(#4028),#4047,.T.);
#4028 = FACE_BOUND('',#4029,.T.);
#4029 = EDGE_LOOP('',(#4030,#4031,#4032,#4041));
#4030 = ORIENTED_EDGE('',*,*,#3835,.T.);
#4031 = ORIENTED_EDGE('',*,*,#3992,.T.);
#4032 = ORIENTED_EDGE('',*,*,#4033,.F.);
#4033 = EDGE_CURVE('',#4034,#3985,#4036,.T.);
#4034 = VERTEX_POINT('',#4035);
#4035 = CARTESIAN_POINT('',(1.,0.625,1.21));
#4036 = CIRCLE('',#4037,4.E-02);
#4037 = AXIS2_PLACEMENT_3D('',#4038,#4039,#4040);
#4038 = CARTESIAN_POINT('',(1.,0.585,1.21));
#4039 = DIRECTION('',(1.,0.,-0.));
#4040 = DIRECTION('',(0.,0.,1.));
#4041 = ORIENTED_EDGE('',*,*,#4042,.F.);
#4042 = EDGE_CURVE('',#3828,#4034,#4043,.T.);
#4043 = LINE('',#4044,#4045);
#4044 = CARTESIAN_POINT('',(0.6,0.625,1.21));
#4045 = VECTOR('',#4046,1.);
#4046 = DIRECTION('',(1.,0.,0.));
#4047 = CYLINDRICAL_SURFACE('',#4048,4.E-02);
#4048 = AXIS2_PLACEMENT_3D('',#4049,#4050,#4051);
#4049 = CARTESIAN_POINT('',(0.6,0.585,1.21));
#4050 = DIRECTION('',(1.,0.,0.));
#4051 = DIRECTION('',(-0.,1.,0.));
#4052 = ADVANCED_FACE('',(#4053),#4064,.T.);
#4053 = FACE_BOUND('',#4054,.T.);
#4054 = EDGE_LOOP('',(#4055,#4061,#4062,#4063));
#4055 = ORIENTED_EDGE('',*,*,#4056,.F.);
#4056 = EDGE_CURVE('',#4007,#4034,#4057,.T.);
#4057 = LINE('',#4058,#4059);
#4058 = CARTESIAN_POINT('',(1.,0.625,0.));
#4059 = VECTOR('',#4060,1.);
#4060 = DIRECTION('',(0.,0.,1.));
#4061 = ORIENTED_EDGE('',*,*,#4006,.F.);
#4062 = ORIENTED_EDGE('',*,*,#3827,.T.);
#4063 = ORIENTED_EDGE('',*,*,#4042,.T.);
#4064 = PLANE('',#4065);
#4065 = AXIS2_PLACEMENT_3D('',#4066,#4067,#4068);
#4066 = CARTESIAN_POINT('',(0.6,0.625,0.));
#4067 = DIRECTION('',(0.,1.,0.));
#4068 = DIRECTION('',(0.,-0.,1.));
#4069 = ADVANCED_FACE('',(#4070),#4080,.T.);
#4070 = FACE_BOUND('',#4071,.T.);
#4071 = EDGE_LOOP('',(#4072,#4073,#4074,#4075,#4076,#4077,#4078,#4079));
#4072 = ORIENTED_EDGE('',*,*,#3877,.F.);
#4073 = ORIENTED_EDGE('',*,*,#3917,.T.);
#4074 = ORIENTED_EDGE('',*,*,#3960,.T.);
#4075 = ORIENTED_EDGE('',*,*,#4014,.F.);
#4076 = ORIENTED_EDGE('',*,*,#4056,.T.);
#4077 = ORIENTED_EDGE('',*,*,#4033,.T.);
#4078 = ORIENTED_EDGE('',*,*,#3984,.F.);
#4079 = ORIENTED_EDGE('',*,*,#3934,.F.);
#4080 = PLANE('',#4081);
#4081 = AXIS2_PLACEMENT_3D('',#4082,#4083,#4084);
#4082 = CARTESIAN_POINT('',(1.,-0.625,0.));
#4083 = DIRECTION('',(1.,0.,0.));
#4084 = DIRECTION('',(0.,0.,1.));
#4085 = ( GEOMETRIC_REPRESENTATION_CONTEXT(3) 
GLOBAL_UNCERTAINTY_ASSIGNED_CONTEXT((#4089)) 
GLOBAL_UNIT_ASSIGNED_CONTEXT((#4086,#4087,#4088)) REPRESENTATION_CONTEXT
('Context #1','3D Context with UNIT and UNCERTAINTY') );
#4086 = ( LENGTH_UNIT() NAMED_UNIT(*) SI_UNIT(.MILLI.,.METRE.) );
#4087 = ( NAMED_UNIT(*) PLANE_ANGLE_UNIT() SI_UNIT($,.RADIAN.) );
#4088 = ( NAMED_UNIT(*) SI_UNIT($,.STERADIAN.) SOLID_ANGLE_UNIT() );
#4089 = UNCERTAINTY_MEASURE_WITH_UNIT(LENGTH_MEASURE(1.E-07),#4086,
  'distance_accuracy_value','confusion accuracy');
#4090 = CONTEXT_DEPENDENT_SHAPE_REPRESENTATION(#4091,#4093);
#4091 = ( REPRESENTATION_RELATIONSHIP('','',#3230,#3207) 
REPRESENTATION_RELATIONSHIP_WITH_TRANSFORMATION(#4092) 
SHAPE_REPRESENTATION_RELATIONSHIP() );
#4092 = ITEM_DEFINED_TRANSFORMATION('','',#11,#3208);
#4093 = PRODUCT_DEFINITION_SHAPE('Placement','Placement of an item',
  #4094);
#4094 = NEXT_ASSEMBLY_USAGE_OCCURRENCE('3','=>[0:1:1:5]','',#3202,#3225,
  $);
#4095 = PRODUCT_RELATED_PRODUCT_CATEGORY('part',$,(#3227));
#4096 = SHAPE_DEFINITION_REPRESENTATION(#4097,#4103);
#4097 = PRODUCT_DEFINITION_SHAPE('','',#4098);
#4098 = PRODUCT_DEFINITION('design','',#4099,#4102);
#4099 = PRODUCT_DEFINITION_FORMATION('','',#4100);
#4100 = PRODUCT('R_0805_2012Metric','R_0805_2012Metric','',(#4101));
#4101 = PRODUCT_CONTEXT('',#2,'mechanical');
#4102 = PRODUCT_DEFINITION_CONTEXT('part definition',#2,'design');
#4103 = SHAPE_REPRESENTATION('',(#11,#4104),#4108);
#4104 = AXIS2_PLACEMENT_3D('',#4105,#4106,#4107);
#4105 = CARTESIAN_POINT('',(0.,0.,0.));
#4106 = DIRECTION('',(0.,0.,1.));
#4107 = DIRECTION('',(1.,0.,-0.));
#4108 = ( GEOMETRIC_REPRESENTATION_CONTEXT(3) 
GLOBAL_UNCERTAINTY_ASSIGNED_CONTEXT((#4112)) 
GLOBAL_UNIT_ASSIGNED_CONTEXT((#4109,#4110,#4111)) REPRESENTATION_CONTEXT
('Context #1','3D Context with UNIT and UNCERTAINTY') );
#4109 = ( LENGTH_UNIT() NAMED_UNIT(*) SI_UNIT(.MILLI.,.METRE.) );
#4110 = ( NAMED_UNIT(*) PLANE_ANGLE_UNIT() SI_UNIT($,.RADIAN.) );
#4111 = ( NAMED_UNIT(*) SI_UNIT($,.STERADIAN.) SOLID_ANGLE_UNIT() );
#4112 = UNCERTAINTY_MEASURE_WITH_UNIT(LENGTH_MEASURE(1.E-07),#4109,
  'distance_accuracy_value','confusion accuracy');
#4113 = CONTEXT_DEPENDENT_SHAPE_REPRESENTATION(#4114,#4116);
#4114 = ( REPRESENTATION_RELATIONSHIP('','',#4103,#10) 
REPRESENTATION_RELATIONSHIP_WITH_TRANSFORMATION(#4115) 
SHAPE_REPRESENTATION_RELATIONSHIP() );
#4115 = ITEM_DEFINED_TRANSFORMATION('','',#11,#23);
#4116 = PRODUCT_DEFINITION_SHAPE('Placement','Placement of an item',
  #4117);
#4117 = NEXT_ASSEMBLY_USAGE_OCCURRENCE('6','R1','',#5,#4098,$);
#4118 = PRODUCT_RELATED_PRODUCT_CATEGORY('part',$,(#4100));
#4119 = SHAPE_DEFINITION_REPRESENTATION(#4120,#4126);
#4120 = PRODUCT_DEFINITION_SHAPE('','',#4121);
#4121 = PRODUCT_DEFINITION('design','',#4122,#4125);
#4122 = PRODUCT_DEFINITION_FORMATION('','',#4123);
#4123 = PRODUCT('R_0805_2012Metric','R_0805_2012Metric','',(#4124));
#4124 = PRODUCT_CONTEXT('',#2,'mechanical');
#4125 = PRODUCT_DEFINITION_CONTEXT('part definition',#2,'design');
#4126 = ADVANCED_BREP_SHAPE_REPRESENTATION('',(#11,#4127),#4917);
#4127 = MANIFOLD_SOLID_BREP('',#4128);
#4128 = CLOSED_SHELL('',(#4129,#4169,#4252,#4277,#4302,#4369,#4386,#4403
    ,#4452,#4469,#4486,#4535,#4552,#4621,#4652,#4676,#4745,#4769,#4786,
    #4803,#4820,#4837,#4854,#4871,#4888,#4905));
#4129 = ADVANCED_FACE('',(#4130),#4164,.F.);
#4130 = FACE_BOUND('',#4131,.F.);
#4131 = EDGE_LOOP('',(#4132,#4142,#4150,#4158));
#4132 = ORIENTED_EDGE('',*,*,#4133,.F.);
#4133 = EDGE_CURVE('',#4134,#4136,#4138,.T.);
#4134 = VERTEX_POINT('',#4135);
#4135 = CARTESIAN_POINT('',(-1.,-0.6,4.5E-02));
#4136 = VERTEX_POINT('',#4137);
#4137 = CARTESIAN_POINT('',(-1.,-0.6,0.405));
#4138 = LINE('',#4139,#4140);
#4139 = CARTESIAN_POINT('',(-1.,-0.6,0.));
#4140 = VECTOR('',#4141,1.);
#4141 = DIRECTION('',(0.,0.,1.));
#4142 = ORIENTED_EDGE('',*,*,#4143,.T.);
#4143 = EDGE_CURVE('',#4134,#4144,#4146,.T.);
#4144 = VERTEX_POINT('',#4145);
#4145 = CARTESIAN_POINT('',(-1.,0.6,4.5E-02));
#4146 = LINE('',#4147,#4148);
#4147 = CARTESIAN_POINT('',(-1.,-0.6,4.5E-02));
#4148 = VECTOR('',#4149,1.);
#4149 = DIRECTION('',(0.,1.,0.));
#4150 = ORIENTED_EDGE('',*,*,#4151,.T.);
#4151 = EDGE_CURVE('',#4144,#4152,#4154,.T.);
#4152 = VERTEX_POINT('',#4153);
#4153 = CARTESIAN_POINT('',(-1.,0.6,0.405));
#4154 = LINE('',#4155,#4156);
#4155 = CARTESIAN_POINT('',(-1.,0.6,0.));
#4156 = VECTOR('',#4157,1.);
#4157 = DIRECTION('',(0.,0.,1.));
#4158 = ORIENTED_EDGE('',*,*,#4159,.F.);
#4159 = EDGE_CURVE('',#4136,#4152,#4160,.T.);
#4160 = LINE('',#4161,#4162);
#4161 = CARTESIAN_POINT('',(-1.,-0.6,0.405));
#4162 = VECTOR('',#4163,1.);
#4163 = DIRECTION('',(0.,1.,0.));
#4164 = PLANE('',#4165);
#4165 = AXIS2_PLACEMENT_3D('',#4166,#4167,#4168);
#4166 = CARTESIAN_POINT('',(-1.,-0.6,0.));
#4167 = DIRECTION('',(1.,0.,0.));
#4168 = DIRECTION('',(0.,0.,1.));
#4169 = ADVANCED_FACE('',(#4170),#4247,.F.);
#4170 = FACE_BOUND('',#4171,.F.);
#4171 = EDGE_LOOP('',(#4172,#4182,#4189,#4190,#4199,#4207,#4216,#4224,
    #4232,#4240));
#4172 = ORIENTED_EDGE('',*,*,#4173,.F.);
#4173 = EDGE_CURVE('',#4174,#4176,#4178,.T.);
#4174 = VERTEX_POINT('',#4175);
#4175 = CARTESIAN_POINT('',(-0.955,-0.6,-2.775557561563E-17));
#4176 = VERTEX_POINT('',#4177);
#4177 = CARTESIAN_POINT('',(-0.745,-0.6,-2.775557561563E-17));
#4178 = LINE('',#4179,#4180);
#4179 = CARTESIAN_POINT('',(-1.,-0.6,0.));
#4180 = VECTOR('',#4181,1.);
#4181 = DIRECTION('',(1.,0.,0.));
#4182 = ORIENTED_EDGE('',*,*,#4183,.F.);
#4183 = EDGE_CURVE('',#4134,#4174,#4184,.T.);
#4184 = CIRCLE('',#4185,4.5E-02);
#4185 = AXIS2_PLACEMENT_3D('',#4186,#4187,#4188);
#4186 = CARTESIAN_POINT('',(-0.955,-0.6,4.5E-02));
#4187 = DIRECTION('',(0.,-1.,0.));
#4188 = DIRECTION('',(0.,0.,1.));
#4189 = ORIENTED_EDGE('',*,*,#4133,.T.);
#4190 = ORIENTED_EDGE('',*,*,#4191,.T.);
#4191 = EDGE_CURVE('',#4136,#4192,#4194,.T.);
#4192 = VERTEX_POINT('',#4193);
#4193 = CARTESIAN_POINT('',(-0.955,-0.6,0.45));
#4194 = CIRCLE('',#4195,4.5E-02);
#4195 = AXIS2_PLACEMENT_3D('',#4196,#4197,#4198);
#4196 = CARTESIAN_POINT('',(-0.955,-0.6,0.405));
#4197 = DIRECTION('',(0.,1.,0.));
#4198 = DIRECTION('',(0.,-0.,1.));
#4199 = ORIENTED_EDGE('',*,*,#4200,.T.);
#4200 = EDGE_CURVE('',#4192,#4201,#4203,.T.);
#4201 = VERTEX_POINT('',#4202);
#4202 = CARTESIAN_POINT('',(-0.745,-0.6,0.45));
#4203 = LINE('',#4204,#4205);
#4204 = CARTESIAN_POINT('',(-1.,-0.6,0.45));
#4205 = VECTOR('',#4206,1.);
#4206 = DIRECTION('',(1.,0.,0.));
#4207 = ORIENTED_EDGE('',*,*,#4208,.F.);
#4208 = EDGE_CURVE('',#4209,#4201,#4211,.T.);
#4209 = VERTEX_POINT('',#4210);
#4210 = CARTESIAN_POINT('',(-0.7,-0.6,0.405));
#4211 = CIRCLE('',#4212,4.5E-02);
#4212 = AXIS2_PLACEMENT_3D('',#4213,#4214,#4215);
#4213 = CARTESIAN_POINT('',(-0.745,-0.6,0.405));
#4214 = DIRECTION('',(0.,-1.,0.));
#4215 = DIRECTION('',(0.,0.,1.));
#4216 = ORIENTED_EDGE('',*,*,#4217,.F.);
#4217 = EDGE_CURVE('',#4218,#4209,#4220,.T.);
#4218 = VERTEX_POINT('',#4219);
#4219 = CARTESIAN_POINT('',(-0.955,-0.6,0.405));
#4220 = LINE('',#4221,#4222);
#4221 = CARTESIAN_POINT('',(-0.955,-0.6,0.405));
#4222 = VECTOR('',#4223,1.);
#4223 = DIRECTION('',(1.,0.,0.));
#4224 = ORIENTED_EDGE('',*,*,#4225,.F.);
#4225 = EDGE_CURVE('',#4226,#4218,#4228,.T.);
#4226 = VERTEX_POINT('',#4227);
#4227 = CARTESIAN_POINT('',(-0.955,-0.6,4.5E-02));
#4228 = LINE('',#4229,#4230);
#4229 = CARTESIAN_POINT('',(-0.955,-0.6,4.5E-02));
#4230 = VECTOR('',#4231,1.);
#4231 = DIRECTION('',(0.,0.,1.));
#4232 = ORIENTED_EDGE('',*,*,#4233,.T.);
#4233 = EDGE_CURVE('',#4226,#4234,#4236,.T.);
#4234 = VERTEX_POINT('',#4235);
#4235 = CARTESIAN_POINT('',(-0.7,-0.6,4.5E-02));
#4236 = LINE('',#4237,#4238);
#4237 = CARTESIAN_POINT('',(-0.955,-0.6,4.5E-02));
#4238 = VECTOR('',#4239,1.);
#4239 = DIRECTION('',(1.,0.,0.));
#4240 = ORIENTED_EDGE('',*,*,#4241,.T.);
#4241 = EDGE_CURVE('',#4234,#4176,#4242,.T.);
#4242 = CIRCLE('',#4243,4.5E-02);
#4243 = AXIS2_PLACEMENT_3D('',#4244,#4245,#4246);
#4244 = CARTESIAN_POINT('',(-0.745,-0.6,4.5E-02));
#4245 = DIRECTION('',(0.,1.,0.));
#4246 = DIRECTION('',(0.,-0.,1.));
#4247 = PLANE('',#4248);
#4248 = AXIS2_PLACEMENT_3D('',#4249,#4250,#4251);
#4249 = CARTESIAN_POINT('',(-1.,-0.6,0.));
#4250 = DIRECTION('',(0.,1.,0.));
#4251 = DIRECTION('',(0.,-0.,1.));
#4252 = ADVANCED_FACE('',(#4253),#4272,.T.);
#4253 = FACE_BOUND('',#4254,.T.);
#4254 = EDGE_LOOP('',(#4255,#4256,#4265,#4271));
#4255 = ORIENTED_EDGE('',*,*,#4143,.T.);
#4256 = ORIENTED_EDGE('',*,*,#4257,.T.);
#4257 = EDGE_CURVE('',#4144,#4258,#4260,.T.);
#4258 = VERTEX_POINT('',#4259);
#4259 = CARTESIAN_POINT('',(-0.955,0.6,-2.775557561563E-17));
#4260 = CIRCLE('',#4261,4.5E-02);
#4261 = AXIS2_PLACEMENT_3D('',#4262,#4263,#4264);
#4262 = CARTESIAN_POINT('',(-0.955,0.6,4.5E-02));
#4263 = DIRECTION('',(0.,-1.,0.));
#4264 = DIRECTION('',(0.,0.,1.));
#4265 = ORIENTED_EDGE('',*,*,#4266,.F.);
#4266 = EDGE_CURVE('',#4174,#4258,#4267,.T.);
#4267 = LINE('',#4268,#4269);
#4268 = CARTESIAN_POINT('',(-0.955,-0.6,-2.775557561563E-17));
#4269 = VECTOR('',#4270,1.);
#4270 = DIRECTION('',(0.,1.,0.));
#4271 = ORIENTED_EDGE('',*,*,#4183,.F.);
#4272 = CYLINDRICAL_SURFACE('',#4273,4.5E-02);
#4273 = AXIS2_PLACEMENT_3D('',#4274,#4275,#4276);
#4274 = CARTESIAN_POINT('',(-0.955,-0.6,4.5E-02));
#4275 = DIRECTION('',(0.,1.,0.));
#4276 = DIRECTION('',(-1.,0.,0.));
#4277 = ADVANCED_FACE('',(#4278),#4297,.T.);
#4278 = FACE_BOUND('',#4279,.T.);
#4279 = EDGE_LOOP('',(#4280,#4281,#4289,#4296));
#4280 = ORIENTED_EDGE('',*,*,#4191,.T.);
#4281 = ORIENTED_EDGE('',*,*,#4282,.T.);
#4282 = EDGE_CURVE('',#4192,#4283,#4285,.T.);
#4283 = VERTEX_POINT('',#4284);
#4284 = CARTESIAN_POINT('',(-0.955,0.6,0.45));
#4285 = LINE('',#4286,#4287);
#4286 = CARTESIAN_POINT('',(-0.955,-0.6,0.45));
#4287 = VECTOR('',#4288,1.);
#4288 = DIRECTION('',(0.,1.,0.));
#4289 = ORIENTED_EDGE('',*,*,#4290,.F.);
#4290 = EDGE_CURVE('',#4152,#4283,#4291,.T.);
#4291 = CIRCLE('',#4292,4.5E-02);
#4292 = AXIS2_PLACEMENT_3D('',#4293,#4294,#4295);
#4293 = CARTESIAN_POINT('',(-0.955,0.6,0.405));
#4294 = DIRECTION('',(0.,1.,0.));
#4295 = DIRECTION('',(0.,-0.,1.));
#4296 = ORIENTED_EDGE('',*,*,#4159,.F.);
#4297 = CYLINDRICAL_SURFACE('',#4298,4.5E-02);
#4298 = AXIS2_PLACEMENT_3D('',#4299,#4300,#4301);
#4299 = CARTESIAN_POINT('',(-0.955,-0.6,0.405));
#4300 = DIRECTION('',(0.,1.,0.));
#4301 = DIRECTION('',(-1.,0.,0.));
#4302 = ADVANCED_FACE('',(#4303),#4364,.T.);
#4303 = FACE_BOUND('',#4304,.T.);
#4304 = EDGE_LOOP('',(#4305,#4313,#4314,#4315,#4316,#4324,#4333,#4341,
    #4349,#4357));
#4305 = ORIENTED_EDGE('',*,*,#4306,.F.);
#4306 = EDGE_CURVE('',#4258,#4307,#4309,.T.);
#4307 = VERTEX_POINT('',#4308);
#4308 = CARTESIAN_POINT('',(-0.745,0.6,-2.775557561563E-17));
#4309 = LINE('',#4310,#4311);
#4310 = CARTESIAN_POINT('',(-1.,0.6,0.));
#4311 = VECTOR('',#4312,1.);
#4312 = DIRECTION('',(1.,0.,0.));
#4313 = ORIENTED_EDGE('',*,*,#4257,.F.);
#4314 = ORIENTED_EDGE('',*,*,#4151,.T.);
#4315 = ORIENTED_EDGE('',*,*,#4290,.T.);
#4316 = ORIENTED_EDGE('',*,*,#4317,.T.);
#4317 = EDGE_CURVE('',#4283,#4318,#4320,.T.);
#4318 = VERTEX_POINT('',#4319);
#4319 = CARTESIAN_POINT('',(-0.745,0.6,0.45));
#4320 = LINE('',#4321,#4322);
#4321 = CARTESIAN_POINT('',(-1.,0.6,0.45));
#4322 = VECTOR('',#4323,1.);
#4323 = DIRECTION('',(1.,0.,0.));
#4324 = ORIENTED_EDGE('',*,*,#4325,.F.);
#4325 = EDGE_CURVE('',#4326,#4318,#4328,.T.);
#4326 = VERTEX_POINT('',#4327);
#4327 = CARTESIAN_POINT('',(-0.7,0.6,0.405));
#4328 = CIRCLE('',#4329,4.5E-02);
#4329 = AXIS2_PLACEMENT_3D('',#4330,#4331,#4332);
#4330 = CARTESIAN_POINT('',(-0.745,0.6,0.405));
#4331 = DIRECTION('',(0.,-1.,0.));
#4332 = DIRECTION('',(0.,0.,1.));
#4333 = ORIENTED_EDGE('',*,*,#4334,.F.);
#4334 = EDGE_CURVE('',#4335,#4326,#4337,.T.);
#4335 = VERTEX_POINT('',#4336);
#4336 = CARTESIAN_POINT('',(-0.955,0.6,0.405));
#4337 = LINE('',#4338,#4339);
#4338 = CARTESIAN_POINT('',(-0.955,0.6,0.405));
#4339 = VECTOR('',#4340,1.);
#4340 = DIRECTION('',(1.,0.,0.));
#4341 = ORIENTED_EDGE('',*,*,#4342,.F.);
#4342 = EDGE_CURVE('',#4343,#4335,#4345,.T.);
#4343 = VERTEX_POINT('',#4344);
#4344 = CARTESIAN_POINT('',(-0.955,0.6,4.5E-02));
#4345 = LINE('',#4346,#4347);
#4346 = CARTESIAN_POINT('',(-0.955,0.6,4.5E-02));
#4347 = VECTOR('',#4348,1.);
#4348 = DIRECTION('',(0.,0.,1.));
#4349 = ORIENTED_EDGE('',*,*,#4350,.T.);
#4350 = EDGE_CURVE('',#4343,#4351,#4353,.T.);
#4351 = VERTEX_POINT('',#4352);
#4352 = CARTESIAN_POINT('',(-0.7,0.6,4.5E-02));
#4353 = LINE('',#4354,#4355);
#4354 = CARTESIAN_POINT('',(-0.955,0.6,4.5E-02));
#4355 = VECTOR('',#4356,1.);
#4356 = DIRECTION('',(1.,0.,0.));
#4357 = ORIENTED_EDGE('',*,*,#4358,.T.);
#4358 = EDGE_CURVE('',#4351,#4307,#4359,.T.);
#4359 = CIRCLE('',#4360,4.5E-02);
#4360 = AXIS2_PLACEMENT_3D('',#4361,#4362,#4363);
#4361 = CARTESIAN_POINT('',(-0.745,0.6,4.5E-02));
#4362 = DIRECTION('',(0.,1.,0.));
#4363 = DIRECTION('',(0.,-0.,1.));
#4364 = PLANE('',#4365);
#4365 = AXIS2_PLACEMENT_3D('',#4366,#4367,#4368);
#4366 = CARTESIAN_POINT('',(-1.,0.6,0.));
#4367 = DIRECTION('',(0.,1.,0.));
#4368 = DIRECTION('',(0.,-0.,1.));
#4369 = ADVANCED_FACE('',(#4370),#4381,.F.);
#4370 = FACE_BOUND('',#4371,.F.);
#4371 = EDGE_LOOP('',(#4372,#4373,#4374,#4375));
#4372 = ORIENTED_EDGE('',*,*,#4306,.F.);
#4373 = ORIENTED_EDGE('',*,*,#4266,.F.);
#4374 = ORIENTED_EDGE('',*,*,#4173,.T.);
#4375 = ORIENTED_EDGE('',*,*,#4376,.T.);
#4376 = EDGE_CURVE('',#4176,#4307,#4377,.T.);
#4377 = LINE('',#4378,#4379);
#4378 = CARTESIAN_POINT('',(-0.745,-0.6,-2.775557561563E-17));
#4379 = VECTOR('',#4380,1.);
#4380 = DIRECTION('',(0.,1.,0.));
#4381 = PLANE('',#4382);
#4382 = AXIS2_PLACEMENT_3D('',#4383,#4384,#4385);
#4383 = CARTESIAN_POINT('',(-1.,-0.6,0.));
#4384 = DIRECTION('',(0.,0.,1.));
#4385 = DIRECTION('',(1.,0.,-0.));
#4386 = ADVANCED_FACE('',(#4387),#4398,.T.);
#4387 = FACE_BOUND('',#4388,.T.);
#4388 = EDGE_LOOP('',(#4389,#4390,#4391,#4392));
#4389 = ORIENTED_EDGE('',*,*,#4241,.T.);
#4390 = ORIENTED_EDGE('',*,*,#4376,.T.);
#4391 = ORIENTED_EDGE('',*,*,#4358,.F.);
#4392 = ORIENTED_EDGE('',*,*,#4393,.F.);
#4393 = EDGE_CURVE('',#4234,#4351,#4394,.T.);
#4394 = LINE('',#4395,#4396);
#4395 = CARTESIAN_POINT('',(-0.7,-0.6,4.5E-02));
#4396 = VECTOR('',#4397,1.);
#4397 = DIRECTION('',(0.,1.,0.));
#4398 = CYLINDRICAL_SURFACE('',#4399,4.5E-02);
#4399 = AXIS2_PLACEMENT_3D('',#4400,#4401,#4402);
#4400 = CARTESIAN_POINT('',(-0.745,-0.6,4.5E-02));
#4401 = DIRECTION('',(0.,1.,0.));
#4402 = DIRECTION('',(1.,0.,0.));
#4403 = ADVANCED_FACE('',(#4404),#4447,.F.);
#4404 = FACE_BOUND('',#4405,.F.);
#4405 = EDGE_LOOP('',(#4406,#4407,#4408,#4409,#4417,#4425,#4433,#4441));
#4406 = ORIENTED_EDGE('',*,*,#4233,.F.);
#4407 = ORIENTED_EDGE('',*,*,#4225,.T.);
#4408 = ORIENTED_EDGE('',*,*,#4217,.T.);
#4409 = ORIENTED_EDGE('',*,*,#4410,.T.);
#4410 = EDGE_CURVE('',#4209,#4411,#4413,.T.);
#4411 = VERTEX_POINT('',#4412);
#4412 = CARTESIAN_POINT('',(0.7,-0.6,0.405));
#4413 = LINE('',#4414,#4415);
#4414 = CARTESIAN_POINT('',(-0.7,-0.6,0.405));
#4415 = VECTOR('',#4416,1.);
#4416 = DIRECTION('',(1.,0.,0.));
#4417 = ORIENTED_EDGE('',*,*,#4418,.T.);
#4418 = EDGE_CURVE('',#4411,#4419,#4421,.T.);
#4419 = VERTEX_POINT('',#4420);
#4420 = CARTESIAN_POINT('',(0.955,-0.6,0.405));
#4421 = LINE('',#4422,#4423);
#4422 = CARTESIAN_POINT('',(-0.955,-0.6,0.405));
#4423 = VECTOR('',#4424,1.);
#4424 = DIRECTION('',(1.,0.,0.));
#4425 = ORIENTED_EDGE('',*,*,#4426,.F.);
#4426 = EDGE_CURVE('',#4427,#4419,#4429,.T.);
#4427 = VERTEX_POINT('',#4428);
#4428 = CARTESIAN_POINT('',(0.955,-0.6,4.5E-02));
#4429 = LINE('',#4430,#4431);
#4430 = CARTESIAN_POINT('',(0.955,-0.6,4.5E-02));
#4431 = VECTOR('',#4432,1.);
#4432 = DIRECTION('',(0.,0.,1.));
#4433 = ORIENTED_EDGE('',*,*,#4434,.F.);
#4434 = EDGE_CURVE('',#4435,#4427,#4437,.T.);
#4435 = VERTEX_POINT('',#4436);
#4436 = CARTESIAN_POINT('',(0.7,-0.6,4.5E-02));
#4437 = LINE('',#4438,#4439);
#4438 = CARTESIAN_POINT('',(-0.955,-0.6,4.5E-02));
#4439 = VECTOR('',#4440,1.);
#4440 = DIRECTION('',(1.,0.,0.));
#4441 = ORIENTED_EDGE('',*,*,#4442,.F.);
#4442 = EDGE_CURVE('',#4234,#4435,#4443,.T.);
#4443 = LINE('',#4444,#4445);
#4444 = CARTESIAN_POINT('',(-0.955,-0.6,4.5E-02));
#4445 = VECTOR('',#4446,1.);
#4446 = DIRECTION('',(1.,0.,0.));
#4447 = PLANE('',#4448);
#4448 = AXIS2_PLACEMENT_3D('',#4449,#4450,#4451);
#4449 = CARTESIAN_POINT('',(-0.955,-0.6,4.5E-02));
#4450 = DIRECTION('',(0.,1.,0.));
#4451 = DIRECTION('',(0.,-0.,1.));
#4452 = ADVANCED_FACE('',(#4453),#4464,.T.);
#4453 = FACE_BOUND('',#4454,.T.);
#4454 = EDGE_LOOP('',(#4455,#4456,#4457,#4458));
#4455 = ORIENTED_EDGE('',*,*,#4317,.F.);
#4456 = ORIENTED_EDGE('',*,*,#4282,.F.);
#4457 = ORIENTED_EDGE('',*,*,#4200,.T.);
#4458 = ORIENTED_EDGE('',*,*,#4459,.T.);
#4459 = EDGE_CURVE('',#4201,#4318,#4460,.T.);
#4460 = LINE('',#4461,#4462);
#4461 = CARTESIAN_POINT('',(-0.745,-0.6,0.45));
#4462 = VECTOR('',#4463,1.);
#4463 = DIRECTION('',(0.,1.,0.));
#4464 = PLANE('',#4465);
#4465 = AXIS2_PLACEMENT_3D('',#4466,#4467,#4468);
#4466 = CARTESIAN_POINT('',(-1.,-0.6,0.45));
#4467 = DIRECTION('',(0.,0.,1.));
#4468 = DIRECTION('',(1.,0.,-0.));
#4469 = ADVANCED_FACE('',(#4470),#4481,.T.);
#4470 = FACE_BOUND('',#4471,.T.);
#4471 = EDGE_LOOP('',(#4472,#4478,#4479,#4480));
#4472 = ORIENTED_EDGE('',*,*,#4473,.T.);
#4473 = EDGE_CURVE('',#4209,#4326,#4474,.T.);
#4474 = LINE('',#4475,#4476);
#4475 = CARTESIAN_POINT('',(-0.7,-0.6,0.405));
#4476 = VECTOR('',#4477,1.);
#4477 = DIRECTION('',(0.,1.,0.));
#4478 = ORIENTED_EDGE('',*,*,#4325,.T.);
#4479 = ORIENTED_EDGE('',*,*,#4459,.F.);
#4480 = ORIENTED_EDGE('',*,*,#4208,.F.);
#4481 = CYLINDRICAL_SURFACE('',#4482,4.5E-02);
#4482 = AXIS2_PLACEMENT_3D('',#4483,#4484,#4485);
#4483 = CARTESIAN_POINT('',(-0.745,-0.6,0.405));
#4484 = DIRECTION('',(0.,1.,0.));
#4485 = DIRECTION('',(1.,0.,0.));
#4486 = ADVANCED_FACE('',(#4487),#4530,.T.);
#4487 = FACE_BOUND('',#4488,.T.);
#4488 = EDGE_LOOP('',(#4489,#4490,#4491,#4492,#4500,#4508,#4516,#4524));
#4489 = ORIENTED_EDGE('',*,*,#4350,.F.);
#4490 = ORIENTED_EDGE('',*,*,#4342,.T.);
#4491 = ORIENTED_EDGE('',*,*,#4334,.T.);
#4492 = ORIENTED_EDGE('',*,*,#4493,.T.);
#4493 = EDGE_CURVE('',#4326,#4494,#4496,.T.);
#4494 = VERTEX_POINT('',#4495);
#4495 = CARTESIAN_POINT('',(0.7,0.6,0.405));
#4496 = LINE('',#4497,#4498);
#4497 = CARTESIAN_POINT('',(-0.7,0.6,0.405));
#4498 = VECTOR('',#4499,1.);
#4499 = DIRECTION('',(1.,0.,0.));
#4500 = ORIENTED_EDGE('',*,*,#4501,.T.);
#4501 = EDGE_CURVE('',#4494,#4502,#4504,.T.);
#4502 = VERTEX_POINT('',#4503);
#4503 = CARTESIAN_POINT('',(0.955,0.6,0.405));
#4504 = LINE('',#4505,#4506);
#4505 = CARTESIAN_POINT('',(-0.955,0.6,0.405));
#4506 = VECTOR('',#4507,1.);
#4507 = DIRECTION('',(1.,0.,0.));
#4508 = ORIENTED_EDGE('',*,*,#4509,.F.);
#4509 = EDGE_CURVE('',#4510,#4502,#4512,.T.);
#4510 = VERTEX_POINT('',#4511);
#4511 = CARTESIAN_POINT('',(0.955,0.6,4.5E-02));
#4512 = LINE('',#4513,#4514);
#4513 = CARTESIAN_POINT('',(0.955,0.6,4.5E-02));
#4514 = VECTOR('',#4515,1.);
#4515 = DIRECTION('',(0.,0.,1.));
#4516 = ORIENTED_EDGE('',*,*,#4517,.F.);
#4517 = EDGE_CURVE('',#4518,#4510,#4520,.T.);
#4518 = VERTEX_POINT('',#4519);
#4519 = CARTESIAN_POINT('',(0.7,0.6,4.5E-02));
#4520 = LINE('',#4521,#4522);
#4521 = CARTESIAN_POINT('',(-0.955,0.6,4.5E-02));
#4522 = VECTOR('',#4523,1.);
#4523 = DIRECTION('',(1.,0.,0.));
#4524 = ORIENTED_EDGE('',*,*,#4525,.F.);
#4525 = EDGE_CURVE('',#4351,#4518,#4526,.T.);
#4526 = LINE('',#4527,#4528);
#4527 = CARTESIAN_POINT('',(-0.955,0.6,4.5E-02));
#4528 = VECTOR('',#4529,1.);
#4529 = DIRECTION('',(1.,0.,0.));
#4530 = PLANE('',#4531);
#4531 = AXIS2_PLACEMENT_3D('',#4532,#4533,#4534);
#4532 = CARTESIAN_POINT('',(-0.955,0.6,4.5E-02));
#4533 = DIRECTION('',(0.,1.,0.));
#4534 = DIRECTION('',(0.,-0.,1.));
#4535 = ADVANCED_FACE('',(#4536),#4547,.F.);
#4536 = FACE_BOUND('',#4537,.F.);
#4537 = EDGE_LOOP('',(#4538,#4539,#4540,#4546));
#4538 = ORIENTED_EDGE('',*,*,#4393,.F.);
#4539 = ORIENTED_EDGE('',*,*,#4442,.T.);
#4540 = ORIENTED_EDGE('',*,*,#4541,.T.);
#4541 = EDGE_CURVE('',#4435,#4518,#4542,.T.);
#4542 = LINE('',#4543,#4544);
#4543 = CARTESIAN_POINT('',(0.7,-0.6,4.5E-02));
#4544 = VECTOR('',#4545,1.);
#4545 = DIRECTION('',(0.,1.,0.));
#4546 = ORIENTED_EDGE('',*,*,#4525,.F.);
#4547 = PLANE('',#4548);
#4548 = AXIS2_PLACEMENT_3D('',#4549,#4550,#4551);
#4549 = CARTESIAN_POINT('',(-0.955,-0.6,4.5E-02));
#4550 = DIRECTION('',(0.,0.,1.));
#4551 = DIRECTION('',(1.,0.,-0.));
#4552 = ADVANCED_FACE('',(#4553),#4616,.F.);
#4553 = FACE_BOUND('',#4554,.F.);
#4554 = EDGE_LOOP('',(#4555,#4565,#4572,#4573,#4574,#4575,#4584,#4592,
    #4601,#4609));
#4555 = ORIENTED_EDGE('',*,*,#4556,.F.);
#4556 = EDGE_CURVE('',#4557,#4559,#4561,.T.);
#4557 = VERTEX_POINT('',#4558);
#4558 = CARTESIAN_POINT('',(0.745,-0.6,-2.775557561563E-17));
#4559 = VERTEX_POINT('',#4560);
#4560 = CARTESIAN_POINT('',(0.955,-0.6,-2.775557561563E-17));
#4561 = LINE('',#4562,#4563);
#4562 = CARTESIAN_POINT('',(0.7,-0.6,0.));
#4563 = VECTOR('',#4564,1.);
#4564 = DIRECTION('',(1.,0.,0.));
#4565 = ORIENTED_EDGE('',*,*,#4566,.F.);
#4566 = EDGE_CURVE('',#4435,#4557,#4567,.T.);
#4567 = CIRCLE('',#4568,4.5E-02);
#4568 = AXIS2_PLACEMENT_3D('',#4569,#4570,#4571);
#4569 = CARTESIAN_POINT('',(0.745,-0.6,4.5E-02));
#4570 = DIRECTION('',(0.,-1.,0.));
#4571 = DIRECTION('',(0.,0.,1.));
#4572 = ORIENTED_EDGE('',*,*,#4434,.T.);
#4573 = ORIENTED_EDGE('',*,*,#4426,.T.);
#4574 = ORIENTED_EDGE('',*,*,#4418,.F.);
#4575 = ORIENTED_EDGE('',*,*,#4576,.T.);
#4576 = EDGE_CURVE('',#4411,#4577,#4579,.T.);
#4577 = VERTEX_POINT('',#4578);
#4578 = CARTESIAN_POINT('',(0.745,-0.6,0.45));
#4579 = CIRCLE('',#4580,4.5E-02);
#4580 = AXIS2_PLACEMENT_3D('',#4581,#4582,#4583);
#4581 = CARTESIAN_POINT('',(0.745,-0.6,0.405));
#4582 = DIRECTION('',(0.,1.,0.));
#4583 = DIRECTION('',(0.,-0.,1.));
#4584 = ORIENTED_EDGE('',*,*,#4585,.T.);
#4585 = EDGE_CURVE('',#4577,#4586,#4588,.T.);
#4586 = VERTEX_POINT('',#4587);
#4587 = CARTESIAN_POINT('',(0.955,-0.6,0.45));
#4588 = LINE('',#4589,#4590);
#4589 = CARTESIAN_POINT('',(0.7,-0.6,0.45));
#4590 = VECTOR('',#4591,1.);
#4591 = DIRECTION('',(1.,0.,0.));
#4592 = ORIENTED_EDGE('',*,*,#4593,.F.);
#4593 = EDGE_CURVE('',#4594,#4586,#4596,.T.);
#4594 = VERTEX_POINT('',#4595);
#4595 = CARTESIAN_POINT('',(1.,-0.6,0.405));
#4596 = CIRCLE('',#4597,4.5E-02);
#4597 = AXIS2_PLACEMENT_3D('',#4598,#4599,#4600);
#4598 = CARTESIAN_POINT('',(0.955,-0.6,0.405));
#4599 = DIRECTION('',(0.,-1.,0.));
#4600 = DIRECTION('',(0.,0.,1.));
#4601 = ORIENTED_EDGE('',*,*,#4602,.F.);
#4602 = EDGE_CURVE('',#4603,#4594,#4605,.T.);
#4603 = VERTEX_POINT('',#4604);
#4604 = CARTESIAN_POINT('',(1.,-0.6,4.5E-02));
#4605 = LINE('',#4606,#4607);
#4606 = CARTESIAN_POINT('',(1.,-0.6,0.));
#4607 = VECTOR('',#4608,1.);
#4608 = DIRECTION('',(0.,0.,1.));
#4609 = ORIENTED_EDGE('',*,*,#4610,.T.);
#4610 = EDGE_CURVE('',#4603,#4559,#4611,.T.);
#4611 = CIRCLE('',#4612,4.5E-02);
#4612 = AXIS2_PLACEMENT_3D('',#4613,#4614,#4615);
#4613 = CARTESIAN_POINT('',(0.955,-0.6,4.5E-02));
#4614 = DIRECTION('',(0.,1.,0.));
#4615 = DIRECTION('',(0.,-0.,1.));
#4616 = PLANE('',#4617);
#4617 = AXIS2_PLACEMENT_3D('',#4618,#4619,#4620);
#4618 = CARTESIAN_POINT('',(0.7,-0.6,0.));
#4619 = DIRECTION('',(0.,1.,0.));
#4620 = DIRECTION('',(0.,-0.,1.));
#4621 = ADVANCED_FACE('',(#4622),#4647,.F.);
#4622 = FACE_BOUND('',#4623,.F.);
#4623 = EDGE_LOOP('',(#4624,#4625,#4633,#4641));
#4624 = ORIENTED_EDGE('',*,*,#4410,.F.);
#4625 = ORIENTED_EDGE('',*,*,#4626,.T.);
#4626 = EDGE_CURVE('',#4209,#4627,#4629,.T.);
#4627 = VERTEX_POINT('',#4628);
#4628 = CARTESIAN_POINT('',(-0.7,-0.6,0.45));
#4629 = LINE('',#4630,#4631);
#4630 = CARTESIAN_POINT('',(-0.7,-0.6,0.405));
#4631 = VECTOR('',#4632,1.);
#4632 = DIRECTION('',(0.,0.,1.));
#4633 = ORIENTED_EDGE('',*,*,#4634,.T.);
#4634 = EDGE_CURVE('',#4627,#4635,#4637,.T.);
#4635 = VERTEX_POINT('',#4636);
#4636 = CARTESIAN_POINT('',(0.7,-0.6,0.45));
#4637 = LINE('',#4638,#4639);
#4638 = CARTESIAN_POINT('',(-0.7,-0.6,0.45));
#4639 = VECTOR('',#4640,1.);
#4640 = DIRECTION('',(1.,0.,0.));
#4641 = ORIENTED_EDGE('',*,*,#4642,.F.);
#4642 = EDGE_CURVE('',#4411,#4635,#4643,.T.);
#4643 = LINE('',#4644,#4645);
#4644 = CARTESIAN_POINT('',(0.7,-0.6,0.405));
#4645 = VECTOR('',#4646,1.);
#4646 = DIRECTION('',(0.,0.,1.));
#4647 = PLANE('',#4648);
#4648 = AXIS2_PLACEMENT_3D('',#4649,#4650,#4651);
#4649 = CARTESIAN_POINT('',(-0.7,-0.6,0.405));
#4650 = DIRECTION('',(0.,1.,0.));
#4651 = DIRECTION('',(0.,-0.,1.));
#4652 = ADVANCED_FACE('',(#4653),#4671,.F.);
#4653 = FACE_BOUND('',#4654,.F.);
#4654 = EDGE_LOOP('',(#4655,#4656,#4657,#4665));
#4655 = ORIENTED_EDGE('',*,*,#4626,.F.);
#4656 = ORIENTED_EDGE('',*,*,#4473,.T.);
#4657 = ORIENTED_EDGE('',*,*,#4658,.T.);
#4658 = EDGE_CURVE('',#4326,#4659,#4661,.T.);
#4659 = VERTEX_POINT('',#4660);
#4660 = CARTESIAN_POINT('',(-0.7,0.6,0.45));
#4661 = LINE('',#4662,#4663);
#4662 = CARTESIAN_POINT('',(-0.7,0.6,0.405));
#4663 = VECTOR('',#4664,1.);
#4664 = DIRECTION('',(0.,0.,1.));
#4665 = ORIENTED_EDGE('',*,*,#4666,.F.);
#4666 = EDGE_CURVE('',#4627,#4659,#4667,.T.);
#4667 = LINE('',#4668,#4669);
#4668 = CARTESIAN_POINT('',(-0.7,-0.6,0.45));
#4669 = VECTOR('',#4670,1.);
#4670 = DIRECTION('',(0.,1.,0.));
#4671 = PLANE('',#4672);
#4672 = AXIS2_PLACEMENT_3D('',#4673,#4674,#4675);
#4673 = CARTESIAN_POINT('',(-0.7,-0.6,0.405));
#4674 = DIRECTION('',(1.,0.,0.));
#4675 = DIRECTION('',(0.,0.,1.));
#4676 = ADVANCED_FACE('',(#4677),#4740,.T.);
#4677 = FACE_BOUND('',#4678,.T.);
#4678 = EDGE_LOOP('',(#4679,#4689,#4696,#4697,#4698,#4699,#4708,#4716,
    #4725,#4733));
#4679 = ORIENTED_EDGE('',*,*,#4680,.F.);
#4680 = EDGE_CURVE('',#4681,#4683,#4685,.T.);
#4681 = VERTEX_POINT('',#4682);
#4682 = CARTESIAN_POINT('',(0.745,0.6,-2.775557561563E-17));
#4683 = VERTEX_POINT('',#4684);
#4684 = CARTESIAN_POINT('',(0.955,0.6,-2.775557561563E-17));
#4685 = LINE('',#4686,#4687);
#4686 = CARTESIAN_POINT('',(0.7,0.6,0.));
#4687 = VECTOR('',#4688,1.);
#4688 = DIRECTION('',(1.,0.,0.));
#4689 = ORIENTED_EDGE('',*,*,#4690,.F.);
#4690 = EDGE_CURVE('',#4518,#4681,#4691,.T.);
#4691 = CIRCLE('',#4692,4.5E-02);
#4692 = AXIS2_PLACEMENT_3D('',#4693,#4694,#4695);
#4693 = CARTESIAN_POINT('',(0.745,0.6,4.5E-02));
#4694 = DIRECTION('',(0.,-1.,0.));
#4695 = DIRECTION('',(0.,0.,1.));
#4696 = ORIENTED_EDGE('',*,*,#4517,.T.);
#4697 = ORIENTED_EDGE('',*,*,#4509,.T.);
#4698 = ORIENTED_EDGE('',*,*,#4501,.F.);
#4699 = ORIENTED_EDGE('',*,*,#4700,.T.);
#4700 = EDGE_CURVE('',#4494,#4701,#4703,.T.);
#4701 = VERTEX_POINT('',#4702);
#4702 = CARTESIAN_POINT('',(0.745,0.6,0.45));
#4703 = CIRCLE('',#4704,4.5E-02);
#4704 = AXIS2_PLACEMENT_3D('',#4705,#4706,#4707);
#4705 = CARTESIAN_POINT('',(0.745,0.6,0.405));
#4706 = DIRECTION('',(0.,1.,0.));
#4707 = DIRECTION('',(0.,-0.,1.));
#4708 = ORIENTED_EDGE('',*,*,#4709,.T.);
#4709 = EDGE_CURVE('',#4701,#4710,#4712,.T.);
#4710 = VERTEX_POINT('',#4711);
#4711 = CARTESIAN_POINT('',(0.955,0.6,0.45));
#4712 = LINE('',#4713,#4714);
#4713 = CARTESIAN_POINT('',(0.7,0.6,0.45));
#4714 = VECTOR('',#4715,1.);
#4715 = DIRECTION('',(1.,0.,0.));
#4716 = ORIENTED_EDGE('',*,*,#4717,.F.);
#4717 = EDGE_CURVE('',#4718,#4710,#4720,.T.);
#4718 = VERTEX_POINT('',#4719);
#4719 = CARTESIAN_POINT('',(1.,0.6,0.405));
#4720 = CIRCLE('',#4721,4.5E-02);
#4721 = AXIS2_PLACEMENT_3D('',#4722,#4723,#4724);
#4722 = CARTESIAN_POINT('',(0.955,0.6,0.405));
#4723 = DIRECTION('',(0.,-1.,0.));
#4724 = DIRECTION('',(0.,0.,1.));
#4725 = ORIENTED_EDGE('',*,*,#4726,.F.);
#4726 = EDGE_CURVE('',#4727,#4718,#4729,.T.);
#4727 = VERTEX_POINT('',#4728);
#4728 = CARTESIAN_POINT('',(1.,0.6,4.5E-02));
#4729 = LINE('',#4730,#4731);
#4730 = CARTESIAN_POINT('',(1.,0.6,0.));
#4731 = VECTOR('',#4732,1.);
#4732 = DIRECTION('',(0.,0.,1.));
#4733 = ORIENTED_EDGE('',*,*,#4734,.T.);
#4734 = EDGE_CURVE('',#4727,#4683,#4735,.T.);
#4735 = CIRCLE('',#4736,4.5E-02);
#4736 = AXIS2_PLACEMENT_3D('',#4737,#4738,#4739);
#4737 = CARTESIAN_POINT('',(0.955,0.6,4.5E-02));
#4738 = DIRECTION('',(0.,1.,0.));
#4739 = DIRECTION('',(0.,-0.,1.));
#4740 = PLANE('',#4741);
#4741 = AXIS2_PLACEMENT_3D('',#4742,#4743,#4744);
#4742 = CARTESIAN_POINT('',(0.7,0.6,0.));
#4743 = DIRECTION('',(0.,1.,0.));
#4744 = DIRECTION('',(0.,-0.,1.));
#4745 = ADVANCED_FACE('',(#4746),#4764,.T.);
#4746 = FACE_BOUND('',#4747,.T.);
#4747 = EDGE_LOOP('',(#4748,#4749,#4750,#4758));
#4748 = ORIENTED_EDGE('',*,*,#4493,.F.);
#4749 = ORIENTED_EDGE('',*,*,#4658,.T.);
#4750 = ORIENTED_EDGE('',*,*,#4751,.T.);
#4751 = EDGE_CURVE('',#4659,#4752,#4754,.T.);
#4752 = VERTEX_POINT('',#4753);
#4753 = CARTESIAN_POINT('',(0.7,0.6,0.45));
#4754 = LINE('',#4755,#4756);
#4755 = CARTESIAN_POINT('',(-0.7,0.6,0.45));
#4756 = VECTOR('',#4757,1.);
#4757 = DIRECTION('',(1.,0.,0.));
#4758 = ORIENTED_EDGE('',*,*,#4759,.F.);
#4759 = EDGE_CURVE('',#4494,#4752,#4760,.T.);
#4760 = LINE('',#4761,#4762);
#4761 = CARTESIAN_POINT('',(0.7,0.6,0.405));
#4762 = VECTOR('',#4763,1.);
#4763 = DIRECTION('',(0.,0.,1.));
#4764 = PLANE('',#4765);
#4765 = AXIS2_PLACEMENT_3D('',#4766,#4767,#4768);
#4766 = CARTESIAN_POINT('',(-0.7,0.6,0.405));
#4767 = DIRECTION('',(0.,1.,0.));
#4768 = DIRECTION('',(0.,-0.,1.));
#4769 = ADVANCED_FACE('',(#4770),#4781,.T.);
#4770 = FACE_BOUND('',#4771,.T.);
#4771 = EDGE_LOOP('',(#4772,#4773,#4774,#4780));
#4772 = ORIENTED_EDGE('',*,*,#4541,.T.);
#4773 = ORIENTED_EDGE('',*,*,#4690,.T.);
#4774 = ORIENTED_EDGE('',*,*,#4775,.F.);
#4775 = EDGE_CURVE('',#4557,#4681,#4776,.T.);
#4776 = LINE('',#4777,#4778);
#4777 = CARTESIAN_POINT('',(0.745,-0.6,-2.775557561563E-17));
#4778 = VECTOR('',#4779,1.);
#4779 = DIRECTION('',(0.,1.,0.));
#4780 = ORIENTED_EDGE('',*,*,#4566,.F.);
#4781 = CYLINDRICAL_SURFACE('',#4782,4.5E-02);
#4782 = AXIS2_PLACEMENT_3D('',#4783,#4784,#4785);
#4783 = CARTESIAN_POINT('',(0.745,-0.6,4.5E-02));
#4784 = DIRECTION('',(0.,1.,0.));
#4785 = DIRECTION('',(-1.,0.,0.));
#4786 = ADVANCED_FACE('',(#4787),#4798,.F.);
#4787 = FACE_BOUND('',#4788,.F.);
#4788 = EDGE_LOOP('',(#4789,#4790,#4791,#4792));
#4789 = ORIENTED_EDGE('',*,*,#4680,.F.);
#4790 = ORIENTED_EDGE('',*,*,#4775,.F.);
#4791 = ORIENTED_EDGE('',*,*,#4556,.T.);
#4792 = ORIENTED_EDGE('',*,*,#4793,.T.);
#4793 = EDGE_CURVE('',#4559,#4683,#4794,.T.);
#4794 = LINE('',#4795,#4796);
#4795 = CARTESIAN_POINT('',(0.955,-0.6,-2.775557561563E-17));
#4796 = VECTOR('',#4797,1.);
#4797 = DIRECTION('',(0.,1.,0.));
#4798 = PLANE('',#4799);
#4799 = AXIS2_PLACEMENT_3D('',#4800,#4801,#4802);
#4800 = CARTESIAN_POINT('',(0.7,-0.6,0.));
#4801 = DIRECTION('',(0.,0.,1.));
#4802 = DIRECTION('',(1.,0.,-0.));
#4803 = ADVANCED_FACE('',(#4804),#4815,.T.);
#4804 = FACE_BOUND('',#4805,.T.);
#4805 = EDGE_LOOP('',(#4806,#4807,#4808,#4809));
#4806 = ORIENTED_EDGE('',*,*,#4610,.T.);
#4807 = ORIENTED_EDGE('',*,*,#4793,.T.);
#4808 = ORIENTED_EDGE('',*,*,#4734,.F.);
#4809 = ORIENTED_EDGE('',*,*,#4810,.F.);
#4810 = EDGE_CURVE('',#4603,#4727,#4811,.T.);
#4811 = LINE('',#4812,#4813);
#4812 = CARTESIAN_POINT('',(1.,-0.6,4.5E-02));
#4813 = VECTOR('',#4814,1.);
#4814 = DIRECTION('',(0.,1.,0.));
#4815 = CYLINDRICAL_SURFACE('',#4816,4.5E-02);
#4816 = AXIS2_PLACEMENT_3D('',#4817,#4818,#4819);
#4817 = CARTESIAN_POINT('',(0.955,-0.6,4.5E-02));
#4818 = DIRECTION('',(0.,1.,0.));
#4819 = DIRECTION('',(1.,0.,0.));
#4820 = ADVANCED_FACE('',(#4821),#4832,.T.);
#4821 = FACE_BOUND('',#4822,.T.);
#4822 = EDGE_LOOP('',(#4823,#4824,#4825,#4826));
#4823 = ORIENTED_EDGE('',*,*,#4602,.F.);
#4824 = ORIENTED_EDGE('',*,*,#4810,.T.);
#4825 = ORIENTED_EDGE('',*,*,#4726,.T.);
#4826 = ORIENTED_EDGE('',*,*,#4827,.F.);
#4827 = EDGE_CURVE('',#4594,#4718,#4828,.T.);
#4828 = LINE('',#4829,#4830);
#4829 = CARTESIAN_POINT('',(1.,-0.6,0.405));
#4830 = VECTOR('',#4831,1.);
#4831 = DIRECTION('',(0.,1.,0.));
#4832 = PLANE('',#4833);
#4833 = AXIS2_PLACEMENT_3D('',#4834,#4835,#4836);
#4834 = CARTESIAN_POINT('',(1.,-0.6,0.));
#4835 = DIRECTION('',(1.,0.,0.));
#4836 = DIRECTION('',(0.,0.,1.));
#4837 = ADVANCED_FACE('',(#4838),#4849,.T.);
#4838 = FACE_BOUND('',#4839,.T.);
#4839 = EDGE_LOOP('',(#4840,#4841,#4842,#4848));
#4840 = ORIENTED_EDGE('',*,*,#4827,.T.);
#4841 = ORIENTED_EDGE('',*,*,#4717,.T.);
#4842 = ORIENTED_EDGE('',*,*,#4843,.F.);
#4843 = EDGE_CURVE('',#4586,#4710,#4844,.T.);
#4844 = LINE('',#4845,#4846);
#4845 = CARTESIAN_POINT('',(0.955,-0.6,0.45));
#4846 = VECTOR('',#4847,1.);
#4847 = DIRECTION('',(0.,1.,0.));
#4848 = ORIENTED_EDGE('',*,*,#4593,.F.);
#4849 = CYLINDRICAL_SURFACE('',#4850,4.5E-02);
#4850 = AXIS2_PLACEMENT_3D('',#4851,#4852,#4853);
#4851 = CARTESIAN_POINT('',(0.955,-0.6,0.405));
#4852 = DIRECTION('',(0.,1.,0.));
#4853 = DIRECTION('',(1.,0.,0.));
#4854 = ADVANCED_FACE('',(#4855),#4866,.T.);
#4855 = FACE_BOUND('',#4856,.T.);
#4856 = EDGE_LOOP('',(#4857,#4858,#4864,#4865));
#4857 = ORIENTED_EDGE('',*,*,#4709,.F.);
#4858 = ORIENTED_EDGE('',*,*,#4859,.F.);
#4859 = EDGE_CURVE('',#4577,#4701,#4860,.T.);
#4860 = LINE('',#4861,#4862);
#4861 = CARTESIAN_POINT('',(0.745,-0.6,0.45));
#4862 = VECTOR('',#4863,1.);
#4863 = DIRECTION('',(0.,1.,0.));
#4864 = ORIENTED_EDGE('',*,*,#4585,.T.);
#4865 = ORIENTED_EDGE('',*,*,#4843,.T.);
#4866 = PLANE('',#4867);
#4867 = AXIS2_PLACEMENT_3D('',#4868,#4869,#4870);
#4868 = CARTESIAN_POINT('',(0.7,-0.6,0.45));
#4869 = DIRECTION('',(0.,0.,1.));
#4870 = DIRECTION('',(1.,0.,-0.));
#4871 = ADVANCED_FACE('',(#4872),#4883,.T.);
#4872 = FACE_BOUND('',#4873,.T.);
#4873 = EDGE_LOOP('',(#4874,#4875,#4876,#4877));
#4874 = ORIENTED_EDGE('',*,*,#4576,.T.);
#4875 = ORIENTED_EDGE('',*,*,#4859,.T.);
#4876 = ORIENTED_EDGE('',*,*,#4700,.F.);
#4877 = ORIENTED_EDGE('',*,*,#4878,.F.);
#4878 = EDGE_CURVE('',#4411,#4494,#4879,.T.);
#4879 = LINE('',#4880,#4881);
#4880 = CARTESIAN_POINT('',(0.7,-0.6,0.405));
#4881 = VECTOR('',#4882,1.);
#4882 = DIRECTION('',(0.,1.,0.));
#4883 = CYLINDRICAL_SURFACE('',#4884,4.5E-02);
#4884 = AXIS2_PLACEMENT_3D('',#4885,#4886,#4887);
#4885 = CARTESIAN_POINT('',(0.745,-0.6,0.405));
#4886 = DIRECTION('',(0.,1.,0.));
#4887 = DIRECTION('',(-1.,0.,0.));
#4888 = ADVANCED_FACE('',(#4889),#4900,.T.);
#4889 = FACE_BOUND('',#4890,.T.);
#4890 = EDGE_LOOP('',(#4891,#4892,#4893,#4894));
#4891 = ORIENTED_EDGE('',*,*,#4642,.F.);
#4892 = ORIENTED_EDGE('',*,*,#4878,.T.);
#4893 = ORIENTED_EDGE('',*,*,#4759,.T.);
#4894 = ORIENTED_EDGE('',*,*,#4895,.F.);
#4895 = EDGE_CURVE('',#4635,#4752,#4896,.T.);
#4896 = LINE('',#4897,#4898);
#4897 = CARTESIAN_POINT('',(0.7,-0.6,0.45));
#4898 = VECTOR('',#4899,1.);
#4899 = DIRECTION('',(0.,1.,0.));
#4900 = PLANE('',#4901);
#4901 = AXIS2_PLACEMENT_3D('',#4902,#4903,#4904);
#4902 = CARTESIAN_POINT('',(0.7,-0.6,0.405));
#4903 = DIRECTION('',(1.,0.,0.));
#4904 = DIRECTION('',(0.,0.,1.));
#4905 = ADVANCED_FACE('',(#4906),#4912,.T.);
#4906 = FACE_BOUND('',#4907,.T.);
#4907 = EDGE_LOOP('',(#4908,#4909,#4910,#4911));
#4908 = ORIENTED_EDGE('',*,*,#4666,.F.);
#4909 = ORIENTED_EDGE('',*,*,#4634,.T.);
#4910 = ORIENTED_EDGE('',*,*,#4895,.T.);
#4911 = ORIENTED_EDGE('',*,*,#4751,.F.);
#4912 = PLANE('',#4913);
#4913 = AXIS2_PLACEMENT_3D('',#4914,#4915,#4916);
#4914 = CARTESIAN_POINT('',(-0.7,-0.6,0.45));
#4915 = DIRECTION('',(0.,0.,1.));
#4916 = DIRECTION('',(1.,0.,-0.));
#4917 = ( GEOMETRIC_REPRESENTATION_CONTEXT(3) 
GLOBAL_UNCERTAINTY_ASSIGNED_CONTEXT((#4921)) 
GLOBAL_UNIT_ASSIGNED_CONTEXT((#4918,#4919,#4920)) REPRESENTATION_CONTEXT
('Context #1','3D Context with UNIT and UNCERTAINTY') );
#4918 = ( LENGTH_UNIT() NAMED_UNIT(*) SI_UNIT(.MILLI.,.METRE.) );
#4919 = ( NAMED_UNIT(*) PLANE_ANGLE_UNIT() SI_UNIT($,.RADIAN.) );
#4920 = ( NAMED_UNIT(*) SI_UNIT($,.STERADIAN.) SOLID_ANGLE_UNIT() );
#4921 = UNCERTAINTY_MEASURE_WITH_UNIT(LENGTH_MEASURE(1.E-07),#4918,
  'distance_accuracy_value','confusion accuracy');
#4922 = CONTEXT_DEPENDENT_SHAPE_REPRESENTATION(#4923,#4925);
#4923 = ( REPRESENTATION_RELATIONSHIP('','',#4126,#4103) 
REPRESENTATION_RELATIONSHIP_WITH_TRANSFORMATION(#4924) 
SHAPE_REPRESENTATION_RELATIONSHIP() );
#4924 = ITEM_DEFINED_TRANSFORMATION('','',#11,#4104);
#4925 = PRODUCT_DEFINITION_SHAPE('Placement','Placement of an item',
  #4926);
#4926 = NEXT_ASSEMBLY_USAGE_OCCURRENCE('5','=>[0:1:1:7]','',#4098,#4121,
  $);
#4927 = PRODUCT_RELATED_PRODUCT_CATEGORY('part',$,(#4123));
#4928 = CONTEXT_DEPENDENT_SHAPE_REPRESENTATION(#4929,#4931);
#4929 = ( REPRESENTATION_RELATIONSHIP('','',#4103,#10) 
REPRESENTATION_RELATIONSHIP_WITH_TRANSFORMATION(#4930) 
SHAPE_REPRESENTATION_RELATIONSHIP() );
#4930 = ITEM_DEFINED_TRANSFORMATION('','',#11,#27);
#4931 = PRODUCT_DEFINITION_SHAPE('Placement','Placement of an item',
  #4932);
#4932 = NEXT_ASSEMBLY_USAGE_OCCURRENCE('7','R7','',#5,#4098,$);
#4933 = CONTEXT_DEPENDENT_SHAPE_REPRESENTATION(#4934,#4936);
#4934 = ( REPRESENTATION_RELATIONSHIP('','',#4103,#10) 
REPRESENTATION_RELATIONSHIP_WITH_TRANSFORMATION(#4935) 
SHAPE_REPRESENTATION_RELATIONSHIP() );
#4935 = ITEM_DEFINED_TRANSFORMATION('','',#11,#31);
#4936 = PRODUCT_DEFINITION_SHAPE('Placement','Placement of an item',
  #4937);
#4937 = NEXT_ASSEMBLY_USAGE_OCCURRENCE('8','R5','',#5,#4098,$);
#4938 = SHAPE_DEFINITION_REPRESENTATION(#4939,#4945);
#4939 = PRODUCT_DEFINITION_SHAPE('','',#4940);
#4940 = PRODUCT_DEFINITION('design','',#4941,#4944);
#4941 = PRODUCT_DEFINITION_FORMATION('','',#4942);
#4942 = PRODUCT('TO-92_Inline','TO-92_Inline','',(#4943));
#4943 = PRODUCT_CONTEXT('',#2,'mechanical');
#4944 = PRODUCT_DEFINITION_CONTEXT('part definition',#2,'design');
#4945 = SHAPE_REPRESENTATION('',(#11,#4946),#4950);
#4946 = AXIS2_PLACEMENT_3D('',#4947,#4948,#4949);
#4947 = CARTESIAN_POINT('',(0.,0.,0.));
#4948 = DIRECTION('',(0.,0.,1.));
#4949 = DIRECTION('',(1.,0.,-0.));
#4950 = ( GEOMETRIC_REPRESENTATION_CONTEXT(3) 
GLOBAL_UNCERTAINTY_ASSIGNED_CONTEXT((#4954)) 
GLOBAL_UNIT_ASSIGNED_CONTEXT((#4951,#4952,#4953)) REPRESENTATION_CONTEXT
('Context #1','3D Context with UNIT and UNCERTAINTY') );
#4951 = ( LENGTH_UNIT() NAMED_UNIT(*) SI_UNIT(.MILLI.,.METRE.) );
#4952 = ( NAMED_UNIT(*) PLANE_ANGLE_UNIT() SI_UNIT($,.RADIAN.) );
#4953 = ( NAMED_UNIT(*) SI_UNIT($,.STERADIAN.) SOLID_ANGLE_UNIT() );
#4954 = UNCERTAINTY_MEASURE_WITH_UNIT(LENGTH_MEASURE(1.E-07),#4951,
  'distance_accuracy_value','confusion accuracy');
#4955 = CONTEXT_DEPENDENT_SHAPE_REPRESENTATION(#4956,#4958);
#4956 = ( REPRESENTATION_RELATIONSHIP('','',#4945,#10) 
REPRESENTATION_RELATIONSHIP_WITH_TRANSFORMATION(#4957) 
SHAPE_REPRESENTATION_RELATIONSHIP() );
#4957 = ITEM_DEFINED_TRANSFORMATION('','',#11,#35);
#4958 = PRODUCT_DEFINITION_SHAPE('Placement','Placement of an item',
  #4959);
#4959 = NEXT_ASSEMBLY_USAGE_OCCURRENCE('10','Q1','',#5,#4940,$);
#4960 = PRODUCT_RELATED_PRODUCT_CATEGORY('part',$,(#4942));
#4961 = SHAPE_DEFINITION_REPRESENTATION(#4962,#4968);
#4962 = PRODUCT_DEFINITION_SHAPE('','',#4963);
#4963 = PRODUCT_DEFINITION('design','',#4964,#4967);
#4964 = PRODUCT_DEFINITION_FORMATION('','',#4965);
#4965 = PRODUCT('TO-92_Inline_Narrow','TO-92_Inline_Narrow','',(#4966));
#4966 = PRODUCT_CONTEXT('',#2,'mechanical');
#4967 = PRODUCT_DEFINITION_CONTEXT('part definition',#2,'design');
#4968 = ADVANCED_BREP_SHAPE_REPRESENTATION('',(#11,#4969),#5481);
#4969 = MANIFOLD_SOLID_BREP('',#4970);
#4970 = CLOSED_SHELL('',(#4971,#5011,#5035,#5147,#5157,#5188,#5212,#5236
    ,#5253,#5284,#5308,#5332,#5349,#5380,#5404,#5428,#5445,#5457,#5469)
  );
#4971 = ADVANCED_FACE('',(#4972),#5006,.F.);
#4972 = FACE_BOUND('',#4973,.F.);
#4973 = EDGE_LOOP('',(#4974,#4984,#4992,#5000));
#4974 = ORIENTED_EDGE('',*,*,#4975,.T.);
#4975 = EDGE_CURVE('',#4976,#4978,#4980,.T.);
#4976 = VERTEX_POINT('',#4977);
#4977 = CARTESIAN_POINT('',(-0.745769083998,-1.33,2.5));
#4978 = VERTEX_POINT('',#4979);
#4979 = CARTESIAN_POINT('',(-0.745769083998,-1.33,7.3));
#4980 = LINE('',#4981,#4982);
#4981 = CARTESIAN_POINT('',(-0.745769083998,-1.33,2.5));
#4982 = VECTOR('',#4983,1.);
#4983 = DIRECTION('',(0.,0.,1.));
#4984 = ORIENTED_EDGE('',*,*,#4985,.T.);
#4985 = EDGE_CURVE('',#4978,#4986,#4988,.T.);
#4986 = VERTEX_POINT('',#4987);
#4987 = CARTESIAN_POINT('',(3.285769083998,-1.33,7.3));
#4988 = LINE('',#4989,#4990);
#4989 = CARTESIAN_POINT('',(-0.745769083998,-1.33,7.3));
#4990 = VECTOR('',#4991,1.);
#4991 = DIRECTION('',(1.,0.,0.));
#4992 = ORIENTED_EDGE('',*,*,#4993,.F.);
#4993 = EDGE_CURVE('',#4994,#4986,#4996,.T.);
#4994 = VERTEX_POINT('',#4995);
#4995 = CARTESIAN_POINT('',(3.285769083998,-1.33,2.5));
#4996 = LINE('',#4997,#4998);
#4997 = CARTESIAN_POINT('',(3.285769083998,-1.33,2.5));
#4998 = VECTOR('',#4999,1.);
#4999 = DIRECTION('',(0.,0.,1.));
#5000 = ORIENTED_EDGE('',*,*,#5001,.F.);
#5001 = EDGE_CURVE('',#4976,#4994,#5002,.T.);
#5002 = LINE('',#5003,#5004);
#5003 = CARTESIAN_POINT('',(-0.745769083998,-1.33,2.5));
#5004 = VECTOR('',#5005,1.);
#5005 = DIRECTION('',(1.,0.,0.));
#5006 = PLANE('',#5007);
#5007 = AXIS2_PLACEMENT_3D('',#5008,#5009,#5010);
#5008 = CARTESIAN_POINT('',(-0.745769083998,-1.33,2.5));
#5009 = DIRECTION('',(0.,1.,0.));
#5010 = DIRECTION('',(1.,0.,0.));
#5011 = ADVANCED_FACE('',(#5012),#5030,.T.);
#5012 = FACE_BOUND('',#5013,.T.);
#5013 = EDGE_LOOP('',(#5014,#5021,#5022,#5029));
#5014 = ORIENTED_EDGE('',*,*,#5015,.T.);
#5015 = EDGE_CURVE('',#4994,#4976,#5016,.T.);
#5016 = CIRCLE('',#5017,2.415);
#5017 = AXIS2_PLACEMENT_3D('',#5018,#5019,#5020);
#5018 = CARTESIAN_POINT('',(1.27,0.,2.5));
#5019 = DIRECTION('',(0.,0.,1.));
#5020 = DIRECTION('',(1.,0.,-0.));
#5021 = ORIENTED_EDGE('',*,*,#4975,.T.);
#5022 = ORIENTED_EDGE('',*,*,#5023,.F.);
#5023 = EDGE_CURVE('',#4986,#4978,#5024,.T.);
#5024 = CIRCLE('',#5025,2.415);
#5025 = AXIS2_PLACEMENT_3D('',#5026,#5027,#5028);
#5026 = CARTESIAN_POINT('',(1.27,0.,7.3));
#5027 = DIRECTION('',(0.,0.,1.));
#5028 = DIRECTION('',(1.,0.,-0.));
#5029 = ORIENTED_EDGE('',*,*,#4993,.F.);
#5030 = CYLINDRICAL_SURFACE('',#5031,2.415);
#5031 = AXIS2_PLACEMENT_3D('',#5032,#5033,#5034);
#5032 = CARTESIAN_POINT('',(1.27,0.,2.5));
#5033 = DIRECTION('',(-0.,-0.,-1.));
#5034 = DIRECTION('',(1.,0.,0.));
#5035 = ADVANCED_FACE('',(#5036,#5040,#5074,#5108),#5142,.T.);
#5036 = FACE_BOUND('',#5037,.T.);
#5037 = EDGE_LOOP('',(#5038,#5039));
#5038 = ORIENTED_EDGE('',*,*,#5001,.F.);
#5039 = ORIENTED_EDGE('',*,*,#5015,.F.);
#5040 = FACE_BOUND('',#5041,.T.);
#5041 = EDGE_LOOP('',(#5042,#5052,#5060,#5068));
#5042 = ORIENTED_EDGE('',*,*,#5043,.F.);
#5043 = EDGE_CURVE('',#5044,#5046,#5048,.T.);
#5044 = VERTEX_POINT('',#5045);
#5045 = CARTESIAN_POINT('',(1.51,-0.19,2.5));
#5046 = VERTEX_POINT('',#5047);
#5047 = CARTESIAN_POINT('',(1.03,-0.19,2.5));
#5048 = LINE('',#5049,#5050);
#5049 = CARTESIAN_POINT('',(1.51,-0.19,2.5));
#5050 = VECTOR('',#5051,1.);
#5051 = DIRECTION('',(-1.,0.,0.));
#5052 = ORIENTED_EDGE('',*,*,#5053,.F.);
#5053 = EDGE_CURVE('',#5054,#5044,#5056,.T.);
#5054 = VERTEX_POINT('',#5055);
#5055 = CARTESIAN_POINT('',(1.51,0.19,2.5));
#5056 = LINE('',#5057,#5058);
#5057 = CARTESIAN_POINT('',(1.51,0.19,2.5));
#5058 = VECTOR('',#5059,1.);
#5059 = DIRECTION('',(0.,-1.,0.));
#5060 = ORIENTED_EDGE('',*,*,#5061,.F.);
#5061 = EDGE_CURVE('',#5062,#5054,#5064,.T.);
#5062 = VERTEX_POINT('',#5063);
#5063 = CARTESIAN_POINT('',(1.03,0.19,2.5));
#5064 = LINE('',#5065,#5066);
#5065 = CARTESIAN_POINT('',(1.03,0.19,2.5));
#5066 = VECTOR('',#5067,1.);
#5067 = DIRECTION('',(1.,0.,0.));
#5068 = ORIENTED_EDGE('',*,*,#5069,.F.);
#5069 = EDGE_CURVE('',#5046,#5062,#5070,.T.);
#5070 = LINE('',#5071,#5072);
#5071 = CARTESIAN_POINT('',(1.03,-0.19,2.5));
#5072 = VECTOR('',#5073,1.);
#5073 = DIRECTION('',(0.,1.,0.));
#5074 = FACE_BOUND('',#5075,.T.);
#5075 = EDGE_LOOP('',(#5076,#5086,#5094,#5102));
#5076 = ORIENTED_EDGE('',*,*,#5077,.F.);
#5077 = EDGE_CURVE('',#5078,#5080,#5082,.T.);
#5078 = VERTEX_POINT('',#5079);
#5079 = CARTESIAN_POINT('',(0.24,-0.19,2.5));
#5080 = VERTEX_POINT('',#5081);
#5081 = CARTESIAN_POINT('',(-0.24,-0.19,2.5));
#5082 = LINE('',#5083,#5084);
#5083 = CARTESIAN_POINT('',(0.24,-0.19,2.5));
#5084 = VECTOR('',#5085,1.);
#5085 = DIRECTION('',(-1.,0.,0.));
#5086 = ORIENTED_EDGE('',*,*,#5087,.F.);
#5087 = EDGE_CURVE('',#5088,#5078,#5090,.T.);
#5088 = VERTEX_POINT('',#5089);
#5089 = CARTESIAN_POINT('',(0.24,0.19,2.5));
#5090 = LINE('',#5091,#5092);
#5091 = CARTESIAN_POINT('',(0.24,0.19,2.5));
#5092 = VECTOR('',#5093,1.);
#5093 = DIRECTION('',(0.,-1.,0.));
#5094 = ORIENTED_EDGE('',*,*,#5095,.F.);
#5095 = EDGE_CURVE('',#5096,#5088,#5098,.T.);
#5096 = VERTEX_POINT('',#5097);
#5097 = CARTESIAN_POINT('',(-0.24,0.19,2.5));
#5098 = LINE('',#5099,#5100);
#5099 = CARTESIAN_POINT('',(-0.24,0.19,2.5));
#5100 = VECTOR('',#5101,1.);
#5101 = DIRECTION('',(1.,0.,0.));
#5102 = ORIENTED_EDGE('',*,*,#5103,.F.);
#5103 = EDGE_CURVE('',#5080,#5096,#5104,.T.);
#5104 = LINE('',#5105,#5106);
#5105 = CARTESIAN_POINT('',(-0.24,-0.19,2.5));
#5106 = VECTOR('',#5107,1.);
#5107 = DIRECTION('',(0.,1.,0.));
#5108 = FACE_BOUND('',#5109,.T.);
#5109 = EDGE_LOOP('',(#5110,#5120,#5128,#5136));
#5110 = ORIENTED_EDGE('',*,*,#5111,.F.);
#5111 = EDGE_CURVE('',#5112,#5114,#5116,.T.);
#5112 = VERTEX_POINT('',#5113);
#5113 = CARTESIAN_POINT('',(2.78,0.19,2.5));
#5114 = VERTEX_POINT('',#5115);
#5115 = CARTESIAN_POINT('',(2.78,-0.19,2.5));
#5116 = LINE('',#5117,#5118);
#5117 = CARTESIAN_POINT('',(2.78,0.19,2.5));
#5118 = VECTOR('',#5119,1.);
#5119 = DIRECTION('',(0.,-1.,0.));
#5120 = ORIENTED_EDGE('',*,*,#5121,.F.);
#5121 = EDGE_CURVE('',#5122,#5112,#5124,.T.);
#5122 = VERTEX_POINT('',#5123);
#5123 = CARTESIAN_POINT('',(2.3,0.19,2.5));
#5124 = LINE('',#5125,#5126);
#5125 = CARTESIAN_POINT('',(2.3,0.19,2.5));
#5126 = VECTOR('',#5127,1.);
#5127 = DIRECTION('',(1.,0.,0.));
#5128 = ORIENTED_EDGE('',*,*,#5129,.F.);
#5129 = EDGE_CURVE('',#5130,#5122,#5132,.T.);
#5130 = VERTEX_POINT('',#5131);
#5131 = CARTESIAN_POINT('',(2.3,-0.19,2.5));
#5132 = LINE('',#5133,#5134);
#5133 = CARTESIAN_POINT('',(2.3,-0.19,2.5));
#5134 = VECTOR('',#5135,1.);
#5135 = DIRECTION('',(0.,1.,0.));
#5136 = ORIENTED_EDGE('',*,*,#5137,.F.);
#5137 = EDGE_CURVE('',#5114,#5130,#5138,.T.);
#5138 = LINE('',#5139,#5140);
#5139 = CARTESIAN_POINT('',(2.78,-0.19,2.5));
#5140 = VECTOR('',#5141,1.);
#5141 = DIRECTION('',(-1.,0.,0.));
#5142 = PLANE('',#5143);
#5143 = AXIS2_PLACEMENT_3D('',#5144,#5145,#5146);
#5144 = CARTESIAN_POINT('',(-0.745769083998,-1.33,2.5));
#5145 = DIRECTION('',(0.,0.,-1.));
#5146 = DIRECTION('',(-1.,0.,0.));
#5147 = ADVANCED_FACE('',(#5148),#5152,.F.);
#5148 = FACE_BOUND('',#5149,.T.);
#5149 = EDGE_LOOP('',(#5150,#5151));
#5150 = ORIENTED_EDGE('',*,*,#4985,.T.);
#5151 = ORIENTED_EDGE('',*,*,#5023,.T.);
#5152 = PLANE('',#5153);
#5153 = AXIS2_PLACEMENT_3D('',#5154,#5155,#5156);
#5154 = CARTESIAN_POINT('',(-0.745769083998,-1.33,7.3));
#5155 = DIRECTION('',(0.,0.,-1.));
#5156 = DIRECTION('',(-1.,0.,0.));
#5157 = ADVANCED_FACE('',(#5158),#5183,.F.);
#5158 = FACE_BOUND('',#5159,.F.);
#5159 = EDGE_LOOP('',(#5160,#5168,#5176,#5182));
#5160 = ORIENTED_EDGE('',*,*,#5161,.T.);
#5161 = EDGE_CURVE('',#5044,#5162,#5164,.T.);
#5162 = VERTEX_POINT('',#5163);
#5163 = CARTESIAN_POINT('',(1.51,-0.19,-2.5));
#5164 = LINE('',#5165,#5166);
#5165 = CARTESIAN_POINT('',(1.51,-0.19,2.5));
#5166 = VECTOR('',#5167,1.);
#5167 = DIRECTION('',(-0.,-0.,-1.));
#5168 = ORIENTED_EDGE('',*,*,#5169,.T.);
#5169 = EDGE_CURVE('',#5162,#5170,#5172,.T.);
#5170 = VERTEX_POINT('',#5171);
#5171 = CARTESIAN_POINT('',(1.03,-0.19,-2.5));
#5172 = LINE('',#5173,#5174);
#5173 = CARTESIAN_POINT('',(1.51,-0.19,-2.5));
#5174 = VECTOR('',#5175,1.);
#5175 = DIRECTION('',(-1.,0.,0.));
#5176 = ORIENTED_EDGE('',*,*,#5177,.F.);
#5177 = EDGE_CURVE('',#5046,#5170,#5178,.T.);
#5178 = LINE('',#5179,#5180);
#5179 = CARTESIAN_POINT('',(1.03,-0.19,2.5));
#5180 = VECTOR('',#5181,1.);
#5181 = DIRECTION('',(-0.,-0.,-1.));
#5182 = ORIENTED_EDGE('',*,*,#5043,.F.);
#5183 = PLANE('',#5184);
#5184 = AXIS2_PLACEMENT_3D('',#5185,#5186,#5187);
#5185 = CARTESIAN_POINT('',(1.51,-0.19,2.5));
#5186 = DIRECTION('',(0.,1.,0.));
#5187 = DIRECTION('',(-1.,0.,0.));
#5188 = ADVANCED_FACE('',(#5189),#5207,.F.);
#5189 = FACE_BOUND('',#5190,.F.);
#5190 = EDGE_LOOP('',(#5191,#5192,#5200,#5206));
#5191 = ORIENTED_EDGE('',*,*,#5177,.T.);
#5192 = ORIENTED_EDGE('',*,*,#5193,.T.);
#5193 = EDGE_CURVE('',#5170,#5194,#5196,.T.);
#5194 = VERTEX_POINT('',#5195);
#5195 = CARTESIAN_POINT('',(1.03,0.19,-2.5));
#5196 = LINE('',#5197,#5198);
#5197 = CARTESIAN_POINT('',(1.03,-0.19,-2.5));
#5198 = VECTOR('',#5199,1.);
#5199 = DIRECTION('',(0.,1.,0.));
#5200 = ORIENTED_EDGE('',*,*,#5201,.F.);
#5201 = EDGE_CURVE('',#5062,#5194,#5202,.T.);
#5202 = LINE('',#5203,#5204);
#5203 = CARTESIAN_POINT('',(1.03,0.19,2.5));
#5204 = VECTOR('',#5205,1.);
#5205 = DIRECTION('',(-0.,-0.,-1.));
#5206 = ORIENTED_EDGE('',*,*,#5069,.F.);
#5207 = PLANE('',#5208);
#5208 = AXIS2_PLACEMENT_3D('',#5209,#5210,#5211);
#5209 = CARTESIAN_POINT('',(1.03,-0.19,2.5));
#5210 = DIRECTION('',(1.,0.,0.));
#5211 = DIRECTION('',(-0.,1.,0.));
#5212 = ADVANCED_FACE('',(#5213),#5231,.F.);
#5213 = FACE_BOUND('',#5214,.F.);
#5214 = EDGE_LOOP('',(#5215,#5216,#5224,#5230));
#5215 = ORIENTED_EDGE('',*,*,#5201,.T.);
#5216 = ORIENTED_EDGE('',*,*,#5217,.T.);
#5217 = EDGE_CURVE('',#5194,#5218,#5220,.T.);
#5218 = VERTEX_POINT('',#5219);
#5219 = CARTESIAN_POINT('',(1.51,0.19,-2.5));
#5220 = LINE('',#5221,#5222);
#5221 = CARTESIAN_POINT('',(1.03,0.19,-2.5));
#5222 = VECTOR('',#5223,1.);
#5223 = DIRECTION('',(1.,0.,0.));
#5224 = ORIENTED_EDGE('',*,*,#5225,.F.);
#5225 = EDGE_CURVE('',#5054,#5218,#5226,.T.);
#5226 = LINE('',#5227,#5228);
#5227 = CARTESIAN_POINT('',(1.51,0.19,2.5));
#5228 = VECTOR('',#5229,1.);
#5229 = DIRECTION('',(-0.,-0.,-1.));
#5230 = ORIENTED_EDGE('',*,*,#5061,.F.);
#5231 = PLANE('',#5232);
#5232 = AXIS2_PLACEMENT_3D('',#5233,#5234,#5235);
#5233 = CARTESIAN_POINT('',(1.03,0.19,2.5));
#5234 = DIRECTION('',(0.,-1.,0.));
#5235 = DIRECTION('',(1.,0.,0.));
#5236 = ADVANCED_FACE('',(#5237),#5248,.F.);
#5237 = FACE_BOUND('',#5238,.F.);
#5238 = EDGE_LOOP('',(#5239,#5240,#5246,#5247));
#5239 = ORIENTED_EDGE('',*,*,#5225,.T.);
#5240 = ORIENTED_EDGE('',*,*,#5241,.T.);
#5241 = EDGE_CURVE('',#5218,#5162,#5242,.T.);
#5242 = LINE('',#5243,#5244);
#5243 = CARTESIAN_POINT('',(1.51,0.19,-2.5));
#5244 = VECTOR('',#5245,1.);
#5245 = DIRECTION('',(0.,-1.,0.));
#5246 = ORIENTED_EDGE('',*,*,#5161,.F.);
#5247 = ORIENTED_EDGE('',*,*,#5053,.F.);
#5248 = PLANE('',#5249);
#5249 = AXIS2_PLACEMENT_3D('',#5250,#5251,#5252);
#5250 = CARTESIAN_POINT('',(1.51,0.19,2.5));
#5251 = DIRECTION('',(-1.,0.,0.));
#5252 = DIRECTION('',(0.,-1.,0.));
#5253 = ADVANCED_FACE('',(#5254),#5279,.F.);
#5254 = FACE_BOUND('',#5255,.F.);
#5255 = EDGE_LOOP('',(#5256,#5264,#5272,#5278));
#5256 = ORIENTED_EDGE('',*,*,#5257,.T.);
#5257 = EDGE_CURVE('',#5078,#5258,#5260,.T.);
#5258 = VERTEX_POINT('',#5259);
#5259 = CARTESIAN_POINT('',(0.24,-0.19,-2.5));
#5260 = LINE('',#5261,#5262);
#5261 = CARTESIAN_POINT('',(0.24,-0.19,2.5));
#5262 = VECTOR('',#5263,1.);
#5263 = DIRECTION('',(-0.,-0.,-1.));
#5264 = ORIENTED_EDGE('',*,*,#5265,.T.);
#5265 = EDGE_CURVE('',#5258,#5266,#5268,.T.);
#5266 = VERTEX_POINT('',#5267);
#5267 = CARTESIAN_POINT('',(-0.24,-0.19,-2.5));
#5268 = LINE('',#5269,#5270);
#5269 = CARTESIAN_POINT('',(0.24,-0.19,-2.5));
#5270 = VECTOR('',#5271,1.);
#5271 = DIRECTION('',(-1.,0.,0.));
#5272 = ORIENTED_EDGE('',*,*,#5273,.F.);
#5273 = EDGE_CURVE('',#5080,#5266,#5274,.T.);
#5274 = LINE('',#5275,#5276);
#5275 = CARTESIAN_POINT('',(-0.24,-0.19,2.5));
#5276 = VECTOR('',#5277,1.);
#5277 = DIRECTION('',(-0.,-0.,-1.));
#5278 = ORIENTED_EDGE('',*,*,#5077,.F.);
#5279 = PLANE('',#5280);
#5280 = AXIS2_PLACEMENT_3D('',#5281,#5282,#5283);
#5281 = CARTESIAN_POINT('',(0.24,-0.19,2.5));
#5282 = DIRECTION('',(0.,1.,0.));
#5283 = DIRECTION('',(-1.,0.,0.));
#5284 = ADVANCED_FACE('',(#5285),#5303,.F.);
#5285 = FACE_BOUND('',#5286,.F.);
#5286 = EDGE_LOOP('',(#5287,#5288,#5296,#5302));
#5287 = ORIENTED_EDGE('',*,*,#5273,.T.);
#5288 = ORIENTED_EDGE('',*,*,#5289,.T.);
#5289 = EDGE_CURVE('',#5266,#5290,#5292,.T.);
#5290 = VERTEX_POINT('',#5291);
#5291 = CARTESIAN_POINT('',(-0.24,0.19,-2.5));
#5292 = LINE('',#5293,#5294);
#5293 = CARTESIAN_POINT('',(-0.24,-0.19,-2.5));
#5294 = VECTOR('',#5295,1.);
#5295 = DIRECTION('',(0.,1.,0.));
#5296 = ORIENTED_EDGE('',*,*,#5297,.F.);
#5297 = EDGE_CURVE('',#5096,#5290,#5298,.T.);
#5298 = LINE('',#5299,#5300);
#5299 = CARTESIAN_POINT('',(-0.24,0.19,2.5));
#5300 = VECTOR('',#5301,1.);
#5301 = DIRECTION('',(-0.,-0.,-1.));
#5302 = ORIENTED_EDGE('',*,*,#5103,.F.);
#5303 = PLANE('',#5304);
#5304 = AXIS2_PLACEMENT_3D('',#5305,#5306,#5307);
#5305 = CARTESIAN_POINT('',(-0.24,-0.19,2.5));
#5306 = DIRECTION('',(1.,0.,0.));
#5307 = DIRECTION('',(-0.,1.,0.));
#5308 = ADVANCED_FACE('',(#5309),#5327,.F.);
#5309 = FACE_BOUND('',#5310,.F.);
#5310 = EDGE_LOOP('',(#5311,#5312,#5320,#5326));
#5311 = ORIENTED_EDGE('',*,*,#5297,.T.);
#5312 = ORIENTED_EDGE('',*,*,#5313,.T.);
#5313 = EDGE_CURVE('',#5290,#5314,#5316,.T.);
#5314 = VERTEX_POINT('',#5315);
#5315 = CARTESIAN_POINT('',(0.24,0.19,-2.5));
#5316 = LINE('',#5317,#5318);
#5317 = CARTESIAN_POINT('',(-0.24,0.19,-2.5));
#5318 = VECTOR('',#5319,1.);
#5319 = DIRECTION('',(1.,0.,0.));
#5320 = ORIENTED_EDGE('',*,*,#5321,.F.);
#5321 = EDGE_CURVE('',#5088,#5314,#5322,.T.);
#5322 = LINE('',#5323,#5324);
#5323 = CARTESIAN_POINT('',(0.24,0.19,2.5));
#5324 = VECTOR('',#5325,1.);
#5325 = DIRECTION('',(-0.,-0.,-1.));
#5326 = ORIENTED_EDGE('',*,*,#5095,.F.);
#5327 = PLANE('',#5328);
#5328 = AXIS2_PLACEMENT_3D('',#5329,#5330,#5331);
#5329 = CARTESIAN_POINT('',(-0.24,0.19,2.5));
#5330 = DIRECTION('',(0.,-1.,0.));
#5331 = DIRECTION('',(1.,0.,0.));
#5332 = ADVANCED_FACE('',(#5333),#5344,.F.);
#5333 = FACE_BOUND('',#5334,.F.);
#5334 = EDGE_LOOP('',(#5335,#5336,#5342,#5343));
#5335 = ORIENTED_EDGE('',*,*,#5321,.T.);
#5336 = ORIENTED_EDGE('',*,*,#5337,.T.);
#5337 = EDGE_CURVE('',#5314,#5258,#5338,.T.);
#5338 = LINE('',#5339,#5340);
#5339 = CARTESIAN_POINT('',(0.24,0.19,-2.5));
#5340 = VECTOR('',#5341,1.);
#5341 = DIRECTION('',(0.,-1.,0.));
#5342 = ORIENTED_EDGE('',*,*,#5257,.F.);
#5343 = ORIENTED_EDGE('',*,*,#5087,.F.);
#5344 = PLANE('',#5345);
#5345 = AXIS2_PLACEMENT_3D('',#5346,#5347,#5348);
#5346 = CARTESIAN_POINT('',(0.24,0.19,2.5));
#5347 = DIRECTION('',(-1.,0.,0.));
#5348 = DIRECTION('',(0.,-1.,0.));
#5349 = ADVANCED_FACE('',(#5350),#5375,.F.);
#5350 = FACE_BOUND('',#5351,.F.);
#5351 = EDGE_LOOP('',(#5352,#5360,#5368,#5374));
#5352 = ORIENTED_EDGE('',*,*,#5353,.T.);
#5353 = EDGE_CURVE('',#5112,#5354,#5356,.T.);
#5354 = VERTEX_POINT('',#5355);
#5355 = CARTESIAN_POINT('',(2.78,0.19,-2.5));
#5356 = LINE('',#5357,#5358);
#5357 = CARTESIAN_POINT('',(2.78,0.19,2.5));
#5358 = VECTOR('',#5359,1.);
#5359 = DIRECTION('',(-0.,-0.,-1.));
#5360 = ORIENTED_EDGE('',*,*,#5361,.T.);
#5361 = EDGE_CURVE('',#5354,#5362,#5364,.T.);
#5362 = VERTEX_POINT('',#5363);
#5363 = CARTESIAN_POINT('',(2.78,-0.19,-2.5));
#5364 = LINE('',#5365,#5366);
#5365 = CARTESIAN_POINT('',(2.78,0.19,-2.5));
#5366 = VECTOR('',#5367,1.);
#5367 = DIRECTION('',(0.,-1.,0.));
#5368 = ORIENTED_EDGE('',*,*,#5369,.F.);
#5369 = EDGE_CURVE('',#5114,#5362,#5370,.T.);
#5370 = LINE('',#5371,#5372);
#5371 = CARTESIAN_POINT('',(2.78,-0.19,2.5));
#5372 = VECTOR('',#5373,1.);
#5373 = DIRECTION('',(-0.,-0.,-1.));
#5374 = ORIENTED_EDGE('',*,*,#5111,.F.);
#5375 = PLANE('',#5376);
#5376 = AXIS2_PLACEMENT_3D('',#5377,#5378,#5379);
#5377 = CARTESIAN_POINT('',(2.78,0.19,2.5));
#5378 = DIRECTION('',(-1.,0.,0.));
#5379 = DIRECTION('',(0.,-1.,0.));
#5380 = ADVANCED_FACE('',(#5381),#5399,.F.);
#5381 = FACE_BOUND('',#5382,.F.);
#5382 = EDGE_LOOP('',(#5383,#5384,#5392,#5398));
#5383 = ORIENTED_EDGE('',*,*,#5369,.T.);
#5384 = ORIENTED_EDGE('',*,*,#5385,.T.);
#5385 = EDGE_CURVE('',#5362,#5386,#5388,.T.);
#5386 = VERTEX_POINT('',#5387);
#5387 = CARTESIAN_POINT('',(2.3,-0.19,-2.5));
#5388 = LINE('',#5389,#5390);
#5389 = CARTESIAN_POINT('',(2.78,-0.19,-2.5));
#5390 = VECTOR('',#5391,1.);
#5391 = DIRECTION('',(-1.,0.,0.));
#5392 = ORIENTED_EDGE('',*,*,#5393,.F.);
#5393 = EDGE_CURVE('',#5130,#5386,#5394,.T.);
#5394 = LINE('',#5395,#5396);
#5395 = CARTESIAN_POINT('',(2.3,-0.19,2.5));
#5396 = VECTOR('',#5397,1.);
#5397 = DIRECTION('',(-0.,-0.,-1.));
#5398 = ORIENTED_EDGE('',*,*,#5137,.F.);
#5399 = PLANE('',#5400);
#5400 = AXIS2_PLACEMENT_3D('',#5401,#5402,#5403);
#5401 = CARTESIAN_POINT('',(2.78,-0.19,2.5));
#5402 = DIRECTION('',(0.,1.,0.));
#5403 = DIRECTION('',(-1.,0.,0.));
#5404 = ADVANCED_FACE('',(#5405),#5423,.F.);
#5405 = FACE_BOUND('',#5406,.F.);
#5406 = EDGE_LOOP('',(#5407,#5408,#5416,#5422));
#5407 = ORIENTED_EDGE('',*,*,#5393,.T.);
#5408 = ORIENTED_EDGE('',*,*,#5409,.T.);
#5409 = EDGE_CURVE('',#5386,#5410,#5412,.T.);
#5410 = VERTEX_POINT('',#5411);
#5411 = CARTESIAN_POINT('',(2.3,0.19,-2.5));
#5412 = LINE('',#5413,#5414);
#5413 = CARTESIAN_POINT('',(2.3,-0.19,-2.5));
#5414 = VECTOR('',#5415,1.);
#5415 = DIRECTION('',(0.,1.,0.));
#5416 = ORIENTED_EDGE('',*,*,#5417,.F.);
#5417 = EDGE_CURVE('',#5122,#5410,#5418,.T.);
#5418 = LINE('',#5419,#5420);
#5419 = CARTESIAN_POINT('',(2.3,0.19,2.5));
#5420 = VECTOR('',#5421,1.);
#5421 = DIRECTION('',(-0.,-0.,-1.));
#5422 = ORIENTED_EDGE('',*,*,#5129,.F.);
#5423 = PLANE('',#5424);
#5424 = AXIS2_PLACEMENT_3D('',#5425,#5426,#5427);
#5425 = CARTESIAN_POINT('',(2.3,-0.19,2.5));
#5426 = DIRECTION('',(1.,0.,0.));
#5427 = DIRECTION('',(-0.,1.,0.));
#5428 = ADVANCED_FACE('',(#5429),#5440,.F.);
#5429 = FACE_BOUND('',#5430,.F.);
#5430 = EDGE_LOOP('',(#5431,#5432,#5438,#5439));
#5431 = ORIENTED_EDGE('',*,*,#5417,.T.);
#5432 = ORIENTED_EDGE('',*,*,#5433,.T.);
#5433 = EDGE_CURVE('',#5410,#5354,#5434,.T.);
#5434 = LINE('',#5435,#5436);
#5435 = CARTESIAN_POINT('',(2.3,0.19,-2.5));
#5436 = VECTOR('',#5437,1.);
#5437 = DIRECTION('',(1.,0.,0.));
#5438 = ORIENTED_EDGE('',*,*,#5353,.F.);
#5439 = ORIENTED_EDGE('',*,*,#5121,.F.);
#5440 = PLANE('',#5441);
#5441 = AXIS2_PLACEMENT_3D('',#5442,#5443,#5444);
#5442 = CARTESIAN_POINT('',(2.3,0.19,2.5));
#5443 = DIRECTION('',(0.,-1.,0.));
#5444 = DIRECTION('',(1.,0.,0.));
#5445 = ADVANCED_FACE('',(#5446),#5452,.F.);
#5446 = FACE_BOUND('',#5447,.T.);
#5447 = EDGE_LOOP('',(#5448,#5449,#5450,#5451));
#5448 = ORIENTED_EDGE('',*,*,#5217,.T.);
#5449 = ORIENTED_EDGE('',*,*,#5241,.T.);
#5450 = ORIENTED_EDGE('',*,*,#5169,.T.);
#5451 = ORIENTED_EDGE('',*,*,#5193,.T.);
#5452 = PLANE('',#5453);
#5453 = AXIS2_PLACEMENT_3D('',#5454,#5455,#5456);
#5454 = CARTESIAN_POINT('',(1.03,0.19,-2.5));
#5455 = DIRECTION('',(0.,0.,1.));
#5456 = DIRECTION('',(1.,0.,-0.));
#5457 = ADVANCED_FACE('',(#5458),#5464,.F.);
#5458 = FACE_BOUND('',#5459,.T.);
#5459 = EDGE_LOOP('',(#5460,#5461,#5462,#5463));
#5460 = ORIENTED_EDGE('',*,*,#5313,.T.);
#5461 = ORIENTED_EDGE('',*,*,#5337,.T.);
#5462 = ORIENTED_EDGE('',*,*,#5265,.T.);
#5463 = ORIENTED_EDGE('',*,*,#5289,.T.);
#5464 = PLANE('',#5465);
#5465 = AXIS2_PLACEMENT_3D('',#5466,#5467,#5468);
#5466 = CARTESIAN_POINT('',(-0.24,0.19,-2.5));
#5467 = DIRECTION('',(0.,0.,1.));
#5468 = DIRECTION('',(1.,0.,-0.));
#5469 = ADVANCED_FACE('',(#5470),#5476,.F.);
#5470 = FACE_BOUND('',#5471,.T.);
#5471 = EDGE_LOOP('',(#5472,#5473,#5474,#5475));
#5472 = ORIENTED_EDGE('',*,*,#5433,.T.);
#5473 = ORIENTED_EDGE('',*,*,#5361,.T.);
#5474 = ORIENTED_EDGE('',*,*,#5385,.T.);
#5475 = ORIENTED_EDGE('',*,*,#5409,.T.);
#5476 = PLANE('',#5477);
#5477 = AXIS2_PLACEMENT_3D('',#5478,#5479,#5480);
#5478 = CARTESIAN_POINT('',(2.3,0.19,-2.5));
#5479 = DIRECTION('',(0.,0.,1.));
#5480 = DIRECTION('',(1.,0.,-0.));
#5481 = ( GEOMETRIC_REPRESENTATION_CONTEXT(3) 
GLOBAL_UNCERTAINTY_ASSIGNED_CONTEXT((#5485)) 
GLOBAL_UNIT_ASSIGNED_CONTEXT((#5482,#5483,#5484)) REPRESENTATION_CONTEXT
('Context #1','3D Context with UNIT and UNCERTAINTY') );
#5482 = ( LENGTH_UNIT() NAMED_UNIT(*) SI_UNIT(.MILLI.,.METRE.) );
#5483 = ( NAMED_UNIT(*) PLANE_ANGLE_UNIT() SI_UNIT($,.RADIAN.) );
#5484 = ( NAMED_UNIT(*) SI_UNIT($,.STERADIAN.) SOLID_ANGLE_UNIT() );
#5485 = UNCERTAINTY_MEASURE_WITH_UNIT(LENGTH_MEASURE(1.E-07),#5482,
  'distance_accuracy_value','confusion accuracy');
#5486 = CONTEXT_DEPENDENT_SHAPE_REPRESENTATION(#5487,#5489);
#5487 = ( REPRESENTATION_RELATIONSHIP('','',#4968,#4945) 
REPRESENTATION_RELATIONSHIP_WITH_TRANSFORMATION(#5488) 
SHAPE_REPRESENTATION_RELATIONSHIP() );
#5488 = ITEM_DEFINED_TRANSFORMATION('','',#11,#4946);
#5489 = PRODUCT_DEFINITION_SHAPE('Placement','Placement of an item',
  #5490);
#5490 = NEXT_ASSEMBLY_USAGE_OCCURRENCE('9','=>[0:1:1:9]','',#4940,#4963,
  $);
#5491 = PRODUCT_RELATED_PRODUCT_CATEGORY('part',$,(#4965));
#5492 = SHAPE_DEFINITION_REPRESENTATION(#5493,#5499);
#5493 = PRODUCT_DEFINITION_SHAPE('','',#5494);
#5494 = PRODUCT_DEFINITION('design','',#5495,#5498);
#5495 = PRODUCT_DEFINITION_FORMATION('','',#5496);
#5496 = PRODUCT('C_Rect_L7.0mm_W2.0mm_P5.00mm',
  'C_Rect_L7.0mm_W2.0mm_P5.00mm','',(#5497));
#5497 = PRODUCT_CONTEXT('',#2,'mechanical');
#5498 = PRODUCT_DEFINITION_CONTEXT('part definition',#2,'design');
#5499 = SHAPE_REPRESENTATION('',(#11,#5500),#5504);
#5500 = AXIS2_PLACEMENT_3D('',#5501,#5502,#5503);
#5501 = CARTESIAN_POINT('',(0.,0.,0.));
#5502 = DIRECTION('',(0.,0.,1.));
#5503 = DIRECTION('',(1.,0.,-0.));
#5504 = ( GEOMETRIC_REPRESENTATION_CONTEXT(3) 
GLOBAL_UNCERTAINTY_ASSIGNED_CONTEXT((#5508)) 
GLOBAL_UNIT_ASSIGNED_CONTEXT((#5505,#5506,#5507)) REPRESENTATION_CONTEXT
('Context #1','3D Context with UNIT and UNCERTAINTY') );
#5505 = ( LENGTH_UNIT() NAMED_UNIT(*) SI_UNIT(.MILLI.,.METRE.) );
#5506 = ( NAMED_UNIT(*) PLANE_ANGLE_UNIT() SI_UNIT($,.RADIAN.) );
#5507 = ( NAMED_UNIT(*) SI_UNIT($,.STERADIAN.) SOLID_ANGLE_UNIT() );
#5508 = UNCERTAINTY_MEASURE_WITH_UNIT(LENGTH_MEASURE(1.E-07),#5505,
  'distance_accuracy_value','confusion accuracy');
#5509 = CONTEXT_DEPENDENT_SHAPE_REPRESENTATION(#5510,#5512);
#5510 = ( REPRESENTATION_RELATIONSHIP('','',#5499,#10) 
REPRESENTATION_RELATIONSHIP_WITH_TRANSFORMATION(#5511) 
SHAPE_REPRESENTATION_RELATIONSHIP() );
#5511 = ITEM_DEFINED_TRANSFORMATION('','',#11,#39);
#5512 = PRODUCT_DEFINITION_SHAPE('Placement','Placement of an item',
  #5513);
#5513 = NEXT_ASSEMBLY_USAGE_OCCURRENCE('12','C4','',#5,#5494,$);
#5514 = PRODUCT_RELATED_PRODUCT_CATEGORY('part',$,(#5496));
#5515 = SHAPE_DEFINITION_REPRESENTATION(#5516,#5522);
#5516 = PRODUCT_DEFINITION_SHAPE('','',#5517);
#5517 = PRODUCT_DEFINITION('design','',#5518,#5521);
#5518 = PRODUCT_DEFINITION_FORMATION('','',#5519);
#5519 = PRODUCT('C_Rect_L70mm_W20mm_P500mm','C_Rect_L70mm_W20mm_P500mm',
  '',(#5520));
#5520 = PRODUCT_CONTEXT('',#2,'mechanical');
#5521 = PRODUCT_DEFINITION_CONTEXT('part definition',#2,'design');
#5522 = ADVANCED_BREP_SHAPE_REPRESENTATION('',(#11,#5523),#6067);
#5523 = MANIFOLD_SOLID_BREP('',#5524);
#5524 = CLOSED_SHELL('',(#5525,#5565,#5598,#5631,#5712,#5737,#5754,#5778
    ,#5795,#5826,#5850,#5875,#5900,#5917,#5942,#5967,#5985,#6003,#6027,
    #6038,#6049,#6058));
#5525 = ADVANCED_FACE('',(#5526),#5560,.F.);
#5526 = FACE_BOUND('',#5527,.F.);
#5527 = EDGE_LOOP('',(#5528,#5538,#5546,#5554));
#5528 = ORIENTED_EDGE('',*,*,#5529,.F.);
#5529 = EDGE_CURVE('',#5530,#5532,#5534,.T.);
#5530 = VERTEX_POINT('',#5531);
#5531 = CARTESIAN_POINT('',(-1.,-0.8,0.));
#5532 = VERTEX_POINT('',#5533);
#5533 = CARTESIAN_POINT('',(-1.,-0.8,9.8));
#5534 = LINE('',#5535,#5536);
#5535 = CARTESIAN_POINT('',(-1.,-0.8,0.));
#5536 = VECTOR('',#5537,1.);
#5537 = DIRECTION('',(0.,0.,1.));
#5538 = ORIENTED_EDGE('',*,*,#5539,.T.);
#5539 = EDGE_CURVE('',#5530,#5540,#5542,.T.);
#5540 = VERTEX_POINT('',#5541);
#5541 = CARTESIAN_POINT('',(-1.,0.8,0.));
#5542 = LINE('',#5543,#5544);
#5543 = CARTESIAN_POINT('',(-1.,-1.,0.));
#5544 = VECTOR('',#5545,1.);
#5545 = DIRECTION('',(0.,1.,0.));
#5546 = ORIENTED_EDGE('',*,*,#5547,.T.);
#5547 = EDGE_CURVE('',#5540,#5548,#5550,.T.);
#5548 = VERTEX_POINT('',#5549);
#5549 = CARTESIAN_POINT('',(-1.,0.8,9.8));
#5550 = LINE('',#5551,#5552);
#5551 = CARTESIAN_POINT('',(-1.,0.8,0.));
#5552 = VECTOR('',#5553,1.);
#5553 = DIRECTION('',(0.,0.,1.));
#5554 = ORIENTED_EDGE('',*,*,#5555,.T.);
#5555 = EDGE_CURVE('',#5548,#5532,#5556,.T.);
#5556 = LINE('',#5557,#5558);
#5557 = CARTESIAN_POINT('',(-1.,0.8,9.8));
#5558 = VECTOR('',#5559,1.);
#5559 = DIRECTION('',(-0.,-1.,-0.));
#5560 = PLANE('',#5561);
#5561 = AXIS2_PLACEMENT_3D('',#5562,#5563,#5564);
#5562 = CARTESIAN_POINT('',(-1.,-1.,0.));
#5563 = DIRECTION('',(1.,0.,0.));
#5564 = DIRECTION('',(0.,0.,1.));
#5565 = ADVANCED_FACE('',(#5566),#5593,.T.);
#5566 = FACE_BOUND('',#5567,.T.);
#5567 = EDGE_LOOP('',(#5568,#5569,#5578,#5586));
#5568 = ORIENTED_EDGE('',*,*,#5529,.F.);
#5569 = ORIENTED_EDGE('',*,*,#5570,.T.);
#5570 = EDGE_CURVE('',#5530,#5571,#5573,.T.);
#5571 = VERTEX_POINT('',#5572);
#5572 = CARTESIAN_POINT('',(-0.8,-1.,0.));
#5573 = CIRCLE('',#5574,0.2);
#5574 = AXIS2_PLACEMENT_3D('',#5575,#5576,#5577);
#5575 = CARTESIAN_POINT('',(-0.8,-0.8,0.));
#5576 = DIRECTION('',(-0.,0.,1.));
#5577 = DIRECTION('',(0.,-1.,0.));
#5578 = ORIENTED_EDGE('',*,*,#5579,.T.);
#5579 = EDGE_CURVE('',#5571,#5580,#5582,.T.);
#5580 = VERTEX_POINT('',#5581);
#5581 = CARTESIAN_POINT('',(-0.8,-1.,9.8));
#5582 = LINE('',#5583,#5584);
#5583 = CARTESIAN_POINT('',(-0.8,-1.,0.));
#5584 = VECTOR('',#5585,1.);
#5585 = DIRECTION('',(0.,0.,1.));
#5586 = ORIENTED_EDGE('',*,*,#5587,.F.);
#5587 = EDGE_CURVE('',#5532,#5580,#5588,.T.);
#5588 = CIRCLE('',#5589,0.2);
#5589 = AXIS2_PLACEMENT_3D('',#5590,#5591,#5592);
#5590 = CARTESIAN_POINT('',(-0.8,-0.8,9.8));
#5591 = DIRECTION('',(0.,0.,1.));
#5592 = DIRECTION('',(-1.,0.,0.));
#5593 = CYLINDRICAL_SURFACE('',#5594,0.2);
#5594 = AXIS2_PLACEMENT_3D('',#5595,#5596,#5597);
#5595 = CARTESIAN_POINT('',(-0.8,-0.8,0.));
#5596 = DIRECTION('',(0.,0.,1.));
#5597 = DIRECTION('',(-1.,0.,0.));
#5598 = ADVANCED_FACE('',(#5599),#5626,.T.);
#5599 = FACE_BOUND('',#5600,.T.);
#5600 = EDGE_LOOP('',(#5601,#5610,#5611,#5620));
#5601 = ORIENTED_EDGE('',*,*,#5602,.T.);
#5602 = EDGE_CURVE('',#5603,#5548,#5605,.T.);
#5603 = VERTEX_POINT('',#5604);
#5604 = CARTESIAN_POINT('',(-0.8,0.8,10.));
#5605 = CIRCLE('',#5606,0.2);
#5606 = AXIS2_PLACEMENT_3D('',#5607,#5608,#5609);
#5607 = CARTESIAN_POINT('',(-0.8,0.8,9.8));
#5608 = DIRECTION('',(-6.123233995737E-17,-1.,-0.));
#5609 = DIRECTION('',(-1.,6.123233995737E-17,0.));
#5610 = ORIENTED_EDGE('',*,*,#5555,.T.);
#5611 = ORIENTED_EDGE('',*,*,#5612,.F.);
#5612 = EDGE_CURVE('',#5613,#5532,#5615,.T.);
#5613 = VERTEX_POINT('',#5614);
#5614 = CARTESIAN_POINT('',(-0.8,-0.8,10.));
#5615 = CIRCLE('',#5616,0.2);
#5616 = AXIS2_PLACEMENT_3D('',#5617,#5618,#5619);
#5617 = CARTESIAN_POINT('',(-0.8,-0.8,9.8));
#5618 = DIRECTION('',(0.,-1.,0.));
#5619 = DIRECTION('',(0.,0.,1.));
#5620 = ORIENTED_EDGE('',*,*,#5621,.F.);
#5621 = EDGE_CURVE('',#5603,#5613,#5622,.T.);
#5622 = LINE('',#5623,#5624);
#5623 = CARTESIAN_POINT('',(-0.8,0.8,10.));
#5624 = VECTOR('',#5625,1.);
#5625 = DIRECTION('',(-0.,-1.,-0.));
#5626 = CYLINDRICAL_SURFACE('',#5627,0.2);
#5627 = AXIS2_PLACEMENT_3D('',#5628,#5629,#5630);
#5628 = CARTESIAN_POINT('',(-0.8,0.8,9.8));
#5629 = DIRECTION('',(-0.,-1.,-0.));
#5630 = DIRECTION('',(0.,0.,1.));
#5631 = ADVANCED_FACE('',(#5632,#5685,#5696),#5707,.F.);
#5632 = FACE_BOUND('',#5633,.F.);
#5633 = EDGE_LOOP('',(#5634,#5635,#5636,#5644,#5653,#5661,#5670,#5678));
#5634 = ORIENTED_EDGE('',*,*,#5539,.F.);
#5635 = ORIENTED_EDGE('',*,*,#5570,.T.);
#5636 = ORIENTED_EDGE('',*,*,#5637,.T.);
#5637 = EDGE_CURVE('',#5571,#5638,#5640,.T.);
#5638 = VERTEX_POINT('',#5639);
#5639 = CARTESIAN_POINT('',(5.8,-1.,0.));
#5640 = LINE('',#5641,#5642);
#5641 = CARTESIAN_POINT('',(-1.,-1.,0.));
#5642 = VECTOR('',#5643,1.);
#5643 = DIRECTION('',(1.,0.,0.));
#5644 = ORIENTED_EDGE('',*,*,#5645,.F.);
#5645 = EDGE_CURVE('',#5646,#5638,#5648,.T.);
#5646 = VERTEX_POINT('',#5647);
#5647 = CARTESIAN_POINT('',(6.,-0.8,0.));
#5648 = CIRCLE('',#5649,0.2);
#5649 = AXIS2_PLACEMENT_3D('',#5650,#5651,#5652);
#5650 = CARTESIAN_POINT('',(5.8,-0.8,0.));
#5651 = DIRECTION('',(-0.,-0.,-1.));
#5652 = DIRECTION('',(0.,-1.,0.));
#5653 = ORIENTED_EDGE('',*,*,#5654,.T.);
#5654 = EDGE_CURVE('',#5646,#5655,#5657,.T.);
#5655 = VERTEX_POINT('',#5656);
#5656 = CARTESIAN_POINT('',(6.,0.8,0.));
#5657 = LINE('',#5658,#5659);
#5658 = CARTESIAN_POINT('',(6.,-1.,0.));
#5659 = VECTOR('',#5660,1.);
#5660 = DIRECTION('',(0.,1.,0.));
#5661 = ORIENTED_EDGE('',*,*,#5662,.T.);
#5662 = EDGE_CURVE('',#5655,#5663,#5665,.T.);
#5663 = VERTEX_POINT('',#5664);
#5664 = CARTESIAN_POINT('',(5.8,1.,0.));
#5665 = CIRCLE('',#5666,0.2);
#5666 = AXIS2_PLACEMENT_3D('',#5667,#5668,#5669);
#5667 = CARTESIAN_POINT('',(5.8,0.8,0.));
#5668 = DIRECTION('',(-0.,0.,1.));
#5669 = DIRECTION('',(0.,-1.,0.));
#5670 = ORIENTED_EDGE('',*,*,#5671,.F.);
#5671 = EDGE_CURVE('',#5672,#5663,#5674,.T.);
#5672 = VERTEX_POINT('',#5673);
#5673 = CARTESIAN_POINT('',(-0.8,1.,0.));
#5674 = LINE('',#5675,#5676);
#5675 = CARTESIAN_POINT('',(-1.,1.,0.));
#5676 = VECTOR('',#5677,1.);
#5677 = DIRECTION('',(1.,0.,0.));
#5678 = ORIENTED_EDGE('',*,*,#5679,.F.);
#5679 = EDGE_CURVE('',#5540,#5672,#5680,.T.);
#5680 = CIRCLE('',#5681,0.2);
#5681 = AXIS2_PLACEMENT_3D('',#5682,#5683,#5684);
#5682 = CARTESIAN_POINT('',(-0.8,0.8,0.));
#5683 = DIRECTION('',(-0.,-0.,-1.));
#5684 = DIRECTION('',(0.,-1.,0.));
#5685 = FACE_BOUND('',#5686,.F.);
#5686 = EDGE_LOOP('',(#5687));
#5687 = ORIENTED_EDGE('',*,*,#5688,.F.);
#5688 = EDGE_CURVE('',#5689,#5689,#5691,.T.);
#5689 = VERTEX_POINT('',#5690);
#5690 = CARTESIAN_POINT('',(0.25,0.,0.));
#5691 = CIRCLE('',#5692,0.25);
#5692 = AXIS2_PLACEMENT_3D('',#5693,#5694,#5695);
#5693 = CARTESIAN_POINT('',(0.,0.,0.));
#5694 = DIRECTION('',(0.,0.,1.));
#5695 = DIRECTION('',(1.,0.,-0.));
#5696 = FACE_BOUND('',#5697,.F.);
#5697 = EDGE_LOOP('',(#5698));
#5698 = ORIENTED_EDGE('',*,*,#5699,.F.);
#5699 = EDGE_CURVE('',#5700,#5700,#5702,.T.);
#5700 = VERTEX_POINT('',#5701);
#5701 = CARTESIAN_POINT('',(5.25,0.,0.));
#5702 = CIRCLE('',#5703,0.25);
#5703 = AXIS2_PLACEMENT_3D('',#5704,#5705,#5706);
#5704 = CARTESIAN_POINT('',(5.,0.,0.));
#5705 = DIRECTION('',(0.,0.,1.));
#5706 = DIRECTION('',(1.,0.,-0.));
#5707 = PLANE('',#5708);
#5708 = AXIS2_PLACEMENT_3D('',#5709,#5710,#5711);
#5709 = CARTESIAN_POINT('',(-1.,-1.,0.));
#5710 = DIRECTION('',(0.,0.,1.));
#5711 = DIRECTION('',(1.,0.,-0.));
#5712 = ADVANCED_FACE('',(#5713),#5732,.T.);
#5713 = FACE_BOUND('',#5714,.T.);
#5714 = EDGE_LOOP('',(#5715,#5724,#5730,#5731));
#5715 = ORIENTED_EDGE('',*,*,#5716,.F.);
#5716 = EDGE_CURVE('',#5717,#5548,#5719,.T.);
#5717 = VERTEX_POINT('',#5718);
#5718 = CARTESIAN_POINT('',(-0.8,1.,9.8));
#5719 = CIRCLE('',#5720,0.2);
#5720 = AXIS2_PLACEMENT_3D('',#5721,#5722,#5723);
#5721 = CARTESIAN_POINT('',(-0.8,0.8,9.8));
#5722 = DIRECTION('',(0.,-0.,1.));
#5723 = DIRECTION('',(0.,1.,0.));
#5724 = ORIENTED_EDGE('',*,*,#5725,.F.);
#5725 = EDGE_CURVE('',#5672,#5717,#5726,.T.);
#5726 = LINE('',#5727,#5728);
#5727 = CARTESIAN_POINT('',(-0.8,1.,0.));
#5728 = VECTOR('',#5729,1.);
#5729 = DIRECTION('',(0.,0.,1.));
#5730 = ORIENTED_EDGE('',*,*,#5679,.F.);
#5731 = ORIENTED_EDGE('',*,*,#5547,.T.);
#5732 = CYLINDRICAL_SURFACE('',#5733,0.2);
#5733 = AXIS2_PLACEMENT_3D('',#5734,#5735,#5736);
#5734 = CARTESIAN_POINT('',(-0.8,0.8,0.));
#5735 = DIRECTION('',(0.,0.,1.));
#5736 = DIRECTION('',(-1.,0.,0.));
#5737 = ADVANCED_FACE('',(#5738),#5749,.T.);
#5738 = FACE_BOUND('',#5739,.T.);
#5739 = EDGE_LOOP('',(#5740,#5741,#5748));
#5740 = ORIENTED_EDGE('',*,*,#5587,.T.);
#5741 = ORIENTED_EDGE('',*,*,#5742,.F.);
#5742 = EDGE_CURVE('',#5613,#5580,#5743,.T.);
#5743 = CIRCLE('',#5744,0.2);
#5744 = AXIS2_PLACEMENT_3D('',#5745,#5746,#5747);
#5745 = CARTESIAN_POINT('',(-0.8,-0.8,9.8));
#5746 = DIRECTION('',(1.,-6.123233995737E-17,0.));
#5747 = DIRECTION('',(-6.123233995737E-17,-1.,0.));
#5748 = ORIENTED_EDGE('',*,*,#5612,.T.);
#5749 = SPHERICAL_SURFACE('',#5750,0.2);
#5750 = AXIS2_PLACEMENT_3D('',#5751,#5752,#5753);
#5751 = CARTESIAN_POINT('',(-0.8,-0.8,9.8));
#5752 = DIRECTION('',(-0.,-0.,-1.));
#5753 = DIRECTION('',(-1.,0.,0.));
#5754 = ADVANCED_FACE('',(#5755),#5773,.F.);
#5755 = FACE_BOUND('',#5756,.F.);
#5756 = EDGE_LOOP('',(#5757,#5758,#5766,#5772));
#5757 = ORIENTED_EDGE('',*,*,#5579,.T.);
#5758 = ORIENTED_EDGE('',*,*,#5759,.T.);
#5759 = EDGE_CURVE('',#5580,#5760,#5762,.T.);
#5760 = VERTEX_POINT('',#5761);
#5761 = CARTESIAN_POINT('',(5.8,-1.,9.8));
#5762 = LINE('',#5763,#5764);
#5763 = CARTESIAN_POINT('',(-0.8,-1.,9.8));
#5764 = VECTOR('',#5765,1.);
#5765 = DIRECTION('',(1.,0.,0.));
#5766 = ORIENTED_EDGE('',*,*,#5767,.F.);
#5767 = EDGE_CURVE('',#5638,#5760,#5768,.T.);
#5768 = LINE('',#5769,#5770);
#5769 = CARTESIAN_POINT('',(5.8,-1.,0.));
#5770 = VECTOR('',#5771,1.);
#5771 = DIRECTION('',(0.,0.,1.));
#5772 = ORIENTED_EDGE('',*,*,#5637,.F.);
#5773 = PLANE('',#5774);
#5774 = AXIS2_PLACEMENT_3D('',#5775,#5776,#5777);
#5775 = CARTESIAN_POINT('',(-1.,-1.,0.));
#5776 = DIRECTION('',(0.,1.,0.));
#5777 = DIRECTION('',(0.,-0.,1.));
#5778 = ADVANCED_FACE('',(#5779),#5790,.T.);
#5779 = FACE_BOUND('',#5780,.T.);
#5780 = EDGE_LOOP('',(#5781,#5782,#5783));
#5781 = ORIENTED_EDGE('',*,*,#5716,.T.);
#5782 = ORIENTED_EDGE('',*,*,#5602,.F.);
#5783 = ORIENTED_EDGE('',*,*,#5784,.T.);
#5784 = EDGE_CURVE('',#5603,#5717,#5785,.T.);
#5785 = CIRCLE('',#5786,0.2);
#5786 = AXIS2_PLACEMENT_3D('',#5787,#5788,#5789);
#5787 = CARTESIAN_POINT('',(-0.8,0.8,9.8));
#5788 = DIRECTION('',(-1.,0.,0.));
#5789 = DIRECTION('',(0.,0.,1.));
#5790 = SPHERICAL_SURFACE('',#5791,0.2);
#5791 = AXIS2_PLACEMENT_3D('',#5792,#5793,#5794);
#5792 = CARTESIAN_POINT('',(-0.8,0.8,9.8));
#5793 = DIRECTION('',(-0.,-0.,-1.));
#5794 = DIRECTION('',(0.,1.,-0.));
#5795 = ADVANCED_FACE('',(#5796),#5821,.T.);
#5796 = FACE_BOUND('',#5797,.T.);
#5797 = EDGE_LOOP('',(#5798,#5806,#5807,#5815));
#5798 = ORIENTED_EDGE('',*,*,#5799,.T.);
#5799 = EDGE_CURVE('',#5800,#5603,#5802,.T.);
#5800 = VERTEX_POINT('',#5801);
#5801 = CARTESIAN_POINT('',(5.8,0.8,10.));
#5802 = LINE('',#5803,#5804);
#5803 = CARTESIAN_POINT('',(5.8,0.8,10.));
#5804 = VECTOR('',#5805,1.);
#5805 = DIRECTION('',(-1.,-0.,-0.));
#5806 = ORIENTED_EDGE('',*,*,#5621,.T.);
#5807 = ORIENTED_EDGE('',*,*,#5808,.T.);
#5808 = EDGE_CURVE('',#5613,#5809,#5811,.T.);
#5809 = VERTEX_POINT('',#5810);
#5810 = CARTESIAN_POINT('',(5.8,-0.8,10.));
#5811 = LINE('',#5812,#5813);
#5812 = CARTESIAN_POINT('',(-0.8,-0.8,10.));
#5813 = VECTOR('',#5814,1.);
#5814 = DIRECTION('',(1.,0.,0.));
#5815 = ORIENTED_EDGE('',*,*,#5816,.T.);
#5816 = EDGE_CURVE('',#5809,#5800,#5817,.T.);
#5817 = LINE('',#5818,#5819);
#5818 = CARTESIAN_POINT('',(5.8,-0.8,10.));
#5819 = VECTOR('',#5820,1.);
#5820 = DIRECTION('',(0.,1.,0.));
#5821 = PLANE('',#5822);
#5822 = AXIS2_PLACEMENT_3D('',#5823,#5824,#5825);
#5823 = CARTESIAN_POINT('',(-1.,-1.,10.));
#5824 = DIRECTION('',(0.,0.,1.));
#5825 = DIRECTION('',(1.,0.,-0.));
#5826 = ADVANCED_FACE('',(#5827),#5845,.T.);
#5827 = FACE_BOUND('',#5828,.T.);
#5828 = EDGE_LOOP('',(#5829,#5830,#5838,#5844));
#5829 = ORIENTED_EDGE('',*,*,#5725,.T.);
#5830 = ORIENTED_EDGE('',*,*,#5831,.F.);
#5831 = EDGE_CURVE('',#5832,#5717,#5834,.T.);
#5832 = VERTEX_POINT('',#5833);
#5833 = CARTESIAN_POINT('',(5.8,1.,9.8));
#5834 = LINE('',#5835,#5836);
#5835 = CARTESIAN_POINT('',(5.8,1.,9.8));
#5836 = VECTOR('',#5837,1.);
#5837 = DIRECTION('',(-1.,-0.,-0.));
#5838 = ORIENTED_EDGE('',*,*,#5839,.F.);
#5839 = EDGE_CURVE('',#5663,#5832,#5840,.T.);
#5840 = LINE('',#5841,#5842);
#5841 = CARTESIAN_POINT('',(5.8,1.,0.));
#5842 = VECTOR('',#5843,1.);
#5843 = DIRECTION('',(0.,0.,1.));
#5844 = ORIENTED_EDGE('',*,*,#5671,.F.);
#5845 = PLANE('',#5846);
#5846 = AXIS2_PLACEMENT_3D('',#5847,#5848,#5849);
#5847 = CARTESIAN_POINT('',(-1.,1.,0.));
#5848 = DIRECTION('',(0.,1.,0.));
#5849 = DIRECTION('',(0.,-0.,1.));
#5850 = ADVANCED_FACE('',(#5851),#5870,.T.);
#5851 = FACE_BOUND('',#5852,.T.);
#5852 = EDGE_LOOP('',(#5853,#5862,#5863,#5864));
#5853 = ORIENTED_EDGE('',*,*,#5854,.F.);
#5854 = EDGE_CURVE('',#5760,#5855,#5857,.T.);
#5855 = VERTEX_POINT('',#5856);
#5856 = CARTESIAN_POINT('',(6.,-0.8,9.8));
#5857 = CIRCLE('',#5858,0.2);
#5858 = AXIS2_PLACEMENT_3D('',#5859,#5860,#5861);
#5859 = CARTESIAN_POINT('',(5.8,-0.8,9.8));
#5860 = DIRECTION('',(-0.,0.,1.));
#5861 = DIRECTION('',(0.,-1.,0.));
#5862 = ORIENTED_EDGE('',*,*,#5767,.F.);
#5863 = ORIENTED_EDGE('',*,*,#5645,.F.);
#5864 = ORIENTED_EDGE('',*,*,#5865,.T.);
#5865 = EDGE_CURVE('',#5646,#5855,#5866,.T.);
#5866 = LINE('',#5867,#5868);
#5867 = CARTESIAN_POINT('',(6.,-0.8,0.));
#5868 = VECTOR('',#5869,1.);
#5869 = DIRECTION('',(0.,0.,1.));
#5870 = CYLINDRICAL_SURFACE('',#5871,0.2);
#5871 = AXIS2_PLACEMENT_3D('',#5872,#5873,#5874);
#5872 = CARTESIAN_POINT('',(5.8,-0.8,0.));
#5873 = DIRECTION('',(0.,0.,1.));
#5874 = DIRECTION('',(1.,0.,-0.));
#5875 = ADVANCED_FACE('',(#5876),#5895,.T.);
#5876 = FACE_BOUND('',#5877,.T.);
#5877 = EDGE_LOOP('',(#5878,#5886,#5887,#5888));
#5878 = ORIENTED_EDGE('',*,*,#5879,.F.);
#5879 = EDGE_CURVE('',#5655,#5880,#5882,.T.);
#5880 = VERTEX_POINT('',#5881);
#5881 = CARTESIAN_POINT('',(6.,0.8,9.8));
#5882 = LINE('',#5883,#5884);
#5883 = CARTESIAN_POINT('',(6.,0.8,0.));
#5884 = VECTOR('',#5885,1.);
#5885 = DIRECTION('',(0.,0.,1.));
#5886 = ORIENTED_EDGE('',*,*,#5662,.T.);
#5887 = ORIENTED_EDGE('',*,*,#5839,.T.);
#5888 = ORIENTED_EDGE('',*,*,#5889,.F.);
#5889 = EDGE_CURVE('',#5880,#5832,#5890,.T.);
#5890 = CIRCLE('',#5891,0.2);
#5891 = AXIS2_PLACEMENT_3D('',#5892,#5893,#5894);
#5892 = CARTESIAN_POINT('',(5.8,0.8,9.8));
#5893 = DIRECTION('',(0.,0.,1.));
#5894 = DIRECTION('',(1.,0.,-0.));
#5895 = CYLINDRICAL_SURFACE('',#5896,0.2);
#5896 = AXIS2_PLACEMENT_3D('',#5897,#5898,#5899);
#5897 = CARTESIAN_POINT('',(5.8,0.8,0.));
#5898 = DIRECTION('',(0.,0.,1.));
#5899 = DIRECTION('',(1.,0.,-0.));
#5900 = ADVANCED_FACE('',(#5901),#5912,.T.);
#5901 = FACE_BOUND('',#5902,.T.);
#5902 = EDGE_LOOP('',(#5903,#5904,#5905,#5906));
#5903 = ORIENTED_EDGE('',*,*,#5865,.F.);
#5904 = ORIENTED_EDGE('',*,*,#5654,.T.);
#5905 = ORIENTED_EDGE('',*,*,#5879,.T.);
#5906 = ORIENTED_EDGE('',*,*,#5907,.F.);
#5907 = EDGE_CURVE('',#5855,#5880,#5908,.T.);
#5908 = LINE('',#5909,#5910);
#5909 = CARTESIAN_POINT('',(6.,-0.8,9.8));
#5910 = VECTOR('',#5911,1.);
#5911 = DIRECTION('',(0.,1.,0.));
#5912 = PLANE('',#5913);
#5913 = AXIS2_PLACEMENT_3D('',#5914,#5915,#5916);
#5914 = CARTESIAN_POINT('',(6.,-1.,0.));
#5915 = DIRECTION('',(1.,0.,0.));
#5916 = DIRECTION('',(0.,0.,1.));
#5917 = ADVANCED_FACE('',(#5918),#5937,.T.);
#5918 = FACE_BOUND('',#5919,.T.);
#5919 = EDGE_LOOP('',(#5920,#5921,#5929,#5936));
#5920 = ORIENTED_EDGE('',*,*,#5688,.F.);
#5921 = ORIENTED_EDGE('',*,*,#5922,.T.);
#5922 = EDGE_CURVE('',#5689,#5923,#5925,.T.);
#5923 = VERTEX_POINT('',#5924);
#5924 = CARTESIAN_POINT('',(0.25,0.,-1.9));
#5925 = LINE('',#5926,#5927);
#5926 = CARTESIAN_POINT('',(0.25,0.,0.1));
#5927 = VECTOR('',#5928,1.);
#5928 = DIRECTION('',(-0.,-0.,-1.));
#5929 = ORIENTED_EDGE('',*,*,#5930,.T.);
#5930 = EDGE_CURVE('',#5923,#5923,#5931,.T.);
#5931 = CIRCLE('',#5932,0.25);
#5932 = AXIS2_PLACEMENT_3D('',#5933,#5934,#5935);
#5933 = CARTESIAN_POINT('',(0.,0.,-1.9));
#5934 = DIRECTION('',(0.,0.,1.));
#5935 = DIRECTION('',(1.,0.,-0.));
#5936 = ORIENTED_EDGE('',*,*,#5922,.F.);
#5937 = CYLINDRICAL_SURFACE('',#5938,0.25);
#5938 = AXIS2_PLACEMENT_3D('',#5939,#5940,#5941);
#5939 = CARTESIAN_POINT('',(0.,0.,0.1));
#5940 = DIRECTION('',(0.,0.,1.));
#5941 = DIRECTION('',(1.,0.,-0.));
#5942 = ADVANCED_FACE('',(#5943),#5962,.T.);
#5943 = FACE_BOUND('',#5944,.T.);
#5944 = EDGE_LOOP('',(#5945,#5946,#5954,#5961));
#5945 = ORIENTED_EDGE('',*,*,#5699,.F.);
#5946 = ORIENTED_EDGE('',*,*,#5947,.T.);
#5947 = EDGE_CURVE('',#5700,#5948,#5950,.T.);
#5948 = VERTEX_POINT('',#5949);
#5949 = CARTESIAN_POINT('',(5.25,0.,-1.9));
#5950 = LINE('',#5951,#5952);
#5951 = CARTESIAN_POINT('',(5.25,0.,0.1));
#5952 = VECTOR('',#5953,1.);
#5953 = DIRECTION('',(-0.,-0.,-1.));
#5954 = ORIENTED_EDGE('',*,*,#5955,.T.);
#5955 = EDGE_CURVE('',#5948,#5948,#5956,.T.);
#5956 = CIRCLE('',#5957,0.25);
#5957 = AXIS2_PLACEMENT_3D('',#5958,#5959,#5960);
#5958 = CARTESIAN_POINT('',(5.,0.,-1.9));
#5959 = DIRECTION('',(0.,0.,1.));
#5960 = DIRECTION('',(1.,0.,-0.));
#5961 = ORIENTED_EDGE('',*,*,#5947,.F.);
#5962 = CYLINDRICAL_SURFACE('',#5963,0.25);
#5963 = AXIS2_PLACEMENT_3D('',#5964,#5965,#5966);
#5964 = CARTESIAN_POINT('',(5.,0.,0.1));
#5965 = DIRECTION('',(0.,0.,1.));
#5966 = DIRECTION('',(1.,0.,-0.));
#5967 = ADVANCED_FACE('',(#5968),#5980,.T.);
#5968 = FACE_BOUND('',#5969,.T.);
#5969 = EDGE_LOOP('',(#5970,#5971,#5972,#5979));
#5970 = ORIENTED_EDGE('',*,*,#5742,.T.);
#5971 = ORIENTED_EDGE('',*,*,#5759,.T.);
#5972 = ORIENTED_EDGE('',*,*,#5973,.F.);
#5973 = EDGE_CURVE('',#5809,#5760,#5974,.T.);
#5974 = CIRCLE('',#5975,0.2);
#5975 = AXIS2_PLACEMENT_3D('',#5976,#5977,#5978);
#5976 = CARTESIAN_POINT('',(5.8,-0.8,9.8));
#5977 = DIRECTION('',(1.,0.,-0.));
#5978 = DIRECTION('',(0.,0.,1.));
#5979 = ORIENTED_EDGE('',*,*,#5808,.F.);
#5980 = CYLINDRICAL_SURFACE('',#5981,0.2);
#5981 = AXIS2_PLACEMENT_3D('',#5982,#5983,#5984);
#5982 = CARTESIAN_POINT('',(-0.8,-0.8,9.8));
#5983 = DIRECTION('',(1.,0.,0.));
#5984 = DIRECTION('',(0.,0.,1.));
#5985 = ADVANCED_FACE('',(#5986),#5998,.T.);
#5986 = FACE_BOUND('',#5987,.T.);
#5987 = EDGE_LOOP('',(#5988,#5995,#5996,#5997));
#5988 = ORIENTED_EDGE('',*,*,#5989,.T.);
#5989 = EDGE_CURVE('',#5800,#5832,#5990,.T.);
#5990 = CIRCLE('',#5991,0.2);
#5991 = AXIS2_PLACEMENT_3D('',#5992,#5993,#5994);
#5992 = CARTESIAN_POINT('',(5.8,0.8,9.8));
#5993 = DIRECTION('',(-1.,6.123233995737E-17,0.));
#5994 = DIRECTION('',(6.123233995737E-17,1.,0.));
#5995 = ORIENTED_EDGE('',*,*,#5831,.T.);
#5996 = ORIENTED_EDGE('',*,*,#5784,.F.);
#5997 = ORIENTED_EDGE('',*,*,#5799,.F.);
#5998 = CYLINDRICAL_SURFACE('',#5999,0.2);
#5999 = AXIS2_PLACEMENT_3D('',#6000,#6001,#6002);
#6000 = CARTESIAN_POINT('',(5.8,0.8,9.8));
#6001 = DIRECTION('',(-1.,-0.,-0.));
#6002 = DIRECTION('',(-0.,0.,1.));
#6003 = ADVANCED_FACE('',(#6004),#6022,.T.);
#6004 = FACE_BOUND('',#6005,.T.);
#6005 = EDGE_LOOP('',(#6006,#6013,#6014,#6021));
#6006 = ORIENTED_EDGE('',*,*,#6007,.T.);
#6007 = EDGE_CURVE('',#5809,#5855,#6008,.T.);
#6008 = CIRCLE('',#6009,0.2);
#6009 = AXIS2_PLACEMENT_3D('',#6010,#6011,#6012);
#6010 = CARTESIAN_POINT('',(5.8,-0.8,9.8));
#6011 = DIRECTION('',(6.123233995737E-17,1.,0.));
#6012 = DIRECTION('',(1.,-6.123233995737E-17,0.));
#6013 = ORIENTED_EDGE('',*,*,#5907,.T.);
#6014 = ORIENTED_EDGE('',*,*,#6015,.F.);
#6015 = EDGE_CURVE('',#5800,#5880,#6016,.T.);
#6016 = CIRCLE('',#6017,0.2);
#6017 = AXIS2_PLACEMENT_3D('',#6018,#6019,#6020);
#6018 = CARTESIAN_POINT('',(5.8,0.8,9.8));
#6019 = DIRECTION('',(-0.,1.,0.));
#6020 = DIRECTION('',(1.,0.,0.));
#6021 = ORIENTED_EDGE('',*,*,#5816,.F.);
#6022 = CYLINDRICAL_SURFACE('',#6023,0.2);
#6023 = AXIS2_PLACEMENT_3D('',#6024,#6025,#6026);
#6024 = CARTESIAN_POINT('',(5.8,-0.8,9.8));
#6025 = DIRECTION('',(0.,1.,0.));
#6026 = DIRECTION('',(0.,-0.,1.));
#6027 = ADVANCED_FACE('',(#6028),#6033,.T.);
#6028 = FACE_BOUND('',#6029,.T.);
#6029 = EDGE_LOOP('',(#6030,#6031,#6032));
#6030 = ORIENTED_EDGE('',*,*,#5854,.T.);
#6031 = ORIENTED_EDGE('',*,*,#6007,.F.);
#6032 = ORIENTED_EDGE('',*,*,#5973,.T.);
#6033 = SPHERICAL_SURFACE('',#6034,0.2);
#6034 = AXIS2_PLACEMENT_3D('',#6035,#6036,#6037);
#6035 = CARTESIAN_POINT('',(5.8,-0.8,9.8));
#6036 = DIRECTION('',(-0.,-0.,-1.));
#6037 = DIRECTION('',(0.,-1.,0.));
#6038 = ADVANCED_FACE('',(#6039),#6044,.T.);
#6039 = FACE_BOUND('',#6040,.T.);
#6040 = EDGE_LOOP('',(#6041,#6042,#6043));
#6041 = ORIENTED_EDGE('',*,*,#5889,.T.);
#6042 = ORIENTED_EDGE('',*,*,#5989,.F.);
#6043 = ORIENTED_EDGE('',*,*,#6015,.T.);
#6044 = SPHERICAL_SURFACE('',#6045,0.2);
#6045 = AXIS2_PLACEMENT_3D('',#6046,#6047,#6048);
#6046 = CARTESIAN_POINT('',(5.8,0.8,9.8));
#6047 = DIRECTION('',(-0.,-0.,-1.));
#6048 = DIRECTION('',(1.,0.,0.));
#6049 = ADVANCED_FACE('',(#6050),#6053,.F.);
#6050 = FACE_BOUND('',#6051,.F.);
#6051 = EDGE_LOOP('',(#6052));
#6052 = ORIENTED_EDGE('',*,*,#5930,.T.);
#6053 = PLANE('',#6054);
#6054 = AXIS2_PLACEMENT_3D('',#6055,#6056,#6057);
#6055 = CARTESIAN_POINT('',(-4.440892098501E-16,2.18439881135E-17,-1.9)
  );
#6056 = DIRECTION('',(0.,0.,1.));
#6057 = DIRECTION('',(1.,0.,-0.));
#6058 = ADVANCED_FACE('',(#6059),#6062,.F.);
#6059 = FACE_BOUND('',#6060,.F.);
#6060 = EDGE_LOOP('',(#6061));
#6061 = ORIENTED_EDGE('',*,*,#5955,.T.);
#6062 = PLANE('',#6063);
#6063 = AXIS2_PLACEMENT_3D('',#6064,#6065,#6066);
#6064 = CARTESIAN_POINT('',(5.,2.18439881135E-17,-1.9));
#6065 = DIRECTION('',(0.,0.,1.));
#6066 = DIRECTION('',(1.,0.,-0.));
#6067 = ( GEOMETRIC_REPRESENTATION_CONTEXT(3) 
GLOBAL_UNCERTAINTY_ASSIGNED_CONTEXT((#6071)) 
GLOBAL_UNIT_ASSIGNED_CONTEXT((#6068,#6069,#6070)) REPRESENTATION_CONTEXT
('Context #1','3D Context with UNIT and UNCERTAINTY') );
#6068 = ( LENGTH_UNIT() NAMED_UNIT(*) SI_UNIT(.MILLI.,.METRE.) );
#6069 = ( NAMED_UNIT(*) PLANE_ANGLE_UNIT() SI_UNIT($,.RADIAN.) );
#6070 = ( NAMED_UNIT(*) SI_UNIT($,.STERADIAN.) SOLID_ANGLE_UNIT() );
#6071 = UNCERTAINTY_MEASURE_WITH_UNIT(LENGTH_MEASURE(1.E-07),#6068,
  'distance_accuracy_value','confusion accuracy');
#6072 = CONTEXT_DEPENDENT_SHAPE_REPRESENTATION(#6073,#6075);
#6073 = ( REPRESENTATION_RELATIONSHIP('','',#5522,#5499) 
REPRESENTATION_RELATIONSHIP_WITH_TRANSFORMATION(#6074) 
SHAPE_REPRESENTATION_RELATIONSHIP() );
#6074 = ITEM_DEFINED_TRANSFORMATION('','',#11,#5500);
#6075 = PRODUCT_DEFINITION_SHAPE('Placement','Placement of an item',
  #6076);
#6076 = NEXT_ASSEMBLY_USAGE_OCCURRENCE('11','=>[0:1:1:11]','',#5494,
  #5517,$);
#6077 = PRODUCT_RELATED_PRODUCT_CATEGORY('part',$,(#5519));
#6078 = CONTEXT_DEPENDENT_SHAPE_REPRESENTATION(#6079,#6081);
#6079 = ( REPRESENTATION_RELATIONSHIP('','',#4103,#10) 
REPRESENTATION_RELATIONSHIP_WITH_TRANSFORMATION(#6080) 
SHAPE_REPRESENTATION_RELATIONSHIP() );
#6080 = ITEM_DEFINED_TRANSFORMATION('','',#11,#43);
#6081 = PRODUCT_DEFINITION_SHAPE('Placement','Placement of an item',
  #6082);
#6082 = NEXT_ASSEMBLY_USAGE_OCCURRENCE('13','R2','',#5,#4098,$);
#6083 = CONTEXT_DEPENDENT_SHAPE_REPRESENTATION(#6084,#6086);
#6084 = ( REPRESENTATION_RELATIONSHIP('','',#3207,#10) 
REPRESENTATION_RELATIONSHIP_WITH_TRANSFORMATION(#6085) 
SHAPE_REPRESENTATION_RELATIONSHIP() );
#6085 = ITEM_DEFINED_TRANSFORMATION('','',#11,#47);
#6086 = PRODUCT_DEFINITION_SHAPE('Placement','Placement of an item',
  #6087);
#6087 = NEXT_ASSEMBLY_USAGE_OCCURRENCE('14','C2','',#5,#3202,$);
#6088 = SHAPE_DEFINITION_REPRESENTATION(#6089,#6095);
#6089 = PRODUCT_DEFINITION_SHAPE('','',#6090);
#6090 = PRODUCT_DEFINITION('design','',#6091,#6094);
#6091 = PRODUCT_DEFINITION_FORMATION('','',#6092);
#6092 = PRODUCT('LED_D5.0mm','LED_D5.0mm','',(#6093));
#6093 = PRODUCT_CONTEXT('',#2,'mechanical');
#6094 = PRODUCT_DEFINITION_CONTEXT('part definition',#2,'design');
#6095 = SHAPE_REPRESENTATION('',(#11,#6096),#6100);
#6096 = AXIS2_PLACEMENT_3D('',#6097,#6098,#6099);
#6097 = CARTESIAN_POINT('',(0.,0.,0.));
#6098 = DIRECTION('',(0.,0.,1.));
#6099 = DIRECTION('',(1.,0.,-0.));
#6100 = ( GEOMETRIC_REPRESENTATION_CONTEXT(3) 
GLOBAL_UNCERTAINTY_ASSIGNED_CONTEXT((#6104)) 
GLOBAL_UNIT_ASSIGNED_CONTEXT((#6101,#6102,#6103)) REPRESENTATION_CONTEXT
('Context #1','3D Context with UNIT and UNCERTAINTY') );
#6101 = ( LENGTH_UNIT() NAMED_UNIT(*) SI_UNIT(.MILLI.,.METRE.) );
#6102 = ( NAMED_UNIT(*) PLANE_ANGLE_UNIT() SI_UNIT($,.RADIAN.) );
#6103 = ( NAMED_UNIT(*) SI_UNIT($,.STERADIAN.) SOLID_ANGLE_UNIT() );
#6104 = UNCERTAINTY_MEASURE_WITH_UNIT(LENGTH_MEASURE(1.E-07),#6101,
  'distance_accuracy_value','confusion accuracy');
#6105 = CONTEXT_DEPENDENT_SHAPE_REPRESENTATION(#6106,#6108);
#6106 = ( REPRESENTATION_RELATIONSHIP('','',#6095,#10) 
REPRESENTATION_RELATIONSHIP_WITH_TRANSFORMATION(#6107) 
SHAPE_REPRESENTATION_RELATIONSHIP() );
#6107 = ITEM_DEFINED_TRANSFORMATION('','',#11,#51);
#6108 = PRODUCT_DEFINITION_SHAPE('Placement','Placement of an item',
  #6109);
#6109 = NEXT_ASSEMBLY_USAGE_OCCURRENCE('16','D1','',#5,#6090,$);
#6110 = PRODUCT_RELATED_PRODUCT_CATEGORY('part',$,(#6092));
#6111 = SHAPE_DEFINITION_REPRESENTATION(#6112,#6118);
#6112 = PRODUCT_DEFINITION_SHAPE('','',#6113);
#6113 = PRODUCT_DEFINITION('design','',#6114,#6117);
#6114 = PRODUCT_DEFINITION_FORMATION('','',#6115);
#6115 = PRODUCT('LED_D5.0mm','LED_D5.0mm','',(#6116));
#6116 = PRODUCT_CONTEXT('',#2,'mechanical');
#6117 = PRODUCT_DEFINITION_CONTEXT('part definition',#2,'design');
#6118 = ADVANCED_BREP_SHAPE_REPRESENTATION('',(#11,#6119),#6544);
#6119 = MANIFOLD_SOLID_BREP('',#6120);
#6120 = CLOSED_SHELL('',(#6121,#6148,#6173,#6201,#6233,#6250,#6328,#6359
    ,#6383,#6407,#6424,#6455,#6479,#6503,#6520,#6532));
#6121 = ADVANCED_FACE('',(#6122),#6143,.T.);
#6122 = FACE_BOUND('',#6123,.T.);
#6123 = EDGE_LOOP('',(#6124,#6135,#6136));
#6124 = ORIENTED_EDGE('',*,*,#6125,.T.);
#6125 = EDGE_CURVE('',#6126,#6128,#6130,.T.);
#6126 = VERTEX_POINT('',#6127);
#6127 = CARTESIAN_POINT('',(3.72,6.095124405192E-15,9.15));
#6128 = VERTEX_POINT('',#6129);
#6129 = CARTESIAN_POINT('',(1.27,7.727152251391E-15,11.6));
#6130 = CIRCLE('',#6131,2.45);
#6131 = AXIS2_PLACEMENT_3D('',#6132,#6133,#6134);
#6132 = CARTESIAN_POINT('',(1.27,6.095124405192E-15,9.15));
#6133 = DIRECTION('',(0.,-1.,6.661338147751E-16));
#6134 = DIRECTION('',(1.,0.,0.));
#6135 = ORIENTED_EDGE('',*,*,#6125,.F.);
#6136 = ORIENTED_EDGE('',*,*,#6137,.F.);
#6137 = EDGE_CURVE('',#6126,#6126,#6138,.T.);
#6138 = CIRCLE('',#6139,2.45);
#6139 = AXIS2_PLACEMENT_3D('',#6140,#6141,#6142);
#6140 = CARTESIAN_POINT('',(1.27,4.063416270128E-15,9.15));
#6141 = DIRECTION('',(-4.379057701015E-47,-4.440892098501E-16,-1.));
#6142 = DIRECTION('',(1.,8.292686265567E-16,-3.68269249121E-31));
#6143 = SPHERICAL_SURFACE('',#6144,2.45);
#6144 = AXIS2_PLACEMENT_3D('',#6145,#6146,#6147);
#6145 = CARTESIAN_POINT('',(1.27,6.095124405192E-15,9.15));
#6146 = DIRECTION('',(0.,4.440892098501E-16,1.));
#6147 = DIRECTION('',(1.,1.394807543452E-15,-6.194189798646E-31));
#6148 = ADVANCED_FACE('',(#6149),#6168,.T.);
#6149 = FACE_BOUND('',#6150,.T.);
#6150 = EDGE_LOOP('',(#6151,#6159,#6160,#6161));
#6151 = ORIENTED_EDGE('',*,*,#6152,.F.);
#6152 = EDGE_CURVE('',#6126,#6153,#6155,.T.);
#6153 = VERTEX_POINT('',#6154);
#6154 = CARTESIAN_POINT('',(3.72,2.6645352591E-15,4.));
#6155 = LINE('',#6156,#6157);
#6156 = CARTESIAN_POINT('',(3.72,6.095124405192E-15,9.15));
#6157 = VECTOR('',#6158,1.);
#6158 = DIRECTION('',(0.,-6.661338147751E-16,-1.));
#6159 = ORIENTED_EDGE('',*,*,#6137,.T.);
#6160 = ORIENTED_EDGE('',*,*,#6152,.T.);
#6161 = ORIENTED_EDGE('',*,*,#6162,.F.);
#6162 = EDGE_CURVE('',#6153,#6153,#6163,.T.);
#6163 = CIRCLE('',#6164,2.45);
#6164 = AXIS2_PLACEMENT_3D('',#6165,#6166,#6167);
#6165 = CARTESIAN_POINT('',(1.27,1.7763568394E-15,4.));
#6166 = DIRECTION('',(-2.189528850508E-47,-4.440892098501E-16,-1.));
#6167 = DIRECTION('',(1.,3.625218039592E-16,-1.609920214737E-31));
#6168 = CYLINDRICAL_SURFACE('',#6169,2.45);
#6169 = AXIS2_PLACEMENT_3D('',#6170,#6171,#6172);
#6170 = CARTESIAN_POINT('',(1.27,4.063416270128E-15,9.15));
#6171 = DIRECTION('',(0.,-4.440892098501E-16,-1.));
#6172 = DIRECTION('',(1.,8.292686265567E-16,-3.68269249121E-31));
#6173 = ADVANCED_FACE('',(#6174,#6193),#6196,.F.);
#6174 = FACE_BOUND('',#6175,.F.);
#6175 = EDGE_LOOP('',(#6176,#6187));
#6176 = ORIENTED_EDGE('',*,*,#6177,.F.);
#6177 = EDGE_CURVE('',#6178,#6180,#6182,.T.);
#6178 = VERTEX_POINT('',#6179);
#6179 = CARTESIAN_POINT('',(-1.229999999999,-1.46969384567,4.));
#6180 = VERTEX_POINT('',#6181);
#6181 = CARTESIAN_POINT('',(-1.23,1.469693845669,4.));
#6182 = CIRCLE('',#6183,2.9);
#6183 = AXIS2_PLACEMENT_3D('',#6184,#6185,#6186);
#6184 = CARTESIAN_POINT('',(1.27,0.,4.));
#6185 = DIRECTION('',(0.,0.,1.));
#6186 = DIRECTION('',(1.,0.,-0.));
#6187 = ORIENTED_EDGE('',*,*,#6188,.T.);
#6188 = EDGE_CURVE('',#6178,#6180,#6189,.T.);
#6189 = LINE('',#6190,#6191);
#6190 = CARTESIAN_POINT('',(-1.229999999999,-1.46969384567,4.));
#6191 = VECTOR('',#6192,1.);
#6192 = DIRECTION('',(0.,1.,0.));
#6193 = FACE_BOUND('',#6194,.F.);
#6194 = EDGE_LOOP('',(#6195));
#6195 = ORIENTED_EDGE('',*,*,#6162,.F.);
#6196 = PLANE('',#6197);
#6197 = AXIS2_PLACEMENT_3D('',#6198,#6199,#6200);
#6198 = CARTESIAN_POINT('',(-1.229999999999,-1.469693845671,4.));
#6199 = DIRECTION('',(0.,0.,-1.));
#6200 = DIRECTION('',(-1.,0.,0.));
#6201 = ADVANCED_FACE('',(#6202),#6228,.T.);
#6202 = FACE_BOUND('',#6203,.T.);
#6203 = EDGE_LOOP('',(#6204,#6215,#6221,#6222));
#6204 = ORIENTED_EDGE('',*,*,#6205,.T.);
#6205 = EDGE_CURVE('',#6206,#6208,#6210,.T.);
#6206 = VERTEX_POINT('',#6207);
#6207 = CARTESIAN_POINT('',(-1.229999999999,-1.46969384567,3.));
#6208 = VERTEX_POINT('',#6209);
#6209 = CARTESIAN_POINT('',(-1.23,1.469693845669,3.));
#6210 = CIRCLE('',#6211,2.9);
#6211 = AXIS2_PLACEMENT_3D('',#6212,#6213,#6214);
#6212 = CARTESIAN_POINT('',(1.27,0.,3.));
#6213 = DIRECTION('',(0.,0.,1.));
#6214 = DIRECTION('',(1.,0.,-0.));
#6215 = ORIENTED_EDGE('',*,*,#6216,.T.);
#6216 = EDGE_CURVE('',#6208,#6180,#6217,.T.);
#6217 = LINE('',#6218,#6219);
#6218 = CARTESIAN_POINT('',(-1.23,1.469693845669,3.));
#6219 = VECTOR('',#6220,1.);
#6220 = DIRECTION('',(0.,0.,1.));
#6221 = ORIENTED_EDGE('',*,*,#6177,.F.);
#6222 = ORIENTED_EDGE('',*,*,#6223,.F.);
#6223 = EDGE_CURVE('',#6206,#6178,#6224,.T.);
#6224 = LINE('',#6225,#6226);
#6225 = CARTESIAN_POINT('',(-1.229999999999,-1.46969384567,3.));
#6226 = VECTOR('',#6227,1.);
#6227 = DIRECTION('',(0.,0.,1.));
#6228 = CYLINDRICAL_SURFACE('',#6229,2.9);
#6229 = AXIS2_PLACEMENT_3D('',#6230,#6231,#6232);
#6230 = CARTESIAN_POINT('',(1.27,0.,3.));
#6231 = DIRECTION('',(-0.,-0.,-1.));
#6232 = DIRECTION('',(1.,0.,0.));
#6233 = ADVANCED_FACE('',(#6234),#6245,.T.);
#6234 = FACE_BOUND('',#6235,.T.);
#6235 = EDGE_LOOP('',(#6236,#6237,#6238,#6239));
#6236 = ORIENTED_EDGE('',*,*,#6223,.T.);
#6237 = ORIENTED_EDGE('',*,*,#6188,.T.);
#6238 = ORIENTED_EDGE('',*,*,#6216,.F.);
#6239 = ORIENTED_EDGE('',*,*,#6240,.F.);
#6240 = EDGE_CURVE('',#6206,#6208,#6241,.T.);
#6241 = LINE('',#6242,#6243);
#6242 = CARTESIAN_POINT('',(-1.229999999999,-1.46969384567,3.));
#6243 = VECTOR('',#6244,1.);
#6244 = DIRECTION('',(0.,1.,0.));
#6245 = PLANE('',#6246);
#6246 = AXIS2_PLACEMENT_3D('',#6247,#6248,#6249);
#6247 = CARTESIAN_POINT('',(-1.229999999999,-1.46969384567,3.));
#6248 = DIRECTION('',(-1.,0.,0.));
#6249 = DIRECTION('',(0.,1.,0.));
#6250 = ADVANCED_FACE('',(#6251,#6255,#6289),#6323,.T.);
#6251 = FACE_BOUND('',#6252,.T.);
#6252 = EDGE_LOOP('',(#6253,#6254));
#6253 = ORIENTED_EDGE('',*,*,#6205,.F.);
#6254 = ORIENTED_EDGE('',*,*,#6240,.T.);
#6255 = FACE_BOUND('',#6256,.T.);
#6256 = EDGE_LOOP('',(#6257,#6267,#6275,#6283));
#6257 = ORIENTED_EDGE('',*,*,#6258,.T.);
#6258 = EDGE_CURVE('',#6259,#6261,#6263,.T.);
#6259 = VERTEX_POINT('',#6260);
#6260 = CARTESIAN_POINT('',(-0.2,-0.2,3.));
#6261 = VERTEX_POINT('',#6262);
#6262 = CARTESIAN_POINT('',(0.2,-0.2,3.));
#6263 = LINE('',#6264,#6265);
#6264 = CARTESIAN_POINT('',(-0.515,-0.2,3.));
#6265 = VECTOR('',#6266,1.);
#6266 = DIRECTION('',(1.,0.,0.));
#6267 = ORIENTED_EDGE('',*,*,#6268,.T.);
#6268 = EDGE_CURVE('',#6261,#6269,#6271,.T.);
#6269 = VERTEX_POINT('',#6270);
#6270 = CARTESIAN_POINT('',(0.2,0.2,3.));
#6271 = LINE('',#6272,#6273);
#6272 = CARTESIAN_POINT('',(0.2,-0.634846922835,3.));
#6273 = VECTOR('',#6274,1.);
#6274 = DIRECTION('',(0.,1.,0.));
#6275 = ORIENTED_EDGE('',*,*,#6276,.T.);
#6276 = EDGE_CURVE('',#6269,#6277,#6279,.T.);
#6277 = VERTEX_POINT('',#6278);
#6278 = CARTESIAN_POINT('',(-0.2,0.2,3.));
#6279 = LINE('',#6280,#6281);
#6280 = CARTESIAN_POINT('',(-0.715,0.2,3.));
#6281 = VECTOR('',#6282,1.);
#6282 = DIRECTION('',(-1.,-0.,-0.));
#6283 = ORIENTED_EDGE('',*,*,#6284,.T.);
#6284 = EDGE_CURVE('',#6277,#6259,#6285,.T.);
#6285 = LINE('',#6286,#6287);
#6286 = CARTESIAN_POINT('',(-0.2,-0.834846922835,3.));
#6287 = VECTOR('',#6288,1.);
#6288 = DIRECTION('',(0.,-1.,0.));
#6289 = FACE_BOUND('',#6290,.T.);
#6290 = EDGE_LOOP('',(#6291,#6301,#6309,#6317));
#6291 = ORIENTED_EDGE('',*,*,#6292,.T.);
#6292 = EDGE_CURVE('',#6293,#6295,#6297,.T.);
#6293 = VERTEX_POINT('',#6294);
#6294 = CARTESIAN_POINT('',(2.34,0.2,3.));
#6295 = VERTEX_POINT('',#6296);
#6296 = CARTESIAN_POINT('',(2.34,-0.2,3.));
#6297 = LINE('',#6298,#6299);
#6298 = CARTESIAN_POINT('',(2.34,-0.834846922835,3.));
#6299 = VECTOR('',#6300,1.);
#6300 = DIRECTION('',(0.,-1.,0.));
#6301 = ORIENTED_EDGE('',*,*,#6302,.T.);
#6302 = EDGE_CURVE('',#6295,#6303,#6305,.T.);
#6303 = VERTEX_POINT('',#6304);
#6304 = CARTESIAN_POINT('',(2.74,-0.2,3.));
#6305 = LINE('',#6306,#6307);
#6306 = CARTESIAN_POINT('',(0.755,-0.2,3.));
#6307 = VECTOR('',#6308,1.);
#6308 = DIRECTION('',(1.,0.,0.));
#6309 = ORIENTED_EDGE('',*,*,#6310,.T.);
#6310 = EDGE_CURVE('',#6303,#6311,#6313,.T.);
#6311 = VERTEX_POINT('',#6312);
#6312 = CARTESIAN_POINT('',(2.74,0.2,3.));
#6313 = LINE('',#6314,#6315);
#6314 = CARTESIAN_POINT('',(2.74,-0.634846922835,3.));
#6315 = VECTOR('',#6316,1.);
#6316 = DIRECTION('',(0.,1.,0.));
#6317 = ORIENTED_EDGE('',*,*,#6318,.T.);
#6318 = EDGE_CURVE('',#6311,#6293,#6319,.T.);
#6319 = LINE('',#6320,#6321);
#6320 = CARTESIAN_POINT('',(0.555,0.2,3.));
#6321 = VECTOR('',#6322,1.);
#6322 = DIRECTION('',(-1.,-0.,-0.));
#6323 = PLANE('',#6324);
#6324 = AXIS2_PLACEMENT_3D('',#6325,#6326,#6327);
#6325 = CARTESIAN_POINT('',(-1.229999999999,-1.469693845671,3.));
#6326 = DIRECTION('',(0.,0.,-1.));
#6327 = DIRECTION('',(-1.,0.,0.));
#6328 = ADVANCED_FACE('',(#6329),#6354,.F.);
#6329 = FACE_BOUND('',#6330,.F.);
#6330 = EDGE_LOOP('',(#6331,#6332,#6340,#6348));
#6331 = ORIENTED_EDGE('',*,*,#6258,.T.);
#6332 = ORIENTED_EDGE('',*,*,#6333,.T.);
#6333 = EDGE_CURVE('',#6261,#6334,#6336,.T.);
#6334 = VERTEX_POINT('',#6335);
#6335 = CARTESIAN_POINT('',(0.2,-0.2,-2.5));
#6336 = LINE('',#6337,#6338);
#6337 = CARTESIAN_POINT('',(0.2,-0.2,3.5));
#6338 = VECTOR('',#6339,1.);
#6339 = DIRECTION('',(-0.,-0.,-1.));
#6340 = ORIENTED_EDGE('',*,*,#6341,.T.);
#6341 = EDGE_CURVE('',#6334,#6342,#6344,.T.);
#6342 = VERTEX_POINT('',#6343);
#6343 = CARTESIAN_POINT('',(-0.2,-0.2,-2.5));
#6344 = LINE('',#6345,#6346);
#6345 = CARTESIAN_POINT('',(0.2,-0.2,-2.5));
#6346 = VECTOR('',#6347,1.);
#6347 = DIRECTION('',(-1.,0.,0.));
#6348 = ORIENTED_EDGE('',*,*,#6349,.F.);
#6349 = EDGE_CURVE('',#6259,#6342,#6350,.T.);
#6350 = LINE('',#6351,#6352);
#6351 = CARTESIAN_POINT('',(-0.2,-0.2,3.5));
#6352 = VECTOR('',#6353,1.);
#6353 = DIRECTION('',(-0.,-0.,-1.));
#6354 = PLANE('',#6355);
#6355 = AXIS2_PLACEMENT_3D('',#6356,#6357,#6358);
#6356 = CARTESIAN_POINT('',(0.2,-0.2,3.5));
#6357 = DIRECTION('',(0.,1.,0.));
#6358 = DIRECTION('',(-1.,0.,0.));
#6359 = ADVANCED_FACE('',(#6360),#6378,.F.);
#6360 = FACE_BOUND('',#6361,.F.);
#6361 = EDGE_LOOP('',(#6362,#6363,#6364,#6372));
#6362 = ORIENTED_EDGE('',*,*,#6284,.T.);
#6363 = ORIENTED_EDGE('',*,*,#6349,.T.);
#6364 = ORIENTED_EDGE('',*,*,#6365,.T.);
#6365 = EDGE_CURVE('',#6342,#6366,#6368,.T.);
#6366 = VERTEX_POINT('',#6367);
#6367 = CARTESIAN_POINT('',(-0.2,0.2,-2.5));
#6368 = LINE('',#6369,#6370);
#6369 = CARTESIAN_POINT('',(-0.2,-0.2,-2.5));
#6370 = VECTOR('',#6371,1.);
#6371 = DIRECTION('',(0.,1.,0.));
#6372 = ORIENTED_EDGE('',*,*,#6373,.F.);
#6373 = EDGE_CURVE('',#6277,#6366,#6374,.T.);
#6374 = LINE('',#6375,#6376);
#6375 = CARTESIAN_POINT('',(-0.2,0.2,3.5));
#6376 = VECTOR('',#6377,1.);
#6377 = DIRECTION('',(-0.,-0.,-1.));
#6378 = PLANE('',#6379);
#6379 = AXIS2_PLACEMENT_3D('',#6380,#6381,#6382);
#6380 = CARTESIAN_POINT('',(-0.2,-0.2,3.5));
#6381 = DIRECTION('',(1.,0.,0.));
#6382 = DIRECTION('',(-0.,1.,0.));
#6383 = ADVANCED_FACE('',(#6384),#6402,.F.);
#6384 = FACE_BOUND('',#6385,.F.);
#6385 = EDGE_LOOP('',(#6386,#6387,#6388,#6396));
#6386 = ORIENTED_EDGE('',*,*,#6276,.T.);
#6387 = ORIENTED_EDGE('',*,*,#6373,.T.);
#6388 = ORIENTED_EDGE('',*,*,#6389,.T.);
#6389 = EDGE_CURVE('',#6366,#6390,#6392,.T.);
#6390 = VERTEX_POINT('',#6391);
#6391 = CARTESIAN_POINT('',(0.2,0.2,-2.5));
#6392 = LINE('',#6393,#6394);
#6393 = CARTESIAN_POINT('',(-0.2,0.2,-2.5));
#6394 = VECTOR('',#6395,1.);
#6395 = DIRECTION('',(1.,0.,0.));
#6396 = ORIENTED_EDGE('',*,*,#6397,.F.);
#6397 = EDGE_CURVE('',#6269,#6390,#6398,.T.);
#6398 = LINE('',#6399,#6400);
#6399 = CARTESIAN_POINT('',(0.2,0.2,3.5));
#6400 = VECTOR('',#6401,1.);
#6401 = DIRECTION('',(-0.,-0.,-1.));
#6402 = PLANE('',#6403);
#6403 = AXIS2_PLACEMENT_3D('',#6404,#6405,#6406);
#6404 = CARTESIAN_POINT('',(-0.2,0.2,3.5));
#6405 = DIRECTION('',(0.,-1.,0.));
#6406 = DIRECTION('',(1.,0.,0.));
#6407 = ADVANCED_FACE('',(#6408),#6419,.F.);
#6408 = FACE_BOUND('',#6409,.F.);
#6409 = EDGE_LOOP('',(#6410,#6411,#6412,#6418));
#6410 = ORIENTED_EDGE('',*,*,#6268,.T.);
#6411 = ORIENTED_EDGE('',*,*,#6397,.T.);
#6412 = ORIENTED_EDGE('',*,*,#6413,.T.);
#6413 = EDGE_CURVE('',#6390,#6334,#6414,.T.);
#6414 = LINE('',#6415,#6416);
#6415 = CARTESIAN_POINT('',(0.2,0.2,-2.5));
#6416 = VECTOR('',#6417,1.);
#6417 = DIRECTION('',(0.,-1.,0.));
#6418 = ORIENTED_EDGE('',*,*,#6333,.F.);
#6419 = PLANE('',#6420);
#6420 = AXIS2_PLACEMENT_3D('',#6421,#6422,#6423);
#6421 = CARTESIAN_POINT('',(0.2,0.2,3.5));
#6422 = DIRECTION('',(-1.,0.,0.));
#6423 = DIRECTION('',(0.,-1.,0.));
#6424 = ADVANCED_FACE('',(#6425),#6450,.F.);
#6425 = FACE_BOUND('',#6426,.F.);
#6426 = EDGE_LOOP('',(#6427,#6428,#6436,#6444));
#6427 = ORIENTED_EDGE('',*,*,#6292,.T.);
#6428 = ORIENTED_EDGE('',*,*,#6429,.T.);
#6429 = EDGE_CURVE('',#6295,#6430,#6432,.T.);
#6430 = VERTEX_POINT('',#6431);
#6431 = CARTESIAN_POINT('',(2.34,-0.2,-2.5));
#6432 = LINE('',#6433,#6434);
#6433 = CARTESIAN_POINT('',(2.34,-0.2,3.5));
#6434 = VECTOR('',#6435,1.);
#6435 = DIRECTION('',(-0.,-0.,-1.));
#6436 = ORIENTED_EDGE('',*,*,#6437,.T.);
#6437 = EDGE_CURVE('',#6430,#6438,#6440,.T.);
#6438 = VERTEX_POINT('',#6439);
#6439 = CARTESIAN_POINT('',(2.34,0.2,-2.5));
#6440 = LINE('',#6441,#6442);
#6441 = CARTESIAN_POINT('',(2.34,-0.2,-2.5));
#6442 = VECTOR('',#6443,1.);
#6443 = DIRECTION('',(0.,1.,0.));
#6444 = ORIENTED_EDGE('',*,*,#6445,.F.);
#6445 = EDGE_CURVE('',#6293,#6438,#6446,.T.);
#6446 = LINE('',#6447,#6448);
#6447 = CARTESIAN_POINT('',(2.34,0.2,3.5));
#6448 = VECTOR('',#6449,1.);
#6449 = DIRECTION('',(-0.,-0.,-1.));
#6450 = PLANE('',#6451);
#6451 = AXIS2_PLACEMENT_3D('',#6452,#6453,#6454);
#6452 = CARTESIAN_POINT('',(2.34,-0.2,3.5));
#6453 = DIRECTION('',(1.,0.,0.));
#6454 = DIRECTION('',(-0.,1.,0.));
#6455 = ADVANCED_FACE('',(#6456),#6474,.F.);
#6456 = FACE_BOUND('',#6457,.F.);
#6457 = EDGE_LOOP('',(#6458,#6459,#6460,#6468));
#6458 = ORIENTED_EDGE('',*,*,#6318,.T.);
#6459 = ORIENTED_EDGE('',*,*,#6445,.T.);
#6460 = ORIENTED_EDGE('',*,*,#6461,.T.);
#6461 = EDGE_CURVE('',#6438,#6462,#6464,.T.);
#6462 = VERTEX_POINT('',#6463);
#6463 = CARTESIAN_POINT('',(2.74,0.2,-2.5));
#6464 = LINE('',#6465,#6466);
#6465 = CARTESIAN_POINT('',(2.34,0.2,-2.5));
#6466 = VECTOR('',#6467,1.);
#6467 = DIRECTION('',(1.,0.,0.));
#6468 = ORIENTED_EDGE('',*,*,#6469,.F.);
#6469 = EDGE_CURVE('',#6311,#6462,#6470,.T.);
#6470 = LINE('',#6471,#6472);
#6471 = CARTESIAN_POINT('',(2.74,0.2,3.5));
#6472 = VECTOR('',#6473,1.);
#6473 = DIRECTION('',(-0.,-0.,-1.));
#6474 = PLANE('',#6475);
#6475 = AXIS2_PLACEMENT_3D('',#6476,#6477,#6478);
#6476 = CARTESIAN_POINT('',(2.34,0.2,3.5));
#6477 = DIRECTION('',(0.,-1.,0.));
#6478 = DIRECTION('',(1.,0.,0.));
#6479 = ADVANCED_FACE('',(#6480),#6498,.F.);
#6480 = FACE_BOUND('',#6481,.F.);
#6481 = EDGE_LOOP('',(#6482,#6483,#6484,#6492));
#6482 = ORIENTED_EDGE('',*,*,#6310,.T.);
#6483 = ORIENTED_EDGE('',*,*,#6469,.T.);
#6484 = ORIENTED_EDGE('',*,*,#6485,.T.);
#6485 = EDGE_CURVE('',#6462,#6486,#6488,.T.);
#6486 = VERTEX_POINT('',#6487);
#6487 = CARTESIAN_POINT('',(2.74,-0.2,-2.5));
#6488 = LINE('',#6489,#6490);
#6489 = CARTESIAN_POINT('',(2.74,0.2,-2.5));
#6490 = VECTOR('',#6491,1.);
#6491 = DIRECTION('',(0.,-1.,0.));
#6492 = ORIENTED_EDGE('',*,*,#6493,.F.);
#6493 = EDGE_CURVE('',#6303,#6486,#6494,.T.);
#6494 = LINE('',#6495,#6496);
#6495 = CARTESIAN_POINT('',(2.74,-0.2,3.5));
#6496 = VECTOR('',#6497,1.);
#6497 = DIRECTION('',(-0.,-0.,-1.));
#6498 = PLANE('',#6499);
#6499 = AXIS2_PLACEMENT_3D('',#6500,#6501,#6502);
#6500 = CARTESIAN_POINT('',(2.74,0.2,3.5));
#6501 = DIRECTION('',(-1.,0.,0.));
#6502 = DIRECTION('',(0.,-1.,0.));
#6503 = ADVANCED_FACE('',(#6504),#6515,.F.);
#6504 = FACE_BOUND('',#6505,.F.);
#6505 = EDGE_LOOP('',(#6506,#6507,#6508,#6514));
#6506 = ORIENTED_EDGE('',*,*,#6302,.T.);
#6507 = ORIENTED_EDGE('',*,*,#6493,.T.);
#6508 = ORIENTED_EDGE('',*,*,#6509,.T.);
#6509 = EDGE_CURVE('',#6486,#6430,#6510,.T.);
#6510 = LINE('',#6511,#6512);
#6511 = CARTESIAN_POINT('',(2.74,-0.2,-2.5));
#6512 = VECTOR('',#6513,1.);
#6513 = DIRECTION('',(-1.,0.,0.));
#6514 = ORIENTED_EDGE('',*,*,#6429,.F.);
#6515 = PLANE('',#6516);
#6516 = AXIS2_PLACEMENT_3D('',#6517,#6518,#6519);
#6517 = CARTESIAN_POINT('',(2.74,-0.2,3.5));
#6518 = DIRECTION('',(0.,1.,0.));
#6519 = DIRECTION('',(-1.,0.,0.));
#6520 = ADVANCED_FACE('',(#6521),#6527,.F.);
#6521 = FACE_BOUND('',#6522,.T.);
#6522 = EDGE_LOOP('',(#6523,#6524,#6525,#6526));
#6523 = ORIENTED_EDGE('',*,*,#6389,.T.);
#6524 = ORIENTED_EDGE('',*,*,#6413,.T.);
#6525 = ORIENTED_EDGE('',*,*,#6341,.T.);
#6526 = ORIENTED_EDGE('',*,*,#6365,.T.);
#6527 = PLANE('',#6528);
#6528 = AXIS2_PLACEMENT_3D('',#6529,#6530,#6531);
#6529 = CARTESIAN_POINT('',(-0.2,0.2,-2.5));
#6530 = DIRECTION('',(0.,0.,1.));
#6531 = DIRECTION('',(1.,0.,-0.));
#6532 = ADVANCED_FACE('',(#6533),#6539,.F.);
#6533 = FACE_BOUND('',#6534,.T.);
#6534 = EDGE_LOOP('',(#6535,#6536,#6537,#6538));
#6535 = ORIENTED_EDGE('',*,*,#6461,.T.);
#6536 = ORIENTED_EDGE('',*,*,#6485,.T.);
#6537 = ORIENTED_EDGE('',*,*,#6509,.T.);
#6538 = ORIENTED_EDGE('',*,*,#6437,.T.);
#6539 = PLANE('',#6540);
#6540 = AXIS2_PLACEMENT_3D('',#6541,#6542,#6543);
#6541 = CARTESIAN_POINT('',(2.34,0.2,-2.5));
#6542 = DIRECTION('',(0.,0.,1.));
#6543 = DIRECTION('',(1.,0.,-0.));
#6544 = ( GEOMETRIC_REPRESENTATION_CONTEXT(3) 
GLOBAL_UNCERTAINTY_ASSIGNED_CONTEXT((#6548)) 
GLOBAL_UNIT_ASSIGNED_CONTEXT((#6545,#6546,#6547)) REPRESENTATION_CONTEXT
('Context #1','3D Context with UNIT and UNCERTAINTY') );
#6545 = ( LENGTH_UNIT() NAMED_UNIT(*) SI_UNIT(.MILLI.,.METRE.) );
#6546 = ( NAMED_UNIT(*) PLANE_ANGLE_UNIT() SI_UNIT($,.RADIAN.) );
#6547 = ( NAMED_UNIT(*) SI_UNIT($,.STERADIAN.) SOLID_ANGLE_UNIT() );
#6548 = UNCERTAINTY_MEASURE_WITH_UNIT(LENGTH_MEASURE(1.E-07),#6545,
  'distance_accuracy_value','confusion accuracy');
#6549 = CONTEXT_DEPENDENT_SHAPE_REPRESENTATION(#6550,#6552);
#6550 = ( REPRESENTATION_RELATIONSHIP('','',#6118,#6095) 
REPRESENTATION_RELATIONSHIP_WITH_TRANSFORMATION(#6551) 
SHAPE_REPRESENTATION_RELATIONSHIP() );
#6551 = ITEM_DEFINED_TRANSFORMATION('','',#11,#6096);
#6552 = PRODUCT_DEFINITION_SHAPE('Placement','Placement of an item',
  #6553);
#6553 = NEXT_ASSEMBLY_USAGE_OCCURRENCE('15','=>[0:1:1:13]','',#6090,
  #6113,$);
#6554 = PRODUCT_RELATED_PRODUCT_CATEGORY('part',$,(#6115));
#6555 = CONTEXT_DEPENDENT_SHAPE_REPRESENTATION(#6556,#6558);
#6556 = ( REPRESENTATION_RELATIONSHIP('','',#5499,#10) 
REPRESENTATION_RELATIONSHIP_WITH_TRANSFORMATION(#6557) 
SHAPE_REPRESENTATION_RELATIONSHIP() );
#6557 = ITEM_DEFINED_TRANSFORMATION('','',#11,#55);
#6558 = PRODUCT_DEFINITION_SHAPE('Placement','Placement of an item',
  #6559);
#6559 = NEXT_ASSEMBLY_USAGE_OCCURRENCE('17','C3','',#5,#5494,$);
#6560 = CONTEXT_DEPENDENT_SHAPE_REPRESENTATION(#6561,#6563);
#6561 = ( REPRESENTATION_RELATIONSHIP('','',#4103,#10) 
REPRESENTATION_RELATIONSHIP_WITH_TRANSFORMATION(#6562) 
SHAPE_REPRESENTATION_RELATIONSHIP() );
#6562 = ITEM_DEFINED_TRANSFORMATION('','',#11,#59);
#6563 = PRODUCT_DEFINITION_SHAPE('Placement','Placement of an item',
  #6564);
#6564 = NEXT_ASSEMBLY_USAGE_OCCURRENCE('18','R4','',#5,#4098,$);
#6565 = SHAPE_DEFINITION_REPRESENTATION(#6566,#6572);
#6566 = PRODUCT_DEFINITION_SHAPE('','',#6567);
#6567 = PRODUCT_DEFINITION('design','',#6568,#6571);
#6568 = PRODUCT_DEFINITION_FORMATION('','',#6569);
#6569 = PRODUCT('D_SOD-323','D_SOD-323','',(#6570));
#6570 = PRODUCT_CONTEXT('',#2,'mechanical');
#6571 = PRODUCT_DEFINITION_CONTEXT('part definition',#2,'design');
#6572 = SHAPE_REPRESENTATION('',(#11,#6573),#6577);
#6573 = AXIS2_PLACEMENT_3D('',#6574,#6575,#6576);
#6574 = CARTESIAN_POINT('',(0.,0.,0.));
#6575 = DIRECTION('',(0.,0.,1.));
#6576 = DIRECTION('',(1.,0.,-0.));
#6577 = ( GEOMETRIC_REPRESENTATION_CONTEXT(3) 
GLOBAL_UNCERTAINTY_ASSIGNED_CONTEXT((#6581)) 
GLOBAL_UNIT_ASSIGNED_CONTEXT((#6578,#6579,#6580)) REPRESENTATION_CONTEXT
('Context #1','3D Context with UNIT and UNCERTAINTY') );
#6578 = ( LENGTH_UNIT() NAMED_UNIT(*) SI_UNIT(.MILLI.,.METRE.) );
#6579 = ( NAMED_UNIT(*) PLANE_ANGLE_UNIT() SI_UNIT($,.RADIAN.) );
#6580 = ( NAMED_UNIT(*) SI_UNIT($,.STERADIAN.) SOLID_ANGLE_UNIT() );
#6581 = UNCERTAINTY_MEASURE_WITH_UNIT(LENGTH_MEASURE(1.E-07),#6578,
  'distance_accuracy_value','confusion accuracy');
#6582 = CONTEXT_DEPENDENT_SHAPE_REPRESENTATION(#6583,#6585);
#6583 = ( REPRESENTATION_RELATIONSHIP('','',#6572,#10) 
REPRESENTATION_RELATIONSHIP_WITH_TRANSFORMATION(#6584) 
SHAPE_REPRESENTATION_RELATIONSHIP() );
#6584 = ITEM_DEFINED_TRANSFORMATION('','',#11,#63);
#6585 = PRODUCT_DEFINITION_SHAPE('Placement','Placement of an item',
  #6586);
#6586 = NEXT_ASSEMBLY_USAGE_OCCURRENCE('20','D4','',#5,#6567,$);
#6587 = PRODUCT_RELATED_PRODUCT_CATEGORY('part',$,(#6569));
#6588 = SHAPE_DEFINITION_REPRESENTATION(#6589,#6595);
#6589 = PRODUCT_DEFINITION_SHAPE('','',#6590);
#6590 = PRODUCT_DEFINITION('design','',#6591,#6594);
#6591 = PRODUCT_DEFINITION_FORMATION('','',#6592);
#6592 = PRODUCT('D_SOD-323','D_SOD-323','',(#6593));
#6593 = PRODUCT_CONTEXT('',#2,'mechanical');
#6594 = PRODUCT_DEFINITION_CONTEXT('part definition',#2,'design');
#6595 = ADVANCED_BREP_SHAPE_REPRESENTATION('',(#11,#6596),#8284);
#6596 = MANIFOLD_SOLID_BREP('',#6597);
#6597 = CLOSED_SHELL('',(#6598,#6652,#6715,#6738,#6768,#6801,#6831,#6854
    ,#6877,#6900,#6923,#6946,#6979,#7002,#7025,#7113,#7188,#7212,#7280,
    #7368,#7384,#7400,#7416,#7432,#7449,#7482,#7499,#7521,#7552,#7575,
    #7598,#7621,#7651,#7668,#7685,#7702,#7719,#7736,#7753,#7770,#7782,
    #7805,#7828,#7845,#7920,#7944,#8012,#8029,#8079,#8096,#8113,#8130,
    #8147,#8164,#8176,#8207,#8231,#8255,#8272));
#6598 = ADVANCED_FACE('',(#6599),#6647,.F.);
#6599 = FACE_BOUND('',#6600,.F.);
#6600 = EDGE_LOOP('',(#6601,#6611,#6618,#6626,#6634,#6642));
#6601 = ORIENTED_EDGE('',*,*,#6602,.T.);
#6602 = EDGE_CURVE('',#6603,#6605,#6607,.T.);
#6603 = VERTEX_POINT('',#6604);
#6604 = CARTESIAN_POINT('',(-0.790270145251,-0.500135072626,0.1));
#6605 = VERTEX_POINT('',#6606);
#6606 = CARTESIAN_POINT('',(-0.790270145251,0.500135072626,0.1));
#6607 = LINE('',#6608,#6609);
#6608 = CARTESIAN_POINT('',(-0.790270145251,-0.500135072626,0.1));
#6609 = VECTOR('',#6610,1.);
#6610 = DIRECTION('',(0.,1.,0.));
#6611 = ORIENTED_EDGE('',*,*,#6612,.T.);
#6612 = EDGE_CURVE('',#6605,#6613,#6615,.T.);
#6613 = VERTEX_POINT('',#6614);
#6614 = CARTESIAN_POINT('',(-0.85,0.53,0.525));
#6615 = B_SPLINE_CURVE_WITH_KNOTS('',1,(#6616,#6617),.UNSPECIFIED.,.F.,
  .F.,(2,2),(0.,1.),.PIECEWISE_BEZIER_KNOTS.);
#6616 = CARTESIAN_POINT('',(-0.790270145251,0.500135072626,0.1));
#6617 = CARTESIAN_POINT('',(-0.85,0.53,0.525));
#6618 = ORIENTED_EDGE('',*,*,#6619,.F.);
#6619 = EDGE_CURVE('',#6620,#6613,#6622,.T.);
#6620 = VERTEX_POINT('',#6621);
#6621 = CARTESIAN_POINT('',(-0.85,0.175,0.525));
#6622 = LINE('',#6623,#6624);
#6623 = CARTESIAN_POINT('',(-0.85,-0.53,0.525));
#6624 = VECTOR('',#6625,1.);
#6625 = DIRECTION('',(0.,1.,0.));
#6626 = ORIENTED_EDGE('',*,*,#6627,.F.);
#6627 = EDGE_CURVE('',#6628,#6620,#6630,.T.);
#6628 = VERTEX_POINT('',#6629);
#6629 = CARTESIAN_POINT('',(-0.85,-0.175,0.525));
#6630 = LINE('',#6631,#6632);
#6631 = CARTESIAN_POINT('',(-0.85,-0.175,0.525));
#6632 = VECTOR('',#6633,1.);
#6633 = DIRECTION('',(1.110223024625E-16,1.,0.));
#6634 = ORIENTED_EDGE('',*,*,#6635,.F.);
#6635 = EDGE_CURVE('',#6636,#6628,#6638,.T.);
#6636 = VERTEX_POINT('',#6637);
#6637 = CARTESIAN_POINT('',(-0.85,-0.53,0.525));
#6638 = LINE('',#6639,#6640);
#6639 = CARTESIAN_POINT('',(-0.85,-0.53,0.525));
#6640 = VECTOR('',#6641,1.);
#6641 = DIRECTION('',(0.,1.,0.));
#6642 = ORIENTED_EDGE('',*,*,#6643,.F.);
#6643 = EDGE_CURVE('',#6603,#6636,#6644,.T.);
#6644 = B_SPLINE_CURVE_WITH_KNOTS('',1,(#6645,#6646),.UNSPECIFIED.,.F.,
  .F.,(2,2),(0.,1.),.PIECEWISE_BEZIER_KNOTS.);
#6645 = CARTESIAN_POINT('',(-0.790270145251,-0.500135072626,0.1));
#6646 = CARTESIAN_POINT('',(-0.85,-0.53,0.525));
#6647 = B_SPLINE_SURFACE_WITH_KNOTS('',1,1,(
    (#6648,#6649)
    ,(#6650,#6651
    )),.UNSPECIFIED.,.F.,.F.,.F.,(2,2),(2,2),(0.,1.06),(0.,1.),
  .PIECEWISE_BEZIER_KNOTS.);
#6648 = CARTESIAN_POINT('',(-0.790270145251,-0.500135072626,0.1));
#6649 = CARTESIAN_POINT('',(-0.85,-0.53,0.525));
#6650 = CARTESIAN_POINT('',(-0.790270145251,0.500135072626,0.1));
#6651 = CARTESIAN_POINT('',(-0.85,0.53,0.525));
#6652 = ADVANCED_FACE('',(#6653),#6710,.F.);
#6653 = FACE_BOUND('',#6654,.T.);
#6654 = EDGE_LOOP('',(#6655,#6656,#6664,#6672,#6680,#6688,#6696,#6704));
#6655 = ORIENTED_EDGE('',*,*,#6602,.T.);
#6656 = ORIENTED_EDGE('',*,*,#6657,.T.);
#6657 = EDGE_CURVE('',#6605,#6658,#6660,.T.);
#6658 = VERTEX_POINT('',#6659);
#6659 = CARTESIAN_POINT('',(-0.725135072626,0.565270145251,0.1));
#6660 = LINE('',#6661,#6662);
#6661 = CARTESIAN_POINT('',(-0.790270145251,0.500135072626,0.1));
#6662 = VECTOR('',#6663,1.);
#6663 = DIRECTION('',(0.707106781187,0.707106781187,0.));
#6664 = ORIENTED_EDGE('',*,*,#6665,.T.);
#6665 = EDGE_CURVE('',#6658,#6666,#6668,.T.);
#6666 = VERTEX_POINT('',#6667);
#6667 = CARTESIAN_POINT('',(0.725135072626,0.565270145251,0.1));
#6668 = LINE('',#6669,#6670);
#6669 = CARTESIAN_POINT('',(-0.725135072626,0.565270145251,0.1));
#6670 = VECTOR('',#6671,1.);
#6671 = DIRECTION('',(1.,0.,0.));
#6672 = ORIENTED_EDGE('',*,*,#6673,.T.);
#6673 = EDGE_CURVE('',#6666,#6674,#6676,.T.);
#6674 = VERTEX_POINT('',#6675);
#6675 = CARTESIAN_POINT('',(0.790270145251,0.500135072626,0.1));
#6676 = LINE('',#6677,#6678);
#6677 = CARTESIAN_POINT('',(0.725135072626,0.565270145251,0.1));
#6678 = VECTOR('',#6679,1.);
#6679 = DIRECTION('',(0.707106781187,-0.707106781187,0.));
#6680 = ORIENTED_EDGE('',*,*,#6681,.T.);
#6681 = EDGE_CURVE('',#6674,#6682,#6684,.T.);
#6682 = VERTEX_POINT('',#6683);
#6683 = CARTESIAN_POINT('',(0.790270145251,-0.500135072626,0.1));
#6684 = LINE('',#6685,#6686);
#6685 = CARTESIAN_POINT('',(0.790270145251,0.500135072626,0.1));
#6686 = VECTOR('',#6687,1.);
#6687 = DIRECTION('',(0.,-1.,0.));
#6688 = ORIENTED_EDGE('',*,*,#6689,.T.);
#6689 = EDGE_CURVE('',#6682,#6690,#6692,.T.);
#6690 = VERTEX_POINT('',#6691);
#6691 = CARTESIAN_POINT('',(0.725135072626,-0.565270145251,0.1));
#6692 = LINE('',#6693,#6694);
#6693 = CARTESIAN_POINT('',(0.790270145251,-0.500135072626,0.1));
#6694 = VECTOR('',#6695,1.);
#6695 = DIRECTION('',(-0.707106781187,-0.707106781187,0.));
#6696 = ORIENTED_EDGE('',*,*,#6697,.T.);
#6697 = EDGE_CURVE('',#6690,#6698,#6700,.T.);
#6698 = VERTEX_POINT('',#6699);
#6699 = CARTESIAN_POINT('',(-0.725135072626,-0.565270145251,0.1));
#6700 = LINE('',#6701,#6702);
#6701 = CARTESIAN_POINT('',(0.725135072626,-0.565270145251,0.1));
#6702 = VECTOR('',#6703,1.);
#6703 = DIRECTION('',(-1.,0.,0.));
#6704 = ORIENTED_EDGE('',*,*,#6705,.T.);
#6705 = EDGE_CURVE('',#6698,#6603,#6706,.T.);
#6706 = LINE('',#6707,#6708);
#6707 = CARTESIAN_POINT('',(-0.725135072626,-0.565270145251,0.1));
#6708 = VECTOR('',#6709,1.);
#6709 = DIRECTION('',(-0.707106781187,0.707106781187,0.));
#6710 = PLANE('',#6711);
#6711 = AXIS2_PLACEMENT_3D('',#6712,#6713,#6714);
#6712 = CARTESIAN_POINT('',(-0.790270145251,-0.500135072626,0.1));
#6713 = DIRECTION('',(0.,0.,1.));
#6714 = DIRECTION('',(0.844997546083,0.534770181587,-0.));
#6715 = ADVANCED_FACE('',(#6716),#6733,.F.);
#6716 = FACE_BOUND('',#6717,.F.);
#6717 = EDGE_LOOP('',(#6718,#6719,#6726,#6732));
#6718 = ORIENTED_EDGE('',*,*,#6657,.T.);
#6719 = ORIENTED_EDGE('',*,*,#6720,.T.);
#6720 = EDGE_CURVE('',#6658,#6721,#6723,.T.);
#6721 = VERTEX_POINT('',#6722);
#6722 = CARTESIAN_POINT('',(-0.755,0.625,0.525));
#6723 = B_SPLINE_CURVE_WITH_KNOTS('',1,(#6724,#6725),.UNSPECIFIED.,.F.,
  .F.,(2,2),(0.,1.),.PIECEWISE_BEZIER_KNOTS.);
#6724 = CARTESIAN_POINT('',(-0.725135072626,0.565270145251,0.1));
#6725 = CARTESIAN_POINT('',(-0.755,0.625,0.525));
#6726 = ORIENTED_EDGE('',*,*,#6727,.F.);
#6727 = EDGE_CURVE('',#6613,#6721,#6728,.T.);
#6728 = LINE('',#6729,#6730);
#6729 = CARTESIAN_POINT('',(-0.85,0.53,0.525));
#6730 = VECTOR('',#6731,1.);
#6731 = DIRECTION('',(0.707106781187,0.707106781187,0.));
#6732 = ORIENTED_EDGE('',*,*,#6612,.F.);
#6733 = B_SPLINE_SURFACE_WITH_KNOTS('',1,1,(
    (#6734,#6735)
    ,(#6736,#6737
    )),.UNSPECIFIED.,.F.,.F.,.F.,(2,2),(2,2),(0.,0.134350288425),(0.,1.)
  ,.PIECEWISE_BEZIER_KNOTS.);
#6734 = CARTESIAN_POINT('',(-0.790270145251,0.500135072626,0.1));
#6735 = CARTESIAN_POINT('',(-0.85,0.53,0.525));
#6736 = CARTESIAN_POINT('',(-0.725135072626,0.565270145251,0.1));
#6737 = CARTESIAN_POINT('',(-0.755,0.625,0.525));
#6738 = ADVANCED_FACE('',(#6739),#6763,.F.);
#6739 = FACE_BOUND('',#6740,.F.);
#6740 = EDGE_LOOP('',(#6741,#6748,#6749,#6757));
#6741 = ORIENTED_EDGE('',*,*,#6742,.F.);
#6742 = EDGE_CURVE('',#6636,#6743,#6745,.T.);
#6743 = VERTEX_POINT('',#6744);
#6744 = CARTESIAN_POINT('',(-0.85,-0.53,0.675));
#6745 = B_SPLINE_CURVE_WITH_KNOTS('',1,(#6746,#6747),.UNSPECIFIED.,.F.,
  .F.,(2,2),(0.,1.),.PIECEWISE_BEZIER_KNOTS.);
#6746 = CARTESIAN_POINT('',(-0.85,-0.53,0.525));
#6747 = CARTESIAN_POINT('',(-0.85,-0.53,0.675));
#6748 = ORIENTED_EDGE('',*,*,#6635,.T.);
#6749 = ORIENTED_EDGE('',*,*,#6750,.T.);
#6750 = EDGE_CURVE('',#6628,#6751,#6753,.T.);
#6751 = VERTEX_POINT('',#6752);
#6752 = CARTESIAN_POINT('',(-0.85,-0.175,0.675));
#6753 = LINE('',#6754,#6755);
#6754 = CARTESIAN_POINT('',(-0.85,-0.175,0.503709028349));
#6755 = VECTOR('',#6756,1.);
#6756 = DIRECTION('',(0.,0.,1.));
#6757 = ORIENTED_EDGE('',*,*,#6758,.F.);
#6758 = EDGE_CURVE('',#6743,#6751,#6759,.T.);
#6759 = LINE('',#6760,#6761);
#6760 = CARTESIAN_POINT('',(-0.85,-0.53,0.675));
#6761 = VECTOR('',#6762,1.);
#6762 = DIRECTION('',(0.,1.,0.));
#6763 = PLANE('',#6764);
#6764 = AXIS2_PLACEMENT_3D('',#6765,#6766,#6767);
#6765 = CARTESIAN_POINT('',(-0.85,-0.53,0.675));
#6766 = DIRECTION('',(1.,0.,0.));
#6767 = DIRECTION('',(-0.,1.,0.));
#6768 = ADVANCED_FACE('',(#6769),#6796,.F.);
#6769 = FACE_BOUND('',#6770,.F.);
#6770 = EDGE_LOOP('',(#6771,#6772,#6781,#6789));
#6771 = ORIENTED_EDGE('',*,*,#6627,.T.);
#6772 = ORIENTED_EDGE('',*,*,#6773,.T.);
#6773 = EDGE_CURVE('',#6620,#6774,#6776,.T.);
#6774 = VERTEX_POINT('',#6775);
#6775 = CARTESIAN_POINT('',(-0.918936542711,0.175,0.467155372437));
#6776 = CIRCLE('',#6777,7.E-02);
#6777 = AXIS2_PLACEMENT_3D('',#6778,#6779,#6780);
#6778 = CARTESIAN_POINT('',(-0.85,0.175,0.455));
#6779 = DIRECTION('',(-1.110223024625E-16,-1.,0.));
#6780 = DIRECTION('',(0.,0.,1.));
#6781 = ORIENTED_EDGE('',*,*,#6782,.F.);
#6782 = EDGE_CURVE('',#6783,#6774,#6785,.T.);
#6783 = VERTEX_POINT('',#6784);
#6784 = CARTESIAN_POINT('',(-0.918936542711,-0.175,0.467155372437));
#6785 = LINE('',#6786,#6787);
#6786 = CARTESIAN_POINT('',(-0.918936542711,-0.175,0.467155372437));
#6787 = VECTOR('',#6788,1.);
#6788 = DIRECTION('',(1.110223024625E-16,1.,0.));
#6789 = ORIENTED_EDGE('',*,*,#6790,.F.);
#6790 = EDGE_CURVE('',#6628,#6783,#6791,.T.);
#6791 = CIRCLE('',#6792,7.E-02);
#6792 = AXIS2_PLACEMENT_3D('',#6793,#6794,#6795);
#6793 = CARTESIAN_POINT('',(-0.85,-0.175,0.455));
#6794 = DIRECTION('',(-1.110223024625E-16,-1.,0.));
#6795 = DIRECTION('',(0.,0.,1.));
#6796 = CYLINDRICAL_SURFACE('',#6797,7.E-02);
#6797 = AXIS2_PLACEMENT_3D('',#6798,#6799,#6800);
#6798 = CARTESIAN_POINT('',(-0.85,-0.175,0.455));
#6799 = DIRECTION('',(-1.110223024625E-16,-1.,0.));
#6800 = DIRECTION('',(0.,0.,1.));
#6801 = ADVANCED_FACE('',(#6802),#6826,.F.);
#6802 = FACE_BOUND('',#6803,.F.);
#6803 = EDGE_LOOP('',(#6804,#6812,#6813,#6820));
#6804 = ORIENTED_EDGE('',*,*,#6805,.F.);
#6805 = EDGE_CURVE('',#6620,#6806,#6808,.T.);
#6806 = VERTEX_POINT('',#6807);
#6807 = CARTESIAN_POINT('',(-0.85,0.175,0.675));
#6808 = LINE('',#6809,#6810);
#6809 = CARTESIAN_POINT('',(-0.85,0.175,0.503709028349));
#6810 = VECTOR('',#6811,1.);
#6811 = DIRECTION('',(0.,0.,1.));
#6812 = ORIENTED_EDGE('',*,*,#6619,.T.);
#6813 = ORIENTED_EDGE('',*,*,#6814,.T.);
#6814 = EDGE_CURVE('',#6613,#6815,#6817,.T.);
#6815 = VERTEX_POINT('',#6816);
#6816 = CARTESIAN_POINT('',(-0.85,0.53,0.675));
#6817 = B_SPLINE_CURVE_WITH_KNOTS('',1,(#6818,#6819),.UNSPECIFIED.,.F.,
  .F.,(2,2),(0.,1.),.PIECEWISE_BEZIER_KNOTS.);
#6818 = CARTESIAN_POINT('',(-0.85,0.53,0.525));
#6819 = CARTESIAN_POINT('',(-0.85,0.53,0.675));
#6820 = ORIENTED_EDGE('',*,*,#6821,.F.);
#6821 = EDGE_CURVE('',#6806,#6815,#6822,.T.);
#6822 = LINE('',#6823,#6824);
#6823 = CARTESIAN_POINT('',(-0.85,-0.53,0.675));
#6824 = VECTOR('',#6825,1.);
#6825 = DIRECTION('',(0.,1.,0.));
#6826 = PLANE('',#6827);
#6827 = AXIS2_PLACEMENT_3D('',#6828,#6829,#6830);
#6828 = CARTESIAN_POINT('',(-0.85,-0.53,0.675));
#6829 = DIRECTION('',(1.,0.,0.));
#6830 = DIRECTION('',(-0.,1.,0.));
#6831 = ADVANCED_FACE('',(#6832),#6849,.F.);
#6832 = FACE_BOUND('',#6833,.F.);
#6833 = EDGE_LOOP('',(#6834,#6835,#6836,#6844));
#6834 = ORIENTED_EDGE('',*,*,#6705,.T.);
#6835 = ORIENTED_EDGE('',*,*,#6643,.T.);
#6836 = ORIENTED_EDGE('',*,*,#6837,.F.);
#6837 = EDGE_CURVE('',#6838,#6636,#6840,.T.);
#6838 = VERTEX_POINT('',#6839);
#6839 = CARTESIAN_POINT('',(-0.755,-0.625,0.525));
#6840 = LINE('',#6841,#6842);
#6841 = CARTESIAN_POINT('',(-0.755,-0.625,0.525));
#6842 = VECTOR('',#6843,1.);
#6843 = DIRECTION('',(-0.707106781187,0.707106781187,0.));
#6844 = ORIENTED_EDGE('',*,*,#6845,.F.);
#6845 = EDGE_CURVE('',#6698,#6838,#6846,.T.);
#6846 = B_SPLINE_CURVE_WITH_KNOTS('',1,(#6847,#6848),.UNSPECIFIED.,.F.,
  .F.,(2,2),(0.,1.),.PIECEWISE_BEZIER_KNOTS.);
#6847 = CARTESIAN_POINT('',(-0.725135072626,-0.565270145251,0.1));
#6848 = CARTESIAN_POINT('',(-0.755,-0.625,0.525));
#6849 = B_SPLINE_SURFACE_WITH_KNOTS('',1,1,(
    (#6850,#6851)
    ,(#6852,#6853
    )),.UNSPECIFIED.,.F.,.F.,.F.,(2,2),(2,2),(0.,0.134350288425),(0.,1.)
  ,.PIECEWISE_BEZIER_KNOTS.);
#6850 = CARTESIAN_POINT('',(-0.725135072626,-0.565270145251,0.1));
#6851 = CARTESIAN_POINT('',(-0.755,-0.625,0.525));
#6852 = CARTESIAN_POINT('',(-0.790270145251,-0.500135072626,0.1));
#6853 = CARTESIAN_POINT('',(-0.85,-0.53,0.525));
#6854 = ADVANCED_FACE('',(#6855),#6872,.F.);
#6855 = FACE_BOUND('',#6856,.F.);
#6856 = EDGE_LOOP('',(#6857,#6858,#6859,#6867));
#6857 = ORIENTED_EDGE('',*,*,#6697,.T.);
#6858 = ORIENTED_EDGE('',*,*,#6845,.T.);
#6859 = ORIENTED_EDGE('',*,*,#6860,.F.);
#6860 = EDGE_CURVE('',#6861,#6838,#6863,.T.);
#6861 = VERTEX_POINT('',#6862);
#6862 = CARTESIAN_POINT('',(0.755,-0.625,0.525));
#6863 = LINE('',#6864,#6865);
#6864 = CARTESIAN_POINT('',(0.755,-0.625,0.525));
#6865 = VECTOR('',#6866,1.);
#6866 = DIRECTION('',(-1.,0.,0.));
#6867 = ORIENTED_EDGE('',*,*,#6868,.F.);
#6868 = EDGE_CURVE('',#6690,#6861,#6869,.T.);
#6869 = B_SPLINE_CURVE_WITH_KNOTS('',1,(#6870,#6871),.UNSPECIFIED.,.F.,
  .F.,(2,2),(0.,1.),.PIECEWISE_BEZIER_KNOTS.);
#6870 = CARTESIAN_POINT('',(0.725135072626,-0.565270145251,0.1));
#6871 = CARTESIAN_POINT('',(0.755,-0.625,0.525));
#6872 = B_SPLINE_SURFACE_WITH_KNOTS('',1,1,(
    (#6873,#6874)
    ,(#6875,#6876
    )),.UNSPECIFIED.,.F.,.F.,.F.,(2,2),(2,2),(0.,1.51),(0.,1.),
  .PIECEWISE_BEZIER_KNOTS.);
#6873 = CARTESIAN_POINT('',(0.725135072626,-0.565270145251,0.1));
#6874 = CARTESIAN_POINT('',(0.755,-0.625,0.525));
#6875 = CARTESIAN_POINT('',(-0.725135072626,-0.565270145251,0.1));
#6876 = CARTESIAN_POINT('',(-0.755,-0.625,0.525));
#6877 = ADVANCED_FACE('',(#6878),#6895,.F.);
#6878 = FACE_BOUND('',#6879,.F.);
#6879 = EDGE_LOOP('',(#6880,#6881,#6888,#6894));
#6880 = ORIENTED_EDGE('',*,*,#6665,.T.);
#6881 = ORIENTED_EDGE('',*,*,#6882,.T.);
#6882 = EDGE_CURVE('',#6666,#6883,#6885,.T.);
#6883 = VERTEX_POINT('',#6884);
#6884 = CARTESIAN_POINT('',(0.755,0.625,0.525));
#6885 = B_SPLINE_CURVE_WITH_KNOTS('',1,(#6886,#6887),.UNSPECIFIED.,.F.,
  .F.,(2,2),(0.,1.),.PIECEWISE_BEZIER_KNOTS.);
#6886 = CARTESIAN_POINT('',(0.725135072626,0.565270145251,0.1));
#6887 = CARTESIAN_POINT('',(0.755,0.625,0.525));
#6888 = ORIENTED_EDGE('',*,*,#6889,.F.);
#6889 = EDGE_CURVE('',#6721,#6883,#6890,.T.);
#6890 = LINE('',#6891,#6892);
#6891 = CARTESIAN_POINT('',(-0.755,0.625,0.525));
#6892 = VECTOR('',#6893,1.);
#6893 = DIRECTION('',(1.,0.,0.));
#6894 = ORIENTED_EDGE('',*,*,#6720,.F.);
#6895 = B_SPLINE_SURFACE_WITH_KNOTS('',1,1,(
    (#6896,#6897)
    ,(#6898,#6899
    )),.UNSPECIFIED.,.F.,.F.,.F.,(2,2),(2,2),(0.,1.51),(0.,1.),
  .PIECEWISE_BEZIER_KNOTS.);
#6896 = CARTESIAN_POINT('',(-0.725135072626,0.565270145251,0.1));
#6897 = CARTESIAN_POINT('',(-0.755,0.625,0.525));
#6898 = CARTESIAN_POINT('',(0.725135072626,0.565270145251,0.1));
#6899 = CARTESIAN_POINT('',(0.755,0.625,0.525));
#6900 = ADVANCED_FACE('',(#6901),#6918,.F.);
#6901 = FACE_BOUND('',#6902,.F.);
#6902 = EDGE_LOOP('',(#6903,#6904,#6905,#6913));
#6903 = ORIENTED_EDGE('',*,*,#6689,.T.);
#6904 = ORIENTED_EDGE('',*,*,#6868,.T.);
#6905 = ORIENTED_EDGE('',*,*,#6906,.F.);
#6906 = EDGE_CURVE('',#6907,#6861,#6909,.T.);
#6907 = VERTEX_POINT('',#6908);
#6908 = CARTESIAN_POINT('',(0.85,-0.53,0.525));
#6909 = LINE('',#6910,#6911);
#6910 = CARTESIAN_POINT('',(0.85,-0.53,0.525));
#6911 = VECTOR('',#6912,1.);
#6912 = DIRECTION('',(-0.707106781187,-0.707106781187,0.));
#6913 = ORIENTED_EDGE('',*,*,#6914,.F.);
#6914 = EDGE_CURVE('',#6682,#6907,#6915,.T.);
#6915 = B_SPLINE_CURVE_WITH_KNOTS('',1,(#6916,#6917),.UNSPECIFIED.,.F.,
  .F.,(2,2),(0.,1.),.PIECEWISE_BEZIER_KNOTS.);
#6916 = CARTESIAN_POINT('',(0.790270145251,-0.500135072626,0.1));
#6917 = CARTESIAN_POINT('',(0.85,-0.53,0.525));
#6918 = B_SPLINE_SURFACE_WITH_KNOTS('',1,1,(
    (#6919,#6920)
    ,(#6921,#6922
    )),.UNSPECIFIED.,.F.,.F.,.F.,(2,2),(2,2),(0.,0.134350288425),(0.,1.)
  ,.PIECEWISE_BEZIER_KNOTS.);
#6919 = CARTESIAN_POINT('',(0.790270145251,-0.500135072626,0.1));
#6920 = CARTESIAN_POINT('',(0.85,-0.53,0.525));
#6921 = CARTESIAN_POINT('',(0.725135072626,-0.565270145251,0.1));
#6922 = CARTESIAN_POINT('',(0.755,-0.625,0.525));
#6923 = ADVANCED_FACE('',(#6924),#6941,.F.);
#6924 = FACE_BOUND('',#6925,.F.);
#6925 = EDGE_LOOP('',(#6926,#6927,#6934,#6940));
#6926 = ORIENTED_EDGE('',*,*,#6673,.T.);
#6927 = ORIENTED_EDGE('',*,*,#6928,.T.);
#6928 = EDGE_CURVE('',#6674,#6929,#6931,.T.);
#6929 = VERTEX_POINT('',#6930);
#6930 = CARTESIAN_POINT('',(0.85,0.53,0.525));
#6931 = B_SPLINE_CURVE_WITH_KNOTS('',1,(#6932,#6933),.UNSPECIFIED.,.F.,
  .F.,(2,2),(0.,1.),.PIECEWISE_BEZIER_KNOTS.);
#6932 = CARTESIAN_POINT('',(0.790270145251,0.500135072626,0.1));
#6933 = CARTESIAN_POINT('',(0.85,0.53,0.525));
#6934 = ORIENTED_EDGE('',*,*,#6935,.F.);
#6935 = EDGE_CURVE('',#6883,#6929,#6936,.T.);
#6936 = LINE('',#6937,#6938);
#6937 = CARTESIAN_POINT('',(0.755,0.625,0.525));
#6938 = VECTOR('',#6939,1.);
#6939 = DIRECTION('',(0.707106781187,-0.707106781187,0.));
#6940 = ORIENTED_EDGE('',*,*,#6882,.F.);
#6941 = B_SPLINE_SURFACE_WITH_KNOTS('',1,1,(
    (#6942,#6943)
    ,(#6944,#6945
    )),.UNSPECIFIED.,.F.,.F.,.F.,(2,2),(2,2),(0.,0.134350288425),(0.,1.)
  ,.PIECEWISE_BEZIER_KNOTS.);
#6942 = CARTESIAN_POINT('',(0.725135072626,0.565270145251,0.1));
#6943 = CARTESIAN_POINT('',(0.755,0.625,0.525));
#6944 = CARTESIAN_POINT('',(0.790270145251,0.500135072626,0.1));
#6945 = CARTESIAN_POINT('',(0.85,0.53,0.525));
#6946 = ADVANCED_FACE('',(#6947),#6974,.F.);
#6947 = FACE_BOUND('',#6948,.F.);
#6948 = EDGE_LOOP('',(#6949,#6950,#6951,#6959,#6967,#6973));
#6949 = ORIENTED_EDGE('',*,*,#6681,.T.);
#6950 = ORIENTED_EDGE('',*,*,#6914,.T.);
#6951 = ORIENTED_EDGE('',*,*,#6952,.F.);
#6952 = EDGE_CURVE('',#6953,#6907,#6955,.T.);
#6953 = VERTEX_POINT('',#6954);
#6954 = CARTESIAN_POINT('',(0.85,-0.175,0.525));
#6955 = LINE('',#6956,#6957);
#6956 = CARTESIAN_POINT('',(0.85,0.53,0.525));
#6957 = VECTOR('',#6958,1.);
#6958 = DIRECTION('',(0.,-1.,0.));
#6959 = ORIENTED_EDGE('',*,*,#6960,.F.);
#6960 = EDGE_CURVE('',#6961,#6953,#6963,.T.);
#6961 = VERTEX_POINT('',#6962);
#6962 = CARTESIAN_POINT('',(0.85,0.175,0.525));
#6963 = LINE('',#6964,#6965);
#6964 = CARTESIAN_POINT('',(0.85,0.175,0.525));
#6965 = VECTOR('',#6966,1.);
#6966 = DIRECTION('',(-2.22044604925E-16,-1.,0.));
#6967 = ORIENTED_EDGE('',*,*,#6968,.F.);
#6968 = EDGE_CURVE('',#6929,#6961,#6969,.T.);
#6969 = LINE('',#6970,#6971);
#6970 = CARTESIAN_POINT('',(0.85,0.53,0.525));
#6971 = VECTOR('',#6972,1.);
#6972 = DIRECTION('',(0.,-1.,0.));
#6973 = ORIENTED_EDGE('',*,*,#6928,.F.);
#6974 = B_SPLINE_SURFACE_WITH_KNOTS('',1,1,(
    (#6975,#6976)
    ,(#6977,#6978
    )),.UNSPECIFIED.,.F.,.F.,.F.,(2,2),(2,2),(0.,1.06),(0.,1.),
  .PIECEWISE_BEZIER_KNOTS.);
#6975 = CARTESIAN_POINT('',(0.790270145251,0.500135072626,0.1));
#6976 = CARTESIAN_POINT('',(0.85,0.53,0.525));
#6977 = CARTESIAN_POINT('',(0.790270145251,-0.500135072626,0.1));
#6978 = CARTESIAN_POINT('',(0.85,-0.53,0.525));
#6979 = ADVANCED_FACE('',(#6980),#6997,.F.);
#6980 = FACE_BOUND('',#6981,.F.);
#6981 = EDGE_LOOP('',(#6982,#6983,#6990,#6996));
#6982 = ORIENTED_EDGE('',*,*,#6727,.T.);
#6983 = ORIENTED_EDGE('',*,*,#6984,.T.);
#6984 = EDGE_CURVE('',#6721,#6985,#6987,.T.);
#6985 = VERTEX_POINT('',#6986);
#6986 = CARTESIAN_POINT('',(-0.755,0.625,0.675));
#6987 = B_SPLINE_CURVE_WITH_KNOTS('',1,(#6988,#6989),.UNSPECIFIED.,.F.,
  .F.,(2,2),(0.,1.),.PIECEWISE_BEZIER_KNOTS.);
#6988 = CARTESIAN_POINT('',(-0.755,0.625,0.525));
#6989 = CARTESIAN_POINT('',(-0.755,0.625,0.675));
#6990 = ORIENTED_EDGE('',*,*,#6991,.F.);
#6991 = EDGE_CURVE('',#6815,#6985,#6992,.T.);
#6992 = LINE('',#6993,#6994);
#6993 = CARTESIAN_POINT('',(-0.85,0.53,0.675));
#6994 = VECTOR('',#6995,1.);
#6995 = DIRECTION('',(0.707106781187,0.707106781187,0.));
#6996 = ORIENTED_EDGE('',*,*,#6814,.F.);
#6997 = PLANE('',#6998);
#6998 = AXIS2_PLACEMENT_3D('',#6999,#7000,#7001);
#6999 = CARTESIAN_POINT('',(-0.85,0.53,0.675));
#7000 = DIRECTION('',(0.707106781187,-0.707106781187,0.));
#7001 = DIRECTION('',(0.707106781187,0.707106781187,0.));
#7002 = ADVANCED_FACE('',(#7003),#7020,.F.);
#7003 = FACE_BOUND('',#7004,.F.);
#7004 = EDGE_LOOP('',(#7005,#7006,#7007,#7015));
#7005 = ORIENTED_EDGE('',*,*,#6837,.T.);
#7006 = ORIENTED_EDGE('',*,*,#6742,.T.);
#7007 = ORIENTED_EDGE('',*,*,#7008,.F.);
#7008 = EDGE_CURVE('',#7009,#6743,#7011,.T.);
#7009 = VERTEX_POINT('',#7010);
#7010 = CARTESIAN_POINT('',(-0.755,-0.625,0.675));
#7011 = LINE('',#7012,#7013);
#7012 = CARTESIAN_POINT('',(-0.755,-0.625,0.675));
#7013 = VECTOR('',#7014,1.);
#7014 = DIRECTION('',(-0.707106781187,0.707106781187,0.));
#7015 = ORIENTED_EDGE('',*,*,#7016,.F.);
#7016 = EDGE_CURVE('',#6838,#7009,#7017,.T.);
#7017 = B_SPLINE_CURVE_WITH_KNOTS('',1,(#7018,#7019),.UNSPECIFIED.,.F.,
  .F.,(2,2),(0.,1.),.PIECEWISE_BEZIER_KNOTS.);
#7018 = CARTESIAN_POINT('',(-0.755,-0.625,0.525));
#7019 = CARTESIAN_POINT('',(-0.755,-0.625,0.675));
#7020 = PLANE('',#7021);
#7021 = AXIS2_PLACEMENT_3D('',#7022,#7023,#7024);
#7022 = CARTESIAN_POINT('',(-0.755,-0.625,0.675));
#7023 = DIRECTION('',(0.707106781187,0.707106781187,0.));
#7024 = DIRECTION('',(-0.707106781187,0.707106781187,0.));
#7025 = ADVANCED_FACE('',(#7026),#7108,.F.);
#7026 = FACE_BOUND('',#7027,.F.);
#7027 = EDGE_LOOP('',(#7028,#7029,#7030,#7038,#7046,#7054,#7062,#7070,
    #7078,#7086,#7094,#7102));
#7028 = ORIENTED_EDGE('',*,*,#7008,.T.);
#7029 = ORIENTED_EDGE('',*,*,#6758,.T.);
#7030 = ORIENTED_EDGE('',*,*,#7031,.T.);
#7031 = EDGE_CURVE('',#6751,#7032,#7034,.T.);
#7032 = VERTEX_POINT('',#7033);
#7033 = CARTESIAN_POINT('',(-0.825,-0.175,0.675));
#7034 = LINE('',#7035,#7036);
#7035 = CARTESIAN_POINT('',(-0.85,-0.175,0.675));
#7036 = VECTOR('',#7037,1.);
#7037 = DIRECTION('',(1.,-1.110223024625E-16,0.));
#7038 = ORIENTED_EDGE('',*,*,#7039,.F.);
#7039 = EDGE_CURVE('',#7040,#7032,#7042,.T.);
#7040 = VERTEX_POINT('',#7041);
#7041 = CARTESIAN_POINT('',(-0.825,-0.5175,0.675));
#7042 = LINE('',#7043,#7044);
#7043 = CARTESIAN_POINT('',(-0.825,-0.5175,0.675));
#7044 = VECTOR('',#7045,1.);
#7045 = DIRECTION('',(0.,1.,0.));
#7046 = ORIENTED_EDGE('',*,*,#7047,.F.);
#7047 = EDGE_CURVE('',#7048,#7040,#7050,.T.);
#7048 = VERTEX_POINT('',#7049);
#7049 = CARTESIAN_POINT('',(-0.7425,-0.6,0.675));
#7050 = LINE('',#7051,#7052);
#7051 = CARTESIAN_POINT('',(-0.7425,-0.6,0.675));
#7052 = VECTOR('',#7053,1.);
#7053 = DIRECTION('',(-0.707106781187,0.707106781187,0.));
#7054 = ORIENTED_EDGE('',*,*,#7055,.F.);
#7055 = EDGE_CURVE('',#7056,#7048,#7058,.T.);
#7056 = VERTEX_POINT('',#7057);
#7057 = CARTESIAN_POINT('',(0.7425,-0.6,0.675));
#7058 = LINE('',#7059,#7060);
#7059 = CARTESIAN_POINT('',(0.7425,-0.6,0.675));
#7060 = VECTOR('',#7061,1.);
#7061 = DIRECTION('',(-1.,0.,0.));
#7062 = ORIENTED_EDGE('',*,*,#7063,.F.);
#7063 = EDGE_CURVE('',#7064,#7056,#7066,.T.);
#7064 = VERTEX_POINT('',#7065);
#7065 = CARTESIAN_POINT('',(0.825,-0.5175,0.675));
#7066 = LINE('',#7067,#7068);
#7067 = CARTESIAN_POINT('',(0.825,-0.5175,0.675));
#7068 = VECTOR('',#7069,1.);
#7069 = DIRECTION('',(-0.707106781187,-0.707106781187,0.));
#7070 = ORIENTED_EDGE('',*,*,#7071,.F.);
#7071 = EDGE_CURVE('',#7072,#7064,#7074,.T.);
#7072 = VERTEX_POINT('',#7073);
#7073 = CARTESIAN_POINT('',(0.825,-0.175,0.675));
#7074 = LINE('',#7075,#7076);
#7075 = CARTESIAN_POINT('',(0.825,0.5175,0.675));
#7076 = VECTOR('',#7077,1.);
#7077 = DIRECTION('',(0.,-1.,0.));
#7078 = ORIENTED_EDGE('',*,*,#7079,.F.);
#7079 = EDGE_CURVE('',#7080,#7072,#7082,.T.);
#7080 = VERTEX_POINT('',#7081);
#7081 = CARTESIAN_POINT('',(0.85,-0.175,0.675));
#7082 = LINE('',#7083,#7084);
#7083 = CARTESIAN_POINT('',(0.85,-0.175,0.675));
#7084 = VECTOR('',#7085,1.);
#7085 = DIRECTION('',(-1.,2.22044604925E-16,0.));
#7086 = ORIENTED_EDGE('',*,*,#7087,.T.);
#7087 = EDGE_CURVE('',#7080,#7088,#7090,.T.);
#7088 = VERTEX_POINT('',#7089);
#7089 = CARTESIAN_POINT('',(0.85,-0.53,0.675));
#7090 = LINE('',#7091,#7092);
#7091 = CARTESIAN_POINT('',(0.85,0.53,0.675));
#7092 = VECTOR('',#7093,1.);
#7093 = DIRECTION('',(0.,-1.,0.));
#7094 = ORIENTED_EDGE('',*,*,#7095,.T.);
#7095 = EDGE_CURVE('',#7088,#7096,#7098,.T.);
#7096 = VERTEX_POINT('',#7097);
#7097 = CARTESIAN_POINT('',(0.755,-0.625,0.675));
#7098 = LINE('',#7099,#7100);
#7099 = CARTESIAN_POINT('',(0.85,-0.53,0.675));
#7100 = VECTOR('',#7101,1.);
#7101 = DIRECTION('',(-0.707106781187,-0.707106781187,0.));
#7102 = ORIENTED_EDGE('',*,*,#7103,.T.);
#7103 = EDGE_CURVE('',#7096,#7009,#7104,.T.);
#7104 = LINE('',#7105,#7106);
#7105 = CARTESIAN_POINT('',(0.755,-0.625,0.675));
#7106 = VECTOR('',#7107,1.);
#7107 = DIRECTION('',(-1.,0.,0.));
#7108 = PLANE('',#7109);
#7109 = AXIS2_PLACEMENT_3D('',#7110,#7111,#7112);
#7110 = CARTESIAN_POINT('',(-0.8375,1.101047627727E-17,0.675));
#7111 = DIRECTION('',(-4.586476420025E-27,1.633860438167E-31,-1.));
#7112 = DIRECTION('',(1.568703130043E-18,1.,1.633860438167E-31));
#7113 = ADVANCED_FACE('',(#7114),#7183,.F.);
#7114 = FACE_BOUND('',#7115,.F.);
#7115 = EDGE_LOOP('',(#7116,#7117,#7118,#7126,#7135,#7143,#7151,#7159,
    #7168,#7176));
#7116 = ORIENTED_EDGE('',*,*,#6750,.F.);
#7117 = ORIENTED_EDGE('',*,*,#6790,.T.);
#7118 = ORIENTED_EDGE('',*,*,#7119,.T.);
#7119 = EDGE_CURVE('',#6783,#7120,#7122,.T.);
#7120 = VERTEX_POINT('',#7121);
#7121 = CARTESIAN_POINT('',(-0.964779134804,-0.175,0.181797400913));
#7122 = LINE('',#7123,#7124);
#7123 = CARTESIAN_POINT('',(-0.918936542711,-0.175,0.467155372437));
#7124 = VECTOR('',#7125,1.);
#7125 = DIRECTION('',(-0.158615661317,1.760987592604E-17,-0.987340403298
    ));
#7126 = ORIENTED_EDGE('',*,*,#7127,.T.);
#7127 = EDGE_CURVE('',#7120,#7128,#7130,.T.);
#7128 = VERTEX_POINT('',#7129);
#7129 = CARTESIAN_POINT('',(-1.181436840466,-0.175,-5.551115123126E-17)
  );
#7130 = CIRCLE('',#7131,0.22);
#7131 = AXIS2_PLACEMENT_3D('',#7132,#7133,#7134);
#7132 = CARTESIAN_POINT('',(-1.181436840466,-0.175,0.22));
#7133 = DIRECTION('',(1.110223024625E-16,1.,0.));
#7134 = DIRECTION('',(0.984807753012,-1.093356242223E-16,-0.173648177667
    ));
#7135 = ORIENTED_EDGE('',*,*,#7136,.T.);
#7136 = EDGE_CURVE('',#7128,#7137,#7139,.T.);
#7137 = VERTEX_POINT('',#7138);
#7138 = CARTESIAN_POINT('',(-1.25,-0.175,-5.551115123126E-17));
#7139 = LINE('',#7140,#7141);
#7140 = CARTESIAN_POINT('',(-1.181436840466,-0.175,-5.551115123126E-17)
  );
#7141 = VECTOR('',#7142,1.);
#7142 = DIRECTION('',(-1.,1.110223024625E-16,0.));
#7143 = ORIENTED_EDGE('',*,*,#7144,.T.);
#7144 = EDGE_CURVE('',#7137,#7145,#7147,.T.);
#7145 = VERTEX_POINT('',#7146);
#7146 = CARTESIAN_POINT('',(-1.25,-0.175,0.15));
#7147 = LINE('',#7148,#7149);
#7148 = CARTESIAN_POINT('',(-1.25,-0.175,-5.551115123126E-17));
#7149 = VECTOR('',#7150,1.);
#7150 = DIRECTION('',(0.,0.,1.));
#7151 = ORIENTED_EDGE('',*,*,#7152,.T.);
#7152 = EDGE_CURVE('',#7145,#7153,#7155,.T.);
#7153 = VERTEX_POINT('',#7154);
#7154 = CARTESIAN_POINT('',(-1.181436840466,-0.175,0.15));
#7155 = LINE('',#7156,#7157);
#7156 = CARTESIAN_POINT('',(-1.25,-0.175,0.15));
#7157 = VECTOR('',#7158,1.);
#7158 = DIRECTION('',(1.,-1.110223024625E-16,0.));
#7159 = ORIENTED_EDGE('',*,*,#7160,.T.);
#7160 = EDGE_CURVE('',#7153,#7161,#7163,.T.);
#7161 = VERTEX_POINT('',#7162);
#7162 = CARTESIAN_POINT('',(-1.112500297756,-0.175,0.207844627563));
#7163 = CIRCLE('',#7164,7.E-02);
#7164 = AXIS2_PLACEMENT_3D('',#7165,#7166,#7167);
#7165 = CARTESIAN_POINT('',(-1.181436840466,-0.175,0.22));
#7166 = DIRECTION('',(-1.110223024625E-16,-1.,-0.));
#7167 = DIRECTION('',(0.,0.,-1.));
#7168 = ORIENTED_EDGE('',*,*,#7169,.T.);
#7169 = EDGE_CURVE('',#7161,#7170,#7172,.T.);
#7170 = VERTEX_POINT('',#7171);
#7171 = CARTESIAN_POINT('',(-1.066657705663,-0.175,0.493202599087));
#7172 = LINE('',#7173,#7174);
#7173 = CARTESIAN_POINT('',(-1.112500297756,-0.175,0.207844627563));
#7174 = VECTOR('',#7175,1.);
#7175 = DIRECTION('',(0.158615661317,-1.760987592604E-17,0.987340403298)
  );
#7176 = ORIENTED_EDGE('',*,*,#7177,.T.);
#7177 = EDGE_CURVE('',#7170,#6751,#7178,.T.);
#7178 = CIRCLE('',#7179,0.22);
#7179 = AXIS2_PLACEMENT_3D('',#7180,#7181,#7182);
#7180 = CARTESIAN_POINT('',(-0.85,-0.175,0.455));
#7181 = DIRECTION('',(1.110223024625E-16,1.,0.));
#7182 = DIRECTION('',(-0.984807753012,1.093356242223E-16,0.173648177667)
  );
#7183 = PLANE('',#7184);
#7184 = AXIS2_PLACEMENT_3D('',#7185,#7186,#7187);
#7185 = CARTESIAN_POINT('',(-1.021526355437,-0.175,0.332418056697));
#7186 = DIRECTION('',(1.110223024625E-16,1.,0.));
#7187 = DIRECTION('',(0.,-0.,1.));
#7188 = ADVANCED_FACE('',(#7189),#7207,.F.);
#7189 = FACE_BOUND('',#7190,.F.);
#7190 = EDGE_LOOP('',(#7191,#7192,#7200,#7206));
#7191 = ORIENTED_EDGE('',*,*,#6782,.T.);
#7192 = ORIENTED_EDGE('',*,*,#7193,.T.);
#7193 = EDGE_CURVE('',#6774,#7194,#7196,.T.);
#7194 = VERTEX_POINT('',#7195);
#7195 = CARTESIAN_POINT('',(-0.964779134804,0.175,0.181797400913));
#7196 = LINE('',#7197,#7198);
#7197 = CARTESIAN_POINT('',(-0.918936542711,0.175,0.467155372437));
#7198 = VECTOR('',#7199,1.);
#7199 = DIRECTION('',(-0.158615661317,1.760987592604E-17,-0.987340403298
    ));
#7200 = ORIENTED_EDGE('',*,*,#7201,.F.);
#7201 = EDGE_CURVE('',#7120,#7194,#7202,.T.);
#7202 = LINE('',#7203,#7204);
#7203 = CARTESIAN_POINT('',(-0.964779134804,-0.175,0.181797400913));
#7204 = VECTOR('',#7205,1.);
#7205 = DIRECTION('',(1.110223024625E-16,1.,0.));
#7206 = ORIENTED_EDGE('',*,*,#7119,.F.);
#7207 = PLANE('',#7208);
#7208 = AXIS2_PLACEMENT_3D('',#7209,#7210,#7211);
#7209 = CARTESIAN_POINT('',(-0.918936542711,-0.175,0.467155372437));
#7210 = DIRECTION('',(-0.987340403298,1.096168048884E-16,0.158615661317)
  );
#7211 = DIRECTION('',(-0.158615661317,1.760987592604E-17,-0.987340403298
    ));
#7212 = ADVANCED_FACE('',(#7213),#7275,.T.);
#7213 = FACE_BOUND('',#7214,.T.);
#7214 = EDGE_LOOP('',(#7215,#7216,#7217,#7218,#7227,#7235,#7243,#7251,
    #7260,#7268));
#7215 = ORIENTED_EDGE('',*,*,#6805,.F.);
#7216 = ORIENTED_EDGE('',*,*,#6773,.T.);
#7217 = ORIENTED_EDGE('',*,*,#7193,.T.);
#7218 = ORIENTED_EDGE('',*,*,#7219,.T.);
#7219 = EDGE_CURVE('',#7194,#7220,#7222,.T.);
#7220 = VERTEX_POINT('',#7221);
#7221 = CARTESIAN_POINT('',(-1.181436840466,0.175,-5.551115123126E-17));
#7222 = CIRCLE('',#7223,0.22);
#7223 = AXIS2_PLACEMENT_3D('',#7224,#7225,#7226);
#7224 = CARTESIAN_POINT('',(-1.181436840466,0.175,0.22));
#7225 = DIRECTION('',(1.110223024625E-16,1.,0.));
#7226 = DIRECTION('',(0.984807753012,-1.093356242223E-16,-0.173648177667
    ));
#7227 = ORIENTED_EDGE('',*,*,#7228,.T.);
#7228 = EDGE_CURVE('',#7220,#7229,#7231,.T.);
#7229 = VERTEX_POINT('',#7230);
#7230 = CARTESIAN_POINT('',(-1.25,0.175,-5.551115123126E-17));
#7231 = LINE('',#7232,#7233);
#7232 = CARTESIAN_POINT('',(-1.181436840466,0.175,-5.551115123126E-17));
#7233 = VECTOR('',#7234,1.);
#7234 = DIRECTION('',(-1.,1.110223024625E-16,0.));
#7235 = ORIENTED_EDGE('',*,*,#7236,.T.);
#7236 = EDGE_CURVE('',#7229,#7237,#7239,.T.);
#7237 = VERTEX_POINT('',#7238);
#7238 = CARTESIAN_POINT('',(-1.25,0.175,0.15));
#7239 = LINE('',#7240,#7241);
#7240 = CARTESIAN_POINT('',(-1.25,0.175,-5.551115123126E-17));
#7241 = VECTOR('',#7242,1.);
#7242 = DIRECTION('',(0.,0.,1.));
#7243 = ORIENTED_EDGE('',*,*,#7244,.T.);
#7244 = EDGE_CURVE('',#7237,#7245,#7247,.T.);
#7245 = VERTEX_POINT('',#7246);
#7246 = CARTESIAN_POINT('',(-1.181436840466,0.175,0.15));
#7247 = LINE('',#7248,#7249);
#7248 = CARTESIAN_POINT('',(-1.25,0.175,0.15));
#7249 = VECTOR('',#7250,1.);
#7250 = DIRECTION('',(1.,-1.110223024625E-16,0.));
#7251 = ORIENTED_EDGE('',*,*,#7252,.T.);
#7252 = EDGE_CURVE('',#7245,#7253,#7255,.T.);
#7253 = VERTEX_POINT('',#7254);
#7254 = CARTESIAN_POINT('',(-1.112500297756,0.175,0.207844627563));
#7255 = CIRCLE('',#7256,7.E-02);
#7256 = AXIS2_PLACEMENT_3D('',#7257,#7258,#7259);
#7257 = CARTESIAN_POINT('',(-1.181436840466,0.175,0.22));
#7258 = DIRECTION('',(-1.110223024625E-16,-1.,-0.));
#7259 = DIRECTION('',(0.,0.,-1.));
#7260 = ORIENTED_EDGE('',*,*,#7261,.T.);
#7261 = EDGE_CURVE('',#7253,#7262,#7264,.T.);
#7262 = VERTEX_POINT('',#7263);
#7263 = CARTESIAN_POINT('',(-1.066657705663,0.175,0.493202599087));
#7264 = LINE('',#7265,#7266);
#7265 = CARTESIAN_POINT('',(-1.112500297756,0.175,0.207844627563));
#7266 = VECTOR('',#7267,1.);
#7267 = DIRECTION('',(0.158615661317,-1.760987592604E-17,0.987340403298)
  );
#7268 = ORIENTED_EDGE('',*,*,#7269,.T.);
#7269 = EDGE_CURVE('',#7262,#6806,#7270,.T.);
#7270 = CIRCLE('',#7271,0.22);
#7271 = AXIS2_PLACEMENT_3D('',#7272,#7273,#7274);
#7272 = CARTESIAN_POINT('',(-0.85,0.175,0.455));
#7273 = DIRECTION('',(1.110223024625E-16,1.,0.));
#7274 = DIRECTION('',(-0.984807753012,1.093356242223E-16,0.173648177667)
  );
#7275 = PLANE('',#7276);
#7276 = AXIS2_PLACEMENT_3D('',#7277,#7278,#7279);
#7277 = CARTESIAN_POINT('',(-1.021526355437,0.175,0.332418056697));
#7278 = DIRECTION('',(1.110223024625E-16,1.,0.));
#7279 = DIRECTION('',(0.,-0.,1.));
#7280 = ADVANCED_FACE('',(#7281),#7363,.F.);
#7281 = FACE_BOUND('',#7282,.F.);
#7282 = EDGE_LOOP('',(#7283,#7291,#7292,#7293,#7301,#7309,#7317,#7325,
    #7333,#7341,#7349,#7357));
#7283 = ORIENTED_EDGE('',*,*,#7284,.F.);
#7284 = EDGE_CURVE('',#6806,#7285,#7287,.T.);
#7285 = VERTEX_POINT('',#7286);
#7286 = CARTESIAN_POINT('',(-0.825,0.175,0.675));
#7287 = LINE('',#7288,#7289);
#7288 = CARTESIAN_POINT('',(-0.85,0.175,0.675));
#7289 = VECTOR('',#7290,1.);
#7290 = DIRECTION('',(1.,-1.110223024625E-16,0.));
#7291 = ORIENTED_EDGE('',*,*,#6821,.T.);
#7292 = ORIENTED_EDGE('',*,*,#6991,.T.);
#7293 = ORIENTED_EDGE('',*,*,#7294,.T.);
#7294 = EDGE_CURVE('',#6985,#7295,#7297,.T.);
#7295 = VERTEX_POINT('',#7296);
#7296 = CARTESIAN_POINT('',(0.755,0.625,0.675));
#7297 = LINE('',#7298,#7299);
#7298 = CARTESIAN_POINT('',(-0.755,0.625,0.675));
#7299 = VECTOR('',#7300,1.);
#7300 = DIRECTION('',(1.,0.,0.));
#7301 = ORIENTED_EDGE('',*,*,#7302,.T.);
#7302 = EDGE_CURVE('',#7295,#7303,#7305,.T.);
#7303 = VERTEX_POINT('',#7304);
#7304 = CARTESIAN_POINT('',(0.85,0.53,0.675));
#7305 = LINE('',#7306,#7307);
#7306 = CARTESIAN_POINT('',(0.755,0.625,0.675));
#7307 = VECTOR('',#7308,1.);
#7308 = DIRECTION('',(0.707106781187,-0.707106781187,0.));
#7309 = ORIENTED_EDGE('',*,*,#7310,.T.);
#7310 = EDGE_CURVE('',#7303,#7311,#7313,.T.);
#7311 = VERTEX_POINT('',#7312);
#7312 = CARTESIAN_POINT('',(0.85,0.175,0.675));
#7313 = LINE('',#7314,#7315);
#7314 = CARTESIAN_POINT('',(0.85,0.53,0.675));
#7315 = VECTOR('',#7316,1.);
#7316 = DIRECTION('',(0.,-1.,0.));
#7317 = ORIENTED_EDGE('',*,*,#7318,.T.);
#7318 = EDGE_CURVE('',#7311,#7319,#7321,.T.);
#7319 = VERTEX_POINT('',#7320);
#7320 = CARTESIAN_POINT('',(0.825,0.175,0.675));
#7321 = LINE('',#7322,#7323);
#7322 = CARTESIAN_POINT('',(0.85,0.175,0.675));
#7323 = VECTOR('',#7324,1.);
#7324 = DIRECTION('',(-1.,2.22044604925E-16,0.));
#7325 = ORIENTED_EDGE('',*,*,#7326,.F.);
#7326 = EDGE_CURVE('',#7327,#7319,#7329,.T.);
#7327 = VERTEX_POINT('',#7328);
#7328 = CARTESIAN_POINT('',(0.825,0.5175,0.675));
#7329 = LINE('',#7330,#7331);
#7330 = CARTESIAN_POINT('',(0.825,0.5175,0.675));
#7331 = VECTOR('',#7332,1.);
#7332 = DIRECTION('',(0.,-1.,0.));
#7333 = ORIENTED_EDGE('',*,*,#7334,.F.);
#7334 = EDGE_CURVE('',#7335,#7327,#7337,.T.);
#7335 = VERTEX_POINT('',#7336);
#7336 = CARTESIAN_POINT('',(0.7425,0.6,0.675));
#7337 = LINE('',#7338,#7339);
#7338 = CARTESIAN_POINT('',(0.7425,0.6,0.675));
#7339 = VECTOR('',#7340,1.);
#7340 = DIRECTION('',(0.707106781187,-0.707106781187,0.));
#7341 = ORIENTED_EDGE('',*,*,#7342,.F.);
#7342 = EDGE_CURVE('',#7343,#7335,#7345,.T.);
#7343 = VERTEX_POINT('',#7344);
#7344 = CARTESIAN_POINT('',(-0.7425,0.6,0.675));
#7345 = LINE('',#7346,#7347);
#7346 = CARTESIAN_POINT('',(-0.7425,0.6,0.675));
#7347 = VECTOR('',#7348,1.);
#7348 = DIRECTION('',(1.,0.,0.));
#7349 = ORIENTED_EDGE('',*,*,#7350,.F.);
#7350 = EDGE_CURVE('',#7351,#7343,#7353,.T.);
#7351 = VERTEX_POINT('',#7352);
#7352 = CARTESIAN_POINT('',(-0.825,0.5175,0.675));
#7353 = LINE('',#7354,#7355);
#7354 = CARTESIAN_POINT('',(-0.825,0.5175,0.675));
#7355 = VECTOR('',#7356,1.);
#7356 = DIRECTION('',(0.707106781187,0.707106781187,0.));
#7357 = ORIENTED_EDGE('',*,*,#7358,.F.);
#7358 = EDGE_CURVE('',#7285,#7351,#7359,.T.);
#7359 = LINE('',#7360,#7361);
#7360 = CARTESIAN_POINT('',(-0.825,-0.5175,0.675));
#7361 = VECTOR('',#7362,1.);
#7362 = DIRECTION('',(0.,1.,0.));
#7363 = PLANE('',#7364);
#7364 = AXIS2_PLACEMENT_3D('',#7365,#7366,#7367);
#7365 = CARTESIAN_POINT('',(-0.8375,1.101047627727E-17,0.675));
#7366 = DIRECTION('',(-4.586476420025E-27,1.633860438167E-31,-1.));
#7367 = DIRECTION('',(1.568703130043E-18,1.,1.633860438167E-31));
#7368 = ADVANCED_FACE('',(#7369),#7379,.F.);
#7369 = FACE_BOUND('',#7370,.F.);
#7370 = EDGE_LOOP('',(#7371,#7372,#7373,#7374));
#7371 = ORIENTED_EDGE('',*,*,#6860,.T.);
#7372 = ORIENTED_EDGE('',*,*,#7016,.T.);
#7373 = ORIENTED_EDGE('',*,*,#7103,.F.);
#7374 = ORIENTED_EDGE('',*,*,#7375,.F.);
#7375 = EDGE_CURVE('',#6861,#7096,#7376,.T.);
#7376 = B_SPLINE_CURVE_WITH_KNOTS('',1,(#7377,#7378),.UNSPECIFIED.,.F.,
  .F.,(2,2),(0.,1.),.PIECEWISE_BEZIER_KNOTS.);
#7377 = CARTESIAN_POINT('',(0.755,-0.625,0.525));
#7378 = CARTESIAN_POINT('',(0.755,-0.625,0.675));
#7379 = PLANE('',#7380);
#7380 = AXIS2_PLACEMENT_3D('',#7381,#7382,#7383);
#7381 = CARTESIAN_POINT('',(0.755,-0.625,0.675));
#7382 = DIRECTION('',(0.,1.,0.));
#7383 = DIRECTION('',(-1.,0.,0.));
#7384 = ADVANCED_FACE('',(#7385),#7395,.F.);
#7385 = FACE_BOUND('',#7386,.F.);
#7386 = EDGE_LOOP('',(#7387,#7388,#7393,#7394));
#7387 = ORIENTED_EDGE('',*,*,#6889,.T.);
#7388 = ORIENTED_EDGE('',*,*,#7389,.T.);
#7389 = EDGE_CURVE('',#6883,#7295,#7390,.T.);
#7390 = B_SPLINE_CURVE_WITH_KNOTS('',1,(#7391,#7392),.UNSPECIFIED.,.F.,
  .F.,(2,2),(0.,1.),.PIECEWISE_BEZIER_KNOTS.);
#7391 = CARTESIAN_POINT('',(0.755,0.625,0.525));
#7392 = CARTESIAN_POINT('',(0.755,0.625,0.675));
#7393 = ORIENTED_EDGE('',*,*,#7294,.F.);
#7394 = ORIENTED_EDGE('',*,*,#6984,.F.);
#7395 = PLANE('',#7396);
#7396 = AXIS2_PLACEMENT_3D('',#7397,#7398,#7399);
#7397 = CARTESIAN_POINT('',(-0.755,0.625,0.675));
#7398 = DIRECTION('',(0.,-1.,0.));
#7399 = DIRECTION('',(1.,0.,0.));
#7400 = ADVANCED_FACE('',(#7401),#7411,.F.);
#7401 = FACE_BOUND('',#7402,.F.);
#7402 = EDGE_LOOP('',(#7403,#7404,#7405,#7406));
#7403 = ORIENTED_EDGE('',*,*,#6906,.T.);
#7404 = ORIENTED_EDGE('',*,*,#7375,.T.);
#7405 = ORIENTED_EDGE('',*,*,#7095,.F.);
#7406 = ORIENTED_EDGE('',*,*,#7407,.F.);
#7407 = EDGE_CURVE('',#6907,#7088,#7408,.T.);
#7408 = B_SPLINE_CURVE_WITH_KNOTS('',1,(#7409,#7410),.UNSPECIFIED.,.F.,
  .F.,(2,2),(0.,1.),.PIECEWISE_BEZIER_KNOTS.);
#7409 = CARTESIAN_POINT('',(0.85,-0.53,0.525));
#7410 = CARTESIAN_POINT('',(0.85,-0.53,0.675));
#7411 = PLANE('',#7412);
#7412 = AXIS2_PLACEMENT_3D('',#7413,#7414,#7415);
#7413 = CARTESIAN_POINT('',(0.85,-0.53,0.675));
#7414 = DIRECTION('',(-0.707106781187,0.707106781187,0.));
#7415 = DIRECTION('',(-0.707106781187,-0.707106781187,0.));
#7416 = ADVANCED_FACE('',(#7417),#7427,.F.);
#7417 = FACE_BOUND('',#7418,.F.);
#7418 = EDGE_LOOP('',(#7419,#7420,#7425,#7426));
#7419 = ORIENTED_EDGE('',*,*,#6935,.T.);
#7420 = ORIENTED_EDGE('',*,*,#7421,.T.);
#7421 = EDGE_CURVE('',#6929,#7303,#7422,.T.);
#7422 = B_SPLINE_CURVE_WITH_KNOTS('',1,(#7423,#7424),.UNSPECIFIED.,.F.,
  .F.,(2,2),(0.,1.),.PIECEWISE_BEZIER_KNOTS.);
#7423 = CARTESIAN_POINT('',(0.85,0.53,0.525));
#7424 = CARTESIAN_POINT('',(0.85,0.53,0.675));
#7425 = ORIENTED_EDGE('',*,*,#7302,.F.);
#7426 = ORIENTED_EDGE('',*,*,#7389,.F.);
#7427 = PLANE('',#7428);
#7428 = AXIS2_PLACEMENT_3D('',#7429,#7430,#7431);
#7429 = CARTESIAN_POINT('',(0.755,0.625,0.675));
#7430 = DIRECTION('',(-0.707106781187,-0.707106781187,0.));
#7431 = DIRECTION('',(0.707106781187,-0.707106781187,0.));
#7432 = ADVANCED_FACE('',(#7433),#7444,.F.);
#7433 = FACE_BOUND('',#7434,.F.);
#7434 = EDGE_LOOP('',(#7435,#7436,#7437,#7443));
#7435 = ORIENTED_EDGE('',*,*,#7421,.F.);
#7436 = ORIENTED_EDGE('',*,*,#6968,.T.);
#7437 = ORIENTED_EDGE('',*,*,#7438,.T.);
#7438 = EDGE_CURVE('',#6961,#7311,#7439,.T.);
#7439 = LINE('',#7440,#7441);
#7440 = CARTESIAN_POINT('',(0.85,0.175,0.503709028349));
#7441 = VECTOR('',#7442,1.);
#7442 = DIRECTION('',(0.,0.,1.));
#7443 = ORIENTED_EDGE('',*,*,#7310,.F.);
#7444 = PLANE('',#7445);
#7445 = AXIS2_PLACEMENT_3D('',#7446,#7447,#7448);
#7446 = CARTESIAN_POINT('',(0.85,0.53,0.675));
#7447 = DIRECTION('',(-1.,0.,0.));
#7448 = DIRECTION('',(0.,-1.,0.));
#7449 = ADVANCED_FACE('',(#7450),#7477,.F.);
#7450 = FACE_BOUND('',#7451,.F.);
#7451 = EDGE_LOOP('',(#7452,#7453,#7462,#7470));
#7452 = ORIENTED_EDGE('',*,*,#6960,.T.);
#7453 = ORIENTED_EDGE('',*,*,#7454,.T.);
#7454 = EDGE_CURVE('',#6953,#7455,#7457,.T.);
#7455 = VERTEX_POINT('',#7456);
#7456 = CARTESIAN_POINT('',(0.918936542711,-0.175,0.467155372437));
#7457 = CIRCLE('',#7458,7.E-02);
#7458 = AXIS2_PLACEMENT_3D('',#7459,#7460,#7461);
#7459 = CARTESIAN_POINT('',(0.85,-0.175,0.455));
#7460 = DIRECTION('',(2.22044604925E-16,1.,-0.));
#7461 = DIRECTION('',(0.,0.,1.));
#7462 = ORIENTED_EDGE('',*,*,#7463,.F.);
#7463 = EDGE_CURVE('',#7464,#7455,#7466,.T.);
#7464 = VERTEX_POINT('',#7465);
#7465 = CARTESIAN_POINT('',(0.918936542711,0.175,0.467155372437));
#7466 = LINE('',#7467,#7468);
#7467 = CARTESIAN_POINT('',(0.918936542711,0.175,0.467155372437));
#7468 = VECTOR('',#7469,1.);
#7469 = DIRECTION('',(-2.22044604925E-16,-1.,0.));
#7470 = ORIENTED_EDGE('',*,*,#7471,.F.);
#7471 = EDGE_CURVE('',#6961,#7464,#7472,.T.);
#7472 = CIRCLE('',#7473,7.E-02);
#7473 = AXIS2_PLACEMENT_3D('',#7474,#7475,#7476);
#7474 = CARTESIAN_POINT('',(0.85,0.175,0.455));
#7475 = DIRECTION('',(2.22044604925E-16,1.,-0.));
#7476 = DIRECTION('',(0.,0.,1.));
#7477 = CYLINDRICAL_SURFACE('',#7478,7.E-02);
#7478 = AXIS2_PLACEMENT_3D('',#7479,#7480,#7481);
#7479 = CARTESIAN_POINT('',(0.85,0.175,0.455));
#7480 = DIRECTION('',(2.22044604925E-16,1.,0.));
#7481 = DIRECTION('',(0.,-0.,1.));
#7482 = ADVANCED_FACE('',(#7483),#7494,.F.);
#7483 = FACE_BOUND('',#7484,.F.);
#7484 = EDGE_LOOP('',(#7485,#7491,#7492,#7493));
#7485 = ORIENTED_EDGE('',*,*,#7486,.F.);
#7486 = EDGE_CURVE('',#6953,#7080,#7487,.T.);
#7487 = LINE('',#7488,#7489);
#7488 = CARTESIAN_POINT('',(0.85,-0.175,0.503709028349));
#7489 = VECTOR('',#7490,1.);
#7490 = DIRECTION('',(0.,0.,1.));
#7491 = ORIENTED_EDGE('',*,*,#6952,.T.);
#7492 = ORIENTED_EDGE('',*,*,#7407,.T.);
#7493 = ORIENTED_EDGE('',*,*,#7087,.F.);
#7494 = PLANE('',#7495);
#7495 = AXIS2_PLACEMENT_3D('',#7496,#7497,#7498);
#7496 = CARTESIAN_POINT('',(0.85,0.53,0.675));
#7497 = DIRECTION('',(-1.,0.,0.));
#7498 = DIRECTION('',(0.,-1.,0.));
#7499 = ADVANCED_FACE('',(#7500),#7516,.F.);
#7500 = FACE_BOUND('',#7501,.F.);
#7501 = EDGE_LOOP('',(#7502,#7503,#7509,#7510));
#7502 = ORIENTED_EDGE('',*,*,#7318,.F.);
#7503 = ORIENTED_EDGE('',*,*,#7504,.T.);
#7504 = EDGE_CURVE('',#7311,#7080,#7505,.T.);
#7505 = LINE('',#7506,#7507);
#7506 = CARTESIAN_POINT('',(0.85,0.175,0.675));
#7507 = VECTOR('',#7508,1.);
#7508 = DIRECTION('',(-2.22044604925E-16,-1.,0.));
#7509 = ORIENTED_EDGE('',*,*,#7079,.T.);
#7510 = ORIENTED_EDGE('',*,*,#7511,.F.);
#7511 = EDGE_CURVE('',#7319,#7072,#7512,.T.);
#7512 = LINE('',#7513,#7514);
#7513 = CARTESIAN_POINT('',(0.825,0.5175,0.675));
#7514 = VECTOR('',#7515,1.);
#7515 = DIRECTION('',(0.,-1.,0.));
#7516 = PLANE('',#7517);
#7517 = AXIS2_PLACEMENT_3D('',#7518,#7519,#7520);
#7518 = CARTESIAN_POINT('',(0.85,0.175,0.675));
#7519 = DIRECTION('',(0.,0.,-1.));
#7520 = DIRECTION('',(-1.,2.22044604925E-16,0.));
#7521 = ADVANCED_FACE('',(#7522),#7547,.F.);
#7522 = FACE_BOUND('',#7523,.F.);
#7523 = EDGE_LOOP('',(#7524,#7525,#7526,#7527,#7534,#7542));
#7524 = ORIENTED_EDGE('',*,*,#7326,.T.);
#7525 = ORIENTED_EDGE('',*,*,#7511,.T.);
#7526 = ORIENTED_EDGE('',*,*,#7071,.T.);
#7527 = ORIENTED_EDGE('',*,*,#7528,.T.);
#7528 = EDGE_CURVE('',#7064,#7529,#7531,.T.);
#7529 = VERTEX_POINT('',#7530);
#7530 = CARTESIAN_POINT('',(0.765270145251,-0.487635072626,1.1));
#7531 = B_SPLINE_CURVE_WITH_KNOTS('',1,(#7532,#7533),.UNSPECIFIED.,.F.,
  .F.,(2,2),(0.,1.),.PIECEWISE_BEZIER_KNOTS.);
#7532 = CARTESIAN_POINT('',(0.825,-0.5175,0.675));
#7533 = CARTESIAN_POINT('',(0.765270145251,-0.487635072626,1.1));
#7534 = ORIENTED_EDGE('',*,*,#7535,.F.);
#7535 = EDGE_CURVE('',#7536,#7529,#7538,.T.);
#7536 = VERTEX_POINT('',#7537);
#7537 = CARTESIAN_POINT('',(0.765270145251,0.487635072626,1.1));
#7538 = LINE('',#7539,#7540);
#7539 = CARTESIAN_POINT('',(0.765270145251,0.487635072626,1.1));
#7540 = VECTOR('',#7541,1.);
#7541 = DIRECTION('',(0.,-1.,0.));
#7542 = ORIENTED_EDGE('',*,*,#7543,.F.);
#7543 = EDGE_CURVE('',#7327,#7536,#7544,.T.);
#7544 = B_SPLINE_CURVE_WITH_KNOTS('',1,(#7545,#7546),.UNSPECIFIED.,.F.,
  .F.,(2,2),(0.,1.),.PIECEWISE_BEZIER_KNOTS.);
#7545 = CARTESIAN_POINT('',(0.825,0.5175,0.675));
#7546 = CARTESIAN_POINT('',(0.765270145251,0.487635072626,1.1));
#7547 = B_SPLINE_SURFACE_WITH_KNOTS('',1,1,(
    (#7548,#7549)
    ,(#7550,#7551
    )),.UNSPECIFIED.,.F.,.F.,.F.,(2,2),(2,2),(0.,1.035),(0.,1.),
  .PIECEWISE_BEZIER_KNOTS.);
#7548 = CARTESIAN_POINT('',(0.825,0.5175,0.675));
#7549 = CARTESIAN_POINT('',(0.765270145251,0.487635072626,1.1));
#7550 = CARTESIAN_POINT('',(0.825,-0.5175,0.675));
#7551 = CARTESIAN_POINT('',(0.765270145251,-0.487635072626,1.1));
#7552 = ADVANCED_FACE('',(#7553),#7570,.F.);
#7553 = FACE_BOUND('',#7554,.F.);
#7554 = EDGE_LOOP('',(#7555,#7556,#7563,#7569));
#7555 = ORIENTED_EDGE('',*,*,#7063,.T.);
#7556 = ORIENTED_EDGE('',*,*,#7557,.T.);
#7557 = EDGE_CURVE('',#7056,#7558,#7560,.T.);
#7558 = VERTEX_POINT('',#7559);
#7559 = CARTESIAN_POINT('',(0.712635072626,-0.540270145251,1.1));
#7560 = B_SPLINE_CURVE_WITH_KNOTS('',1,(#7561,#7562),.UNSPECIFIED.,.F.,
  .F.,(2,2),(0.,1.),.PIECEWISE_BEZIER_KNOTS.);
#7561 = CARTESIAN_POINT('',(0.7425,-0.6,0.675));
#7562 = CARTESIAN_POINT('',(0.712635072626,-0.540270145251,1.1));
#7563 = ORIENTED_EDGE('',*,*,#7564,.F.);
#7564 = EDGE_CURVE('',#7529,#7558,#7565,.T.);
#7565 = LINE('',#7566,#7567);
#7566 = CARTESIAN_POINT('',(0.765270145251,-0.487635072626,1.1));
#7567 = VECTOR('',#7568,1.);
#7568 = DIRECTION('',(-0.707106781187,-0.707106781187,0.));
#7569 = ORIENTED_EDGE('',*,*,#7528,.F.);
#7570 = B_SPLINE_SURFACE_WITH_KNOTS('',1,1,(
    (#7571,#7572)
    ,(#7573,#7574
    )),.UNSPECIFIED.,.F.,.F.,.F.,(2,2),(2,2),(0.,0.116672618896),(0.,1.)
  ,.PIECEWISE_BEZIER_KNOTS.);
#7571 = CARTESIAN_POINT('',(0.825,-0.5175,0.675));
#7572 = CARTESIAN_POINT('',(0.765270145251,-0.487635072626,1.1));
#7573 = CARTESIAN_POINT('',(0.7425,-0.6,0.675));
#7574 = CARTESIAN_POINT('',(0.712635072626,-0.540270145251,1.1));
#7575 = ADVANCED_FACE('',(#7576),#7593,.F.);
#7576 = FACE_BOUND('',#7577,.F.);
#7577 = EDGE_LOOP('',(#7578,#7579,#7586,#7592));
#7578 = ORIENTED_EDGE('',*,*,#7055,.T.);
#7579 = ORIENTED_EDGE('',*,*,#7580,.T.);
#7580 = EDGE_CURVE('',#7048,#7581,#7583,.T.);
#7581 = VERTEX_POINT('',#7582);
#7582 = CARTESIAN_POINT('',(-0.712635072626,-0.540270145251,1.1));
#7583 = B_SPLINE_CURVE_WITH_KNOTS('',1,(#7584,#7585),.UNSPECIFIED.,.F.,
  .F.,(2,2),(0.,1.),.PIECEWISE_BEZIER_KNOTS.);
#7584 = CARTESIAN_POINT('',(-0.7425,-0.6,0.675));
#7585 = CARTESIAN_POINT('',(-0.712635072626,-0.540270145251,1.1));
#7586 = ORIENTED_EDGE('',*,*,#7587,.F.);
#7587 = EDGE_CURVE('',#7558,#7581,#7588,.T.);
#7588 = LINE('',#7589,#7590);
#7589 = CARTESIAN_POINT('',(0.712635072626,-0.540270145251,1.1));
#7590 = VECTOR('',#7591,1.);
#7591 = DIRECTION('',(-1.,0.,0.));
#7592 = ORIENTED_EDGE('',*,*,#7557,.F.);
#7593 = B_SPLINE_SURFACE_WITH_KNOTS('',1,1,(
    (#7594,#7595)
    ,(#7596,#7597
    )),.UNSPECIFIED.,.F.,.F.,.F.,(2,2),(2,2),(0.,1.485),(0.,1.),
  .PIECEWISE_BEZIER_KNOTS.);
#7594 = CARTESIAN_POINT('',(0.7425,-0.6,0.675));
#7595 = CARTESIAN_POINT('',(0.712635072626,-0.540270145251,1.1));
#7596 = CARTESIAN_POINT('',(-0.7425,-0.6,0.675));
#7597 = CARTESIAN_POINT('',(-0.712635072626,-0.540270145251,1.1));
#7598 = ADVANCED_FACE('',(#7599),#7616,.F.);
#7599 = FACE_BOUND('',#7600,.F.);
#7600 = EDGE_LOOP('',(#7601,#7602,#7609,#7615));
#7601 = ORIENTED_EDGE('',*,*,#7047,.T.);
#7602 = ORIENTED_EDGE('',*,*,#7603,.T.);
#7603 = EDGE_CURVE('',#7040,#7604,#7606,.T.);
#7604 = VERTEX_POINT('',#7605);
#7605 = CARTESIAN_POINT('',(-0.765270145251,-0.487635072626,1.1));
#7606 = B_SPLINE_CURVE_WITH_KNOTS('',1,(#7607,#7608),.UNSPECIFIED.,.F.,
  .F.,(2,2),(0.,1.),.PIECEWISE_BEZIER_KNOTS.);
#7607 = CARTESIAN_POINT('',(-0.825,-0.5175,0.675));
#7608 = CARTESIAN_POINT('',(-0.765270145251,-0.487635072626,1.1));
#7609 = ORIENTED_EDGE('',*,*,#7610,.F.);
#7610 = EDGE_CURVE('',#7581,#7604,#7611,.T.);
#7611 = LINE('',#7612,#7613);
#7612 = CARTESIAN_POINT('',(-0.712635072626,-0.540270145251,1.1));
#7613 = VECTOR('',#7614,1.);
#7614 = DIRECTION('',(-0.707106781187,0.707106781187,0.));
#7615 = ORIENTED_EDGE('',*,*,#7580,.F.);
#7616 = B_SPLINE_SURFACE_WITH_KNOTS('',1,1,(
    (#7617,#7618)
    ,(#7619,#7620
    )),.UNSPECIFIED.,.F.,.F.,.F.,(2,2),(2,2),(0.,0.116672618896),(0.,1.)
  ,.PIECEWISE_BEZIER_KNOTS.);
#7617 = CARTESIAN_POINT('',(-0.7425,-0.6,0.675));
#7618 = CARTESIAN_POINT('',(-0.712635072626,-0.540270145251,1.1));
#7619 = CARTESIAN_POINT('',(-0.825,-0.5175,0.675));
#7620 = CARTESIAN_POINT('',(-0.765270145251,-0.487635072626,1.1));
#7621 = ADVANCED_FACE('',(#7622),#7646,.F.);
#7622 = FACE_BOUND('',#7623,.F.);
#7623 = EDGE_LOOP('',(#7624,#7625,#7631,#7632,#7639,#7645));
#7624 = ORIENTED_EDGE('',*,*,#7039,.T.);
#7625 = ORIENTED_EDGE('',*,*,#7626,.T.);
#7626 = EDGE_CURVE('',#7032,#7285,#7627,.T.);
#7627 = LINE('',#7628,#7629);
#7628 = CARTESIAN_POINT('',(-0.825,-0.5175,0.675));
#7629 = VECTOR('',#7630,1.);
#7630 = DIRECTION('',(0.,1.,0.));
#7631 = ORIENTED_EDGE('',*,*,#7358,.T.);
#7632 = ORIENTED_EDGE('',*,*,#7633,.T.);
#7633 = EDGE_CURVE('',#7351,#7634,#7636,.T.);
#7634 = VERTEX_POINT('',#7635);
#7635 = CARTESIAN_POINT('',(-0.765270145251,0.487635072626,1.1));
#7636 = B_SPLINE_CURVE_WITH_KNOTS('',1,(#7637,#7638),.UNSPECIFIED.,.F.,
  .F.,(2,2),(0.,1.),.PIECEWISE_BEZIER_KNOTS.);
#7637 = CARTESIAN_POINT('',(-0.825,0.5175,0.675));
#7638 = CARTESIAN_POINT('',(-0.765270145251,0.487635072626,1.1));
#7639 = ORIENTED_EDGE('',*,*,#7640,.F.);
#7640 = EDGE_CURVE('',#7604,#7634,#7641,.T.);
#7641 = LINE('',#7642,#7643);
#7642 = CARTESIAN_POINT('',(-0.765270145251,-0.487635072626,1.1));
#7643 = VECTOR('',#7644,1.);
#7644 = DIRECTION('',(0.,1.,0.));
#7645 = ORIENTED_EDGE('',*,*,#7603,.F.);
#7646 = B_SPLINE_SURFACE_WITH_KNOTS('',1,1,(
    (#7647,#7648)
    ,(#7649,#7650
    )),.UNSPECIFIED.,.F.,.F.,.F.,(2,2),(2,2),(0.,1.035),(0.,1.),
  .PIECEWISE_BEZIER_KNOTS.);
#7647 = CARTESIAN_POINT('',(-0.825,-0.5175,0.675));
#7648 = CARTESIAN_POINT('',(-0.765270145251,-0.487635072626,1.1));
#7649 = CARTESIAN_POINT('',(-0.825,0.5175,0.675));
#7650 = CARTESIAN_POINT('',(-0.765270145251,0.487635072626,1.1));
#7651 = ADVANCED_FACE('',(#7652),#7663,.F.);
#7652 = FACE_BOUND('',#7653,.F.);
#7653 = EDGE_LOOP('',(#7654,#7655,#7661,#7662));
#7654 = ORIENTED_EDGE('',*,*,#7031,.F.);
#7655 = ORIENTED_EDGE('',*,*,#7656,.T.);
#7656 = EDGE_CURVE('',#6751,#6806,#7657,.T.);
#7657 = LINE('',#7658,#7659);
#7658 = CARTESIAN_POINT('',(-0.85,-0.175,0.675));
#7659 = VECTOR('',#7660,1.);
#7660 = DIRECTION('',(1.110223024625E-16,1.,0.));
#7661 = ORIENTED_EDGE('',*,*,#7284,.T.);
#7662 = ORIENTED_EDGE('',*,*,#7626,.F.);
#7663 = PLANE('',#7664);
#7664 = AXIS2_PLACEMENT_3D('',#7665,#7666,#7667);
#7665 = CARTESIAN_POINT('',(-0.85,-0.175,0.675));
#7666 = DIRECTION('',(0.,0.,-1.));
#7667 = DIRECTION('',(1.,-1.110223024625E-16,0.));
#7668 = ADVANCED_FACE('',(#7669),#7680,.T.);
#7669 = FACE_BOUND('',#7670,.T.);
#7670 = EDGE_LOOP('',(#7671,#7672,#7673,#7674));
#7671 = ORIENTED_EDGE('',*,*,#7177,.T.);
#7672 = ORIENTED_EDGE('',*,*,#7656,.T.);
#7673 = ORIENTED_EDGE('',*,*,#7269,.F.);
#7674 = ORIENTED_EDGE('',*,*,#7675,.F.);
#7675 = EDGE_CURVE('',#7170,#7262,#7676,.T.);
#7676 = LINE('',#7677,#7678);
#7677 = CARTESIAN_POINT('',(-1.066657705663,-0.175,0.493202599087));
#7678 = VECTOR('',#7679,1.);
#7679 = DIRECTION('',(1.110223024625E-16,1.,0.));
#7680 = CYLINDRICAL_SURFACE('',#7681,0.22);
#7681 = AXIS2_PLACEMENT_3D('',#7682,#7683,#7684);
#7682 = CARTESIAN_POINT('',(-0.85,-0.175,0.455));
#7683 = DIRECTION('',(-1.110223024625E-16,-1.,-0.));
#7684 = DIRECTION('',(-0.984807753012,1.093356242223E-16,0.173648177667)
  );
#7685 = ADVANCED_FACE('',(#7686),#7697,.F.);
#7686 = FACE_BOUND('',#7687,.F.);
#7687 = EDGE_LOOP('',(#7688,#7694,#7695,#7696));
#7688 = ORIENTED_EDGE('',*,*,#7689,.T.);
#7689 = EDGE_CURVE('',#7161,#7253,#7690,.T.);
#7690 = LINE('',#7691,#7692);
#7691 = CARTESIAN_POINT('',(-1.112500297756,-0.175,0.207844627563));
#7692 = VECTOR('',#7693,1.);
#7693 = DIRECTION('',(1.110223024625E-16,1.,0.));
#7694 = ORIENTED_EDGE('',*,*,#7261,.T.);
#7695 = ORIENTED_EDGE('',*,*,#7675,.F.);
#7696 = ORIENTED_EDGE('',*,*,#7169,.F.);
#7697 = PLANE('',#7698);
#7698 = AXIS2_PLACEMENT_3D('',#7699,#7700,#7701);
#7699 = CARTESIAN_POINT('',(-1.112500297756,-0.175,0.207844627563));
#7700 = DIRECTION('',(0.987340403298,-1.096168048884E-16,-0.158615661317
    ));
#7701 = DIRECTION('',(0.158615661317,-1.760987592604E-17,0.987340403298)
  );
#7702 = ADVANCED_FACE('',(#7703),#7714,.F.);
#7703 = FACE_BOUND('',#7704,.F.);
#7704 = EDGE_LOOP('',(#7705,#7711,#7712,#7713));
#7705 = ORIENTED_EDGE('',*,*,#7706,.T.);
#7706 = EDGE_CURVE('',#7153,#7245,#7707,.T.);
#7707 = LINE('',#7708,#7709);
#7708 = CARTESIAN_POINT('',(-1.181436840466,-0.175,0.15));
#7709 = VECTOR('',#7710,1.);
#7710 = DIRECTION('',(1.110223024625E-16,1.,0.));
#7711 = ORIENTED_EDGE('',*,*,#7252,.T.);
#7712 = ORIENTED_EDGE('',*,*,#7689,.F.);
#7713 = ORIENTED_EDGE('',*,*,#7160,.F.);
#7714 = CYLINDRICAL_SURFACE('',#7715,7.E-02);
#7715 = AXIS2_PLACEMENT_3D('',#7716,#7717,#7718);
#7716 = CARTESIAN_POINT('',(-1.181436840466,-0.175,0.22));
#7717 = DIRECTION('',(-1.110223024625E-16,-1.,0.));
#7718 = DIRECTION('',(-0.,0.,-1.));
#7719 = ADVANCED_FACE('',(#7720),#7731,.F.);
#7720 = FACE_BOUND('',#7721,.F.);
#7721 = EDGE_LOOP('',(#7722,#7728,#7729,#7730));
#7722 = ORIENTED_EDGE('',*,*,#7723,.T.);
#7723 = EDGE_CURVE('',#7145,#7237,#7724,.T.);
#7724 = LINE('',#7725,#7726);
#7725 = CARTESIAN_POINT('',(-1.25,-0.175,0.15));
#7726 = VECTOR('',#7727,1.);
#7727 = DIRECTION('',(1.110223024625E-16,1.,0.));
#7728 = ORIENTED_EDGE('',*,*,#7244,.T.);
#7729 = ORIENTED_EDGE('',*,*,#7706,.F.);
#7730 = ORIENTED_EDGE('',*,*,#7152,.F.);
#7731 = PLANE('',#7732);
#7732 = AXIS2_PLACEMENT_3D('',#7733,#7734,#7735);
#7733 = CARTESIAN_POINT('',(-1.25,-0.175,0.15));
#7734 = DIRECTION('',(0.,0.,-1.));
#7735 = DIRECTION('',(1.,-1.110223024625E-16,0.));
#7736 = ADVANCED_FACE('',(#7737),#7748,.F.);
#7737 = FACE_BOUND('',#7738,.F.);
#7738 = EDGE_LOOP('',(#7739,#7745,#7746,#7747));
#7739 = ORIENTED_EDGE('',*,*,#7740,.T.);
#7740 = EDGE_CURVE('',#7137,#7229,#7741,.T.);
#7741 = LINE('',#7742,#7743);
#7742 = CARTESIAN_POINT('',(-1.25,-0.175,-5.551115123126E-17));
#7743 = VECTOR('',#7744,1.);
#7744 = DIRECTION('',(1.110223024625E-16,1.,0.));
#7745 = ORIENTED_EDGE('',*,*,#7236,.T.);
#7746 = ORIENTED_EDGE('',*,*,#7723,.F.);
#7747 = ORIENTED_EDGE('',*,*,#7144,.F.);
#7748 = PLANE('',#7749);
#7749 = AXIS2_PLACEMENT_3D('',#7750,#7751,#7752);
#7750 = CARTESIAN_POINT('',(-1.25,-0.175,-5.551115123126E-17));
#7751 = DIRECTION('',(1.,-1.110223024625E-16,0.));
#7752 = DIRECTION('',(0.,0.,1.));
#7753 = ADVANCED_FACE('',(#7754),#7765,.F.);
#7754 = FACE_BOUND('',#7755,.F.);
#7755 = EDGE_LOOP('',(#7756,#7762,#7763,#7764));
#7756 = ORIENTED_EDGE('',*,*,#7757,.T.);
#7757 = EDGE_CURVE('',#7128,#7220,#7758,.T.);
#7758 = LINE('',#7759,#7760);
#7759 = CARTESIAN_POINT('',(-1.181436840466,-0.175,-5.551115123126E-17)
  );
#7760 = VECTOR('',#7761,1.);
#7761 = DIRECTION('',(1.110223024625E-16,1.,0.));
#7762 = ORIENTED_EDGE('',*,*,#7228,.T.);
#7763 = ORIENTED_EDGE('',*,*,#7740,.F.);
#7764 = ORIENTED_EDGE('',*,*,#7136,.F.);
#7765 = PLANE('',#7766);
#7766 = AXIS2_PLACEMENT_3D('',#7767,#7768,#7769);
#7767 = CARTESIAN_POINT('',(-1.181436840466,-0.175,-5.551115123126E-17)
  );
#7768 = DIRECTION('',(0.,0.,1.));
#7769 = DIRECTION('',(-1.,1.110223024625E-16,0.));
#7770 = ADVANCED_FACE('',(#7771),#7777,.T.);
#7771 = FACE_BOUND('',#7772,.T.);
#7772 = EDGE_LOOP('',(#7773,#7774,#7775,#7776));
#7773 = ORIENTED_EDGE('',*,*,#7127,.T.);
#7774 = ORIENTED_EDGE('',*,*,#7757,.T.);
#7775 = ORIENTED_EDGE('',*,*,#7219,.F.);
#7776 = ORIENTED_EDGE('',*,*,#7201,.F.);
#7777 = CYLINDRICAL_SURFACE('',#7778,0.22);
#7778 = AXIS2_PLACEMENT_3D('',#7779,#7780,#7781);
#7779 = CARTESIAN_POINT('',(-1.181436840466,-0.175,0.22));
#7780 = DIRECTION('',(-1.110223024625E-16,-1.,-0.));
#7781 = DIRECTION('',(0.984807753012,-1.093356242223E-16,-0.173648177667
    ));
#7782 = ADVANCED_FACE('',(#7783),#7800,.F.);
#7783 = FACE_BOUND('',#7784,.F.);
#7784 = EDGE_LOOP('',(#7785,#7786,#7793,#7799));
#7785 = ORIENTED_EDGE('',*,*,#7350,.T.);
#7786 = ORIENTED_EDGE('',*,*,#7787,.T.);
#7787 = EDGE_CURVE('',#7343,#7788,#7790,.T.);
#7788 = VERTEX_POINT('',#7789);
#7789 = CARTESIAN_POINT('',(-0.712635072626,0.540270145251,1.1));
#7790 = B_SPLINE_CURVE_WITH_KNOTS('',1,(#7791,#7792),.UNSPECIFIED.,.F.,
  .F.,(2,2),(0.,1.),.PIECEWISE_BEZIER_KNOTS.);
#7791 = CARTESIAN_POINT('',(-0.7425,0.6,0.675));
#7792 = CARTESIAN_POINT('',(-0.712635072626,0.540270145251,1.1));
#7793 = ORIENTED_EDGE('',*,*,#7794,.F.);
#7794 = EDGE_CURVE('',#7634,#7788,#7795,.T.);
#7795 = LINE('',#7796,#7797);
#7796 = CARTESIAN_POINT('',(-0.765270145251,0.487635072626,1.1));
#7797 = VECTOR('',#7798,1.);
#7798 = DIRECTION('',(0.707106781187,0.707106781187,0.));
#7799 = ORIENTED_EDGE('',*,*,#7633,.F.);
#7800 = B_SPLINE_SURFACE_WITH_KNOTS('',1,1,(
    (#7801,#7802)
    ,(#7803,#7804
    )),.UNSPECIFIED.,.F.,.F.,.F.,(2,2),(2,2),(0.,0.116672618896),(0.,1.)
  ,.PIECEWISE_BEZIER_KNOTS.);
#7801 = CARTESIAN_POINT('',(-0.825,0.5175,0.675));
#7802 = CARTESIAN_POINT('',(-0.765270145251,0.487635072626,1.1));
#7803 = CARTESIAN_POINT('',(-0.7425,0.6,0.675));
#7804 = CARTESIAN_POINT('',(-0.712635072626,0.540270145251,1.1));
#7805 = ADVANCED_FACE('',(#7806),#7823,.F.);
#7806 = FACE_BOUND('',#7807,.F.);
#7807 = EDGE_LOOP('',(#7808,#7809,#7816,#7822));
#7808 = ORIENTED_EDGE('',*,*,#7342,.T.);
#7809 = ORIENTED_EDGE('',*,*,#7810,.T.);
#7810 = EDGE_CURVE('',#7335,#7811,#7813,.T.);
#7811 = VERTEX_POINT('',#7812);
#7812 = CARTESIAN_POINT('',(0.712635072626,0.540270145251,1.1));
#7813 = B_SPLINE_CURVE_WITH_KNOTS('',1,(#7814,#7815),.UNSPECIFIED.,.F.,
  .F.,(2,2),(0.,1.),.PIECEWISE_BEZIER_KNOTS.);
#7814 = CARTESIAN_POINT('',(0.7425,0.6,0.675));
#7815 = CARTESIAN_POINT('',(0.712635072626,0.540270145251,1.1));
#7816 = ORIENTED_EDGE('',*,*,#7817,.F.);
#7817 = EDGE_CURVE('',#7788,#7811,#7818,.T.);
#7818 = LINE('',#7819,#7820);
#7819 = CARTESIAN_POINT('',(-0.712635072626,0.540270145251,1.1));
#7820 = VECTOR('',#7821,1.);
#7821 = DIRECTION('',(1.,0.,0.));
#7822 = ORIENTED_EDGE('',*,*,#7787,.F.);
#7823 = B_SPLINE_SURFACE_WITH_KNOTS('',1,1,(
    (#7824,#7825)
    ,(#7826,#7827
    )),.UNSPECIFIED.,.F.,.F.,.F.,(2,2),(2,2),(0.,1.485),(0.,1.),
  .PIECEWISE_BEZIER_KNOTS.);
#7824 = CARTESIAN_POINT('',(-0.7425,0.6,0.675));
#7825 = CARTESIAN_POINT('',(-0.712635072626,0.540270145251,1.1));
#7826 = CARTESIAN_POINT('',(0.7425,0.6,0.675));
#7827 = CARTESIAN_POINT('',(0.712635072626,0.540270145251,1.1));
#7828 = ADVANCED_FACE('',(#7829),#7840,.F.);
#7829 = FACE_BOUND('',#7830,.F.);
#7830 = EDGE_LOOP('',(#7831,#7832,#7833,#7839));
#7831 = ORIENTED_EDGE('',*,*,#7334,.T.);
#7832 = ORIENTED_EDGE('',*,*,#7543,.T.);
#7833 = ORIENTED_EDGE('',*,*,#7834,.F.);
#7834 = EDGE_CURVE('',#7811,#7536,#7835,.T.);
#7835 = LINE('',#7836,#7837);
#7836 = CARTESIAN_POINT('',(0.712635072626,0.540270145251,1.1));
#7837 = VECTOR('',#7838,1.);
#7838 = DIRECTION('',(0.707106781187,-0.707106781187,0.));
#7839 = ORIENTED_EDGE('',*,*,#7810,.F.);
#7840 = B_SPLINE_SURFACE_WITH_KNOTS('',1,1,(
    (#7841,#7842)
    ,(#7843,#7844
    )),.UNSPECIFIED.,.F.,.F.,.F.,(2,2),(2,2),(0.,0.116672618896),(0.,1.)
  ,.PIECEWISE_BEZIER_KNOTS.);
#7841 = CARTESIAN_POINT('',(0.7425,0.6,0.675));
#7842 = CARTESIAN_POINT('',(0.712635072626,0.540270145251,1.1));
#7843 = CARTESIAN_POINT('',(0.825,0.5175,0.675));
#7844 = CARTESIAN_POINT('',(0.765270145251,0.487635072626,1.1));
#7845 = ADVANCED_FACE('',(#7846),#7915,.F.);
#7846 = FACE_BOUND('',#7847,.F.);
#7847 = EDGE_LOOP('',(#7848,#7849,#7850,#7858,#7867,#7875,#7883,#7891,
    #7900,#7908));
#7848 = ORIENTED_EDGE('',*,*,#7438,.F.);
#7849 = ORIENTED_EDGE('',*,*,#7471,.T.);
#7850 = ORIENTED_EDGE('',*,*,#7851,.T.);
#7851 = EDGE_CURVE('',#7464,#7852,#7854,.T.);
#7852 = VERTEX_POINT('',#7853);
#7853 = CARTESIAN_POINT('',(0.964779134804,0.175,0.181797400913));
#7854 = LINE('',#7855,#7856);
#7855 = CARTESIAN_POINT('',(0.918936542711,0.175,0.467155372437));
#7856 = VECTOR('',#7857,1.);
#7857 = DIRECTION('',(0.158615661317,-3.521975185208E-17,-0.987340403298
    ));
#7858 = ORIENTED_EDGE('',*,*,#7859,.T.);
#7859 = EDGE_CURVE('',#7852,#7860,#7862,.T.);
#7860 = VERTEX_POINT('',#7861);
#7861 = CARTESIAN_POINT('',(1.181436840466,0.175,-5.551115123126E-17));
#7862 = CIRCLE('',#7863,0.22);
#7863 = AXIS2_PLACEMENT_3D('',#7864,#7865,#7866);
#7864 = CARTESIAN_POINT('',(1.181436840466,0.175,0.22));
#7865 = DIRECTION('',(-2.22044604925E-16,-1.,0.));
#7866 = DIRECTION('',(-0.984807753012,2.186712484447E-16,-0.173648177667
    ));
#7867 = ORIENTED_EDGE('',*,*,#7868,.T.);
#7868 = EDGE_CURVE('',#7860,#7869,#7871,.T.);
#7869 = VERTEX_POINT('',#7870);
#7870 = CARTESIAN_POINT('',(1.25,0.175,-5.551115123126E-17));
#7871 = LINE('',#7872,#7873);
#7872 = CARTESIAN_POINT('',(1.181436840466,0.175,-5.551115123126E-17));
#7873 = VECTOR('',#7874,1.);
#7874 = DIRECTION('',(1.,-2.22044604925E-16,0.));
#7875 = ORIENTED_EDGE('',*,*,#7876,.T.);
#7876 = EDGE_CURVE('',#7869,#7877,#7879,.T.);
#7877 = VERTEX_POINT('',#7878);
#7878 = CARTESIAN_POINT('',(1.25,0.175,0.15));
#7879 = LINE('',#7880,#7881);
#7880 = CARTESIAN_POINT('',(1.25,0.175,-5.551115123126E-17));
#7881 = VECTOR('',#7882,1.);
#7882 = DIRECTION('',(0.,0.,1.));
#7883 = ORIENTED_EDGE('',*,*,#7884,.T.);
#7884 = EDGE_CURVE('',#7877,#7885,#7887,.T.);
#7885 = VERTEX_POINT('',#7886);
#7886 = CARTESIAN_POINT('',(1.181436840466,0.175,0.15));
#7887 = LINE('',#7888,#7889);
#7888 = CARTESIAN_POINT('',(1.25,0.175,0.15));
#7889 = VECTOR('',#7890,1.);
#7890 = DIRECTION('',(-1.,2.22044604925E-16,0.));
#7891 = ORIENTED_EDGE('',*,*,#7892,.T.);
#7892 = EDGE_CURVE('',#7885,#7893,#7895,.T.);
#7893 = VERTEX_POINT('',#7894);
#7894 = CARTESIAN_POINT('',(1.112500297756,0.175,0.207844627563));
#7895 = CIRCLE('',#7896,7.E-02);
#7896 = AXIS2_PLACEMENT_3D('',#7897,#7898,#7899);
#7897 = CARTESIAN_POINT('',(1.181436840466,0.175,0.22));
#7898 = DIRECTION('',(2.22044604925E-16,1.,0.));
#7899 = DIRECTION('',(0.,0.,-1.));
#7900 = ORIENTED_EDGE('',*,*,#7901,.T.);
#7901 = EDGE_CURVE('',#7893,#7902,#7904,.T.);
#7902 = VERTEX_POINT('',#7903);
#7903 = CARTESIAN_POINT('',(1.066657705663,0.175,0.493202599087));
#7904 = LINE('',#7905,#7906);
#7905 = CARTESIAN_POINT('',(1.112500297756,0.175,0.207844627563));
#7906 = VECTOR('',#7907,1.);
#7907 = DIRECTION('',(-0.158615661317,3.521975185208E-17,0.987340403298)
  );
#7908 = ORIENTED_EDGE('',*,*,#7909,.T.);
#7909 = EDGE_CURVE('',#7902,#7311,#7910,.T.);
#7910 = CIRCLE('',#7911,0.22);
#7911 = AXIS2_PLACEMENT_3D('',#7912,#7913,#7914);
#7912 = CARTESIAN_POINT('',(0.85,0.175,0.455));
#7913 = DIRECTION('',(-2.22044604925E-16,-1.,0.));
#7914 = DIRECTION('',(0.984807753012,-2.186712484447E-16,0.173648177667)
  );
#7915 = PLANE('',#7916);
#7916 = AXIS2_PLACEMENT_3D('',#7917,#7918,#7919);
#7917 = CARTESIAN_POINT('',(1.021526355437,0.175,0.332418056697));
#7918 = DIRECTION('',(-2.22044604925E-16,-1.,0.));
#7919 = DIRECTION('',(0.,0.,1.));
#7920 = ADVANCED_FACE('',(#7921),#7939,.F.);
#7921 = FACE_BOUND('',#7922,.F.);
#7922 = EDGE_LOOP('',(#7923,#7924,#7932,#7938));
#7923 = ORIENTED_EDGE('',*,*,#7463,.T.);
#7924 = ORIENTED_EDGE('',*,*,#7925,.T.);
#7925 = EDGE_CURVE('',#7455,#7926,#7928,.T.);
#7926 = VERTEX_POINT('',#7927);
#7927 = CARTESIAN_POINT('',(0.964779134804,-0.175,0.181797400913));
#7928 = LINE('',#7929,#7930);
#7929 = CARTESIAN_POINT('',(0.918936542711,-0.175,0.467155372437));
#7930 = VECTOR('',#7931,1.);
#7931 = DIRECTION('',(0.158615661317,-3.521975185208E-17,-0.987340403298
    ));
#7932 = ORIENTED_EDGE('',*,*,#7933,.F.);
#7933 = EDGE_CURVE('',#7852,#7926,#7934,.T.);
#7934 = LINE('',#7935,#7936);
#7935 = CARTESIAN_POINT('',(0.964779134804,0.175,0.181797400913));
#7936 = VECTOR('',#7937,1.);
#7937 = DIRECTION('',(-2.22044604925E-16,-1.,0.));
#7938 = ORIENTED_EDGE('',*,*,#7851,.F.);
#7939 = PLANE('',#7940);
#7940 = AXIS2_PLACEMENT_3D('',#7941,#7942,#7943);
#7941 = CARTESIAN_POINT('',(0.918936542711,0.175,0.467155372437));
#7942 = DIRECTION('',(0.987340403298,-2.192336097769E-16,0.158615661317)
  );
#7943 = DIRECTION('',(0.158615661317,-3.521975185208E-17,-0.987340403298
    ));
#7944 = ADVANCED_FACE('',(#7945),#8007,.T.);
#7945 = FACE_BOUND('',#7946,.T.);
#7946 = EDGE_LOOP('',(#7947,#7948,#7949,#7950,#7959,#7967,#7975,#7983,
    #7992,#8000));
#7947 = ORIENTED_EDGE('',*,*,#7486,.F.);
#7948 = ORIENTED_EDGE('',*,*,#7454,.T.);
#7949 = ORIENTED_EDGE('',*,*,#7925,.T.);
#7950 = ORIENTED_EDGE('',*,*,#7951,.T.);
#7951 = EDGE_CURVE('',#7926,#7952,#7954,.T.);
#7952 = VERTEX_POINT('',#7953);
#7953 = CARTESIAN_POINT('',(1.181436840466,-0.175,-5.551115123126E-17));
#7954 = CIRCLE('',#7955,0.22);
#7955 = AXIS2_PLACEMENT_3D('',#7956,#7957,#7958);
#7956 = CARTESIAN_POINT('',(1.181436840466,-0.175,0.22));
#7957 = DIRECTION('',(-2.22044604925E-16,-1.,0.));
#7958 = DIRECTION('',(-0.984807753012,2.186712484447E-16,-0.173648177667
    ));
#7959 = ORIENTED_EDGE('',*,*,#7960,.T.);
#7960 = EDGE_CURVE('',#7952,#7961,#7963,.T.);
#7961 = VERTEX_POINT('',#7962);
#7962 = CARTESIAN_POINT('',(1.25,-0.175,-5.551115123126E-17));
#7963 = LINE('',#7964,#7965);
#7964 = CARTESIAN_POINT('',(1.181436840466,-0.175,-5.551115123126E-17));
#7965 = VECTOR('',#7966,1.);
#7966 = DIRECTION('',(1.,-2.22044604925E-16,0.));
#7967 = ORIENTED_EDGE('',*,*,#7968,.T.);
#7968 = EDGE_CURVE('',#7961,#7969,#7971,.T.);
#7969 = VERTEX_POINT('',#7970);
#7970 = CARTESIAN_POINT('',(1.25,-0.175,0.15));
#7971 = LINE('',#7972,#7973);
#7972 = CARTESIAN_POINT('',(1.25,-0.175,-5.551115123126E-17));
#7973 = VECTOR('',#7974,1.);
#7974 = DIRECTION('',(0.,0.,1.));
#7975 = ORIENTED_EDGE('',*,*,#7976,.T.);
#7976 = EDGE_CURVE('',#7969,#7977,#7979,.T.);
#7977 = VERTEX_POINT('',#7978);
#7978 = CARTESIAN_POINT('',(1.181436840466,-0.175,0.15));
#7979 = LINE('',#7980,#7981);
#7980 = CARTESIAN_POINT('',(1.25,-0.175,0.15));
#7981 = VECTOR('',#7982,1.);
#7982 = DIRECTION('',(-1.,2.22044604925E-16,0.));
#7983 = ORIENTED_EDGE('',*,*,#7984,.T.);
#7984 = EDGE_CURVE('',#7977,#7985,#7987,.T.);
#7985 = VERTEX_POINT('',#7986);
#7986 = CARTESIAN_POINT('',(1.112500297756,-0.175,0.207844627563));
#7987 = CIRCLE('',#7988,7.E-02);
#7988 = AXIS2_PLACEMENT_3D('',#7989,#7990,#7991);
#7989 = CARTESIAN_POINT('',(1.181436840466,-0.175,0.22));
#7990 = DIRECTION('',(2.22044604925E-16,1.,0.));
#7991 = DIRECTION('',(0.,0.,-1.));
#7992 = ORIENTED_EDGE('',*,*,#7993,.T.);
#7993 = EDGE_CURVE('',#7985,#7994,#7996,.T.);
#7994 = VERTEX_POINT('',#7995);
#7995 = CARTESIAN_POINT('',(1.066657705663,-0.175,0.493202599087));
#7996 = LINE('',#7997,#7998);
#7997 = CARTESIAN_POINT('',(1.112500297756,-0.175,0.207844627563));
#7998 = VECTOR('',#7999,1.);
#7999 = DIRECTION('',(-0.158615661317,3.521975185208E-17,0.987340403298)
  );
#8000 = ORIENTED_EDGE('',*,*,#8001,.T.);
#8001 = EDGE_CURVE('',#7994,#7080,#8002,.T.);
#8002 = CIRCLE('',#8003,0.22);
#8003 = AXIS2_PLACEMENT_3D('',#8004,#8005,#8006);
#8004 = CARTESIAN_POINT('',(0.85,-0.175,0.455));
#8005 = DIRECTION('',(-2.22044604925E-16,-1.,0.));
#8006 = DIRECTION('',(0.984807753012,-2.186712484447E-16,0.173648177667)
  );
#8007 = PLANE('',#8008);
#8008 = AXIS2_PLACEMENT_3D('',#8009,#8010,#8011);
#8009 = CARTESIAN_POINT('',(1.021526355437,-0.175,0.332418056697));
#8010 = DIRECTION('',(-2.22044604925E-16,-1.,0.));
#8011 = DIRECTION('',(0.,0.,1.));
#8012 = ADVANCED_FACE('',(#8013),#8024,.T.);
#8013 = FACE_BOUND('',#8014,.T.);
#8014 = EDGE_LOOP('',(#8015,#8016,#8017,#8018));
#8015 = ORIENTED_EDGE('',*,*,#7909,.T.);
#8016 = ORIENTED_EDGE('',*,*,#7504,.T.);
#8017 = ORIENTED_EDGE('',*,*,#8001,.F.);
#8018 = ORIENTED_EDGE('',*,*,#8019,.F.);
#8019 = EDGE_CURVE('',#7902,#7994,#8020,.T.);
#8020 = LINE('',#8021,#8022);
#8021 = CARTESIAN_POINT('',(1.066657705663,0.175,0.493202599087));
#8022 = VECTOR('',#8023,1.);
#8023 = DIRECTION('',(-2.22044604925E-16,-1.,0.));
#8024 = CYLINDRICAL_SURFACE('',#8025,0.22);
#8025 = AXIS2_PLACEMENT_3D('',#8026,#8027,#8028);
#8026 = CARTESIAN_POINT('',(0.85,0.175,0.455));
#8027 = DIRECTION('',(2.22044604925E-16,1.,0.));
#8028 = DIRECTION('',(0.984807753012,-2.186712484447E-16,0.173648177667)
  );
#8029 = ADVANCED_FACE('',(#8030,#8040),#8074,.T.);
#8030 = FACE_BOUND('',#8031,.T.);
#8031 = EDGE_LOOP('',(#8032,#8033,#8034,#8035,#8036,#8037,#8038,#8039));
#8032 = ORIENTED_EDGE('',*,*,#7640,.F.);
#8033 = ORIENTED_EDGE('',*,*,#7610,.F.);
#8034 = ORIENTED_EDGE('',*,*,#7587,.F.);
#8035 = ORIENTED_EDGE('',*,*,#7564,.F.);
#8036 = ORIENTED_EDGE('',*,*,#7535,.F.);
#8037 = ORIENTED_EDGE('',*,*,#7834,.F.);
#8038 = ORIENTED_EDGE('',*,*,#7817,.F.);
#8039 = ORIENTED_EDGE('',*,*,#7794,.F.);
#8040 = FACE_BOUND('',#8041,.T.);
#8041 = EDGE_LOOP('',(#8042,#8052,#8060,#8068));
#8042 = ORIENTED_EDGE('',*,*,#8043,.T.);
#8043 = EDGE_CURVE('',#8044,#8046,#8048,.T.);
#8044 = VERTEX_POINT('',#8045);
#8045 = CARTESIAN_POINT('',(-0.315270145251,-0.490270145251,1.1));
#8046 = VERTEX_POINT('',#8047);
#8047 = CARTESIAN_POINT('',(-0.715270145251,-0.490270145251,1.1));
#8048 = LINE('',#8049,#8050);
#8049 = CARTESIAN_POINT('',(-0.740270145251,-0.490270145251,1.1));
#8050 = VECTOR('',#8051,1.);
#8051 = DIRECTION('',(-1.,0.,0.));
#8052 = ORIENTED_EDGE('',*,*,#8053,.T.);
#8053 = EDGE_CURVE('',#8046,#8054,#8056,.T.);
#8054 = VERTEX_POINT('',#8055);
#8055 = CARTESIAN_POINT('',(-0.715270145251,0.490270145251,1.1));
#8056 = LINE('',#8057,#8058);
#8057 = CARTESIAN_POINT('',(-0.715270145251,-0.488952608939,1.1));
#8058 = VECTOR('',#8059,1.);
#8059 = DIRECTION('',(0.,1.,0.));
#8060 = ORIENTED_EDGE('',*,*,#8061,.F.);
#8061 = EDGE_CURVE('',#8062,#8054,#8064,.T.);
#8062 = VERTEX_POINT('',#8063);
#8063 = CARTESIAN_POINT('',(-0.315270145251,0.490270145251,1.1));
#8064 = LINE('',#8065,#8066);
#8065 = CARTESIAN_POINT('',(-0.740270145251,0.490270145251,1.1));
#8066 = VECTOR('',#8067,1.);
#8067 = DIRECTION('',(-1.,0.,0.));
#8068 = ORIENTED_EDGE('',*,*,#8069,.F.);
#8069 = EDGE_CURVE('',#8044,#8062,#8070,.T.);
#8070 = LINE('',#8071,#8072);
#8071 = CARTESIAN_POINT('',(-0.315270145251,-0.488952608939,1.1));
#8072 = VECTOR('',#8073,1.);
#8073 = DIRECTION('',(0.,1.,0.));
#8074 = PLANE('',#8075);
#8075 = AXIS2_PLACEMENT_3D('',#8076,#8077,#8078);
#8076 = CARTESIAN_POINT('',(-0.765270145251,-0.487635072626,1.1));
#8077 = DIRECTION('',(0.,0.,1.));
#8078 = DIRECTION('',(0.84333939541,0.537381302382,-0.));
#8079 = ADVANCED_FACE('',(#8080),#8091,.F.);
#8080 = FACE_BOUND('',#8081,.F.);
#8081 = EDGE_LOOP('',(#8082,#8088,#8089,#8090));
#8082 = ORIENTED_EDGE('',*,*,#8083,.T.);
#8083 = EDGE_CURVE('',#7893,#7985,#8084,.T.);
#8084 = LINE('',#8085,#8086);
#8085 = CARTESIAN_POINT('',(1.112500297756,0.175,0.207844627563));
#8086 = VECTOR('',#8087,1.);
#8087 = DIRECTION('',(-2.22044604925E-16,-1.,0.));
#8088 = ORIENTED_EDGE('',*,*,#7993,.T.);
#8089 = ORIENTED_EDGE('',*,*,#8019,.F.);
#8090 = ORIENTED_EDGE('',*,*,#7901,.F.);
#8091 = PLANE('',#8092);
#8092 = AXIS2_PLACEMENT_3D('',#8093,#8094,#8095);
#8093 = CARTESIAN_POINT('',(1.112500297756,0.175,0.207844627563));
#8094 = DIRECTION('',(-0.987340403298,2.192336097769E-16,-0.158615661317
    ));
#8095 = DIRECTION('',(-0.158615661317,3.521975185208E-17,0.987340403298)
  );
#8096 = ADVANCED_FACE('',(#8097),#8108,.F.);
#8097 = FACE_BOUND('',#8098,.F.);
#8098 = EDGE_LOOP('',(#8099,#8105,#8106,#8107));
#8099 = ORIENTED_EDGE('',*,*,#8100,.T.);
#8100 = EDGE_CURVE('',#7885,#7977,#8101,.T.);
#8101 = LINE('',#8102,#8103);
#8102 = CARTESIAN_POINT('',(1.181436840466,0.175,0.15));
#8103 = VECTOR('',#8104,1.);
#8104 = DIRECTION('',(-2.22044604925E-16,-1.,0.));
#8105 = ORIENTED_EDGE('',*,*,#7984,.T.);
#8106 = ORIENTED_EDGE('',*,*,#8083,.F.);
#8107 = ORIENTED_EDGE('',*,*,#7892,.F.);
#8108 = CYLINDRICAL_SURFACE('',#8109,7.E-02);
#8109 = AXIS2_PLACEMENT_3D('',#8110,#8111,#8112);
#8110 = CARTESIAN_POINT('',(1.181436840466,0.175,0.22));
#8111 = DIRECTION('',(2.22044604925E-16,1.,0.));
#8112 = DIRECTION('',(0.,0.,-1.));
#8113 = ADVANCED_FACE('',(#8114),#8125,.F.);
#8114 = FACE_BOUND('',#8115,.F.);
#8115 = EDGE_LOOP('',(#8116,#8122,#8123,#8124));
#8116 = ORIENTED_EDGE('',*,*,#8117,.T.);
#8117 = EDGE_CURVE('',#7877,#7969,#8118,.T.);
#8118 = LINE('',#8119,#8120);
#8119 = CARTESIAN_POINT('',(1.25,0.175,0.15));
#8120 = VECTOR('',#8121,1.);
#8121 = DIRECTION('',(-2.22044604925E-16,-1.,0.));
#8122 = ORIENTED_EDGE('',*,*,#7976,.T.);
#8123 = ORIENTED_EDGE('',*,*,#8100,.F.);
#8124 = ORIENTED_EDGE('',*,*,#7884,.F.);
#8125 = PLANE('',#8126);
#8126 = AXIS2_PLACEMENT_3D('',#8127,#8128,#8129);
#8127 = CARTESIAN_POINT('',(1.25,0.175,0.15));
#8128 = DIRECTION('',(0.,0.,-1.));
#8129 = DIRECTION('',(-1.,2.22044604925E-16,0.));
#8130 = ADVANCED_FACE('',(#8131),#8142,.F.);
#8131 = FACE_BOUND('',#8132,.F.);
#8132 = EDGE_LOOP('',(#8133,#8139,#8140,#8141));
#8133 = ORIENTED_EDGE('',*,*,#8134,.T.);
#8134 = EDGE_CURVE('',#7869,#7961,#8135,.T.);
#8135 = LINE('',#8136,#8137);
#8136 = CARTESIAN_POINT('',(1.25,0.175,-5.551115123126E-17));
#8137 = VECTOR('',#8138,1.);
#8138 = DIRECTION('',(-2.22044604925E-16,-1.,0.));
#8139 = ORIENTED_EDGE('',*,*,#7968,.T.);
#8140 = ORIENTED_EDGE('',*,*,#8117,.F.);
#8141 = ORIENTED_EDGE('',*,*,#7876,.F.);
#8142 = PLANE('',#8143);
#8143 = AXIS2_PLACEMENT_3D('',#8144,#8145,#8146);
#8144 = CARTESIAN_POINT('',(1.25,0.175,-5.551115123126E-17));
#8145 = DIRECTION('',(-1.,2.22044604925E-16,0.));
#8146 = DIRECTION('',(0.,0.,1.));
#8147 = ADVANCED_FACE('',(#8148),#8159,.F.);
#8148 = FACE_BOUND('',#8149,.F.);
#8149 = EDGE_LOOP('',(#8150,#8156,#8157,#8158));
#8150 = ORIENTED_EDGE('',*,*,#8151,.T.);
#8151 = EDGE_CURVE('',#7860,#7952,#8152,.T.);
#8152 = LINE('',#8153,#8154);
#8153 = CARTESIAN_POINT('',(1.181436840466,0.175,-5.551115123126E-17));
#8154 = VECTOR('',#8155,1.);
#8155 = DIRECTION('',(-2.22044604925E-16,-1.,0.));
#8156 = ORIENTED_EDGE('',*,*,#7960,.T.);
#8157 = ORIENTED_EDGE('',*,*,#8134,.F.);
#8158 = ORIENTED_EDGE('',*,*,#7868,.F.);
#8159 = PLANE('',#8160);
#8160 = AXIS2_PLACEMENT_3D('',#8161,#8162,#8163);
#8161 = CARTESIAN_POINT('',(1.181436840466,0.175,-5.551115123126E-17));
#8162 = DIRECTION('',(0.,0.,1.));
#8163 = DIRECTION('',(1.,-2.22044604925E-16,0.));
#8164 = ADVANCED_FACE('',(#8165),#8171,.T.);
#8165 = FACE_BOUND('',#8166,.T.);
#8166 = EDGE_LOOP('',(#8167,#8168,#8169,#8170));
#8167 = ORIENTED_EDGE('',*,*,#7859,.T.);
#8168 = ORIENTED_EDGE('',*,*,#8151,.T.);
#8169 = ORIENTED_EDGE('',*,*,#7951,.F.);
#8170 = ORIENTED_EDGE('',*,*,#7933,.F.);
#8171 = CYLINDRICAL_SURFACE('',#8172,0.22);
#8172 = AXIS2_PLACEMENT_3D('',#8173,#8174,#8175);
#8173 = CARTESIAN_POINT('',(1.181436840466,0.175,0.22));
#8174 = DIRECTION('',(2.22044604925E-16,1.,0.));
#8175 = DIRECTION('',(-0.984807753012,2.186712484447E-16,-0.173648177667
    ));
#8176 = ADVANCED_FACE('',(#8177),#8202,.F.);
#8177 = FACE_BOUND('',#8178,.F.);
#8178 = EDGE_LOOP('',(#8179,#8180,#8188,#8196));
#8179 = ORIENTED_EDGE('',*,*,#8043,.T.);
#8180 = ORIENTED_EDGE('',*,*,#8181,.T.);
#8181 = EDGE_CURVE('',#8046,#8182,#8184,.T.);
#8182 = VERTEX_POINT('',#8183);
#8183 = CARTESIAN_POINT('',(-0.715270145251,-0.490270145251,1.11));
#8184 = LINE('',#8185,#8186);
#8185 = CARTESIAN_POINT('',(-0.715270145251,-0.490270145251,1.09));
#8186 = VECTOR('',#8187,1.);
#8187 = DIRECTION('',(0.,0.,1.));
#8188 = ORIENTED_EDGE('',*,*,#8189,.T.);
#8189 = EDGE_CURVE('',#8182,#8190,#8192,.T.);
#8190 = VERTEX_POINT('',#8191);
#8191 = CARTESIAN_POINT('',(-0.315270145251,-0.490270145251,1.11));
#8192 = LINE('',#8193,#8194);
#8193 = CARTESIAN_POINT('',(-0.715270145251,-0.490270145251,1.11));
#8194 = VECTOR('',#8195,1.);
#8195 = DIRECTION('',(1.,0.,0.));
#8196 = ORIENTED_EDGE('',*,*,#8197,.F.);
#8197 = EDGE_CURVE('',#8044,#8190,#8198,.T.);
#8198 = LINE('',#8199,#8200);
#8199 = CARTESIAN_POINT('',(-0.315270145251,-0.490270145251,1.09));
#8200 = VECTOR('',#8201,1.);
#8201 = DIRECTION('',(0.,0.,1.));
#8202 = PLANE('',#8203);
#8203 = AXIS2_PLACEMENT_3D('',#8204,#8205,#8206);
#8204 = CARTESIAN_POINT('',(-0.715270145251,-0.490270145251,1.09));
#8205 = DIRECTION('',(0.,1.,0.));
#8206 = DIRECTION('',(0.,-0.,1.));
#8207 = ADVANCED_FACE('',(#8208),#8226,.T.);
#8208 = FACE_BOUND('',#8209,.T.);
#8209 = EDGE_LOOP('',(#8210,#8211,#8212,#8220));
#8210 = ORIENTED_EDGE('',*,*,#8197,.F.);
#8211 = ORIENTED_EDGE('',*,*,#8069,.T.);
#8212 = ORIENTED_EDGE('',*,*,#8213,.T.);
#8213 = EDGE_CURVE('',#8062,#8214,#8216,.T.);
#8214 = VERTEX_POINT('',#8215);
#8215 = CARTESIAN_POINT('',(-0.315270145251,0.490270145251,1.11));
#8216 = LINE('',#8217,#8218);
#8217 = CARTESIAN_POINT('',(-0.315270145251,0.490270145251,1.09));
#8218 = VECTOR('',#8219,1.);
#8219 = DIRECTION('',(0.,0.,1.));
#8220 = ORIENTED_EDGE('',*,*,#8221,.F.);
#8221 = EDGE_CURVE('',#8190,#8214,#8222,.T.);
#8222 = LINE('',#8223,#8224);
#8223 = CARTESIAN_POINT('',(-0.315270145251,-0.490270145251,1.11));
#8224 = VECTOR('',#8225,1.);
#8225 = DIRECTION('',(0.,1.,0.));
#8226 = PLANE('',#8227);
#8227 = AXIS2_PLACEMENT_3D('',#8228,#8229,#8230);
#8228 = CARTESIAN_POINT('',(-0.315270145251,-0.490270145251,1.09));
#8229 = DIRECTION('',(1.,0.,0.));
#8230 = DIRECTION('',(0.,0.,1.));
#8231 = ADVANCED_FACE('',(#8232),#8250,.T.);
#8232 = FACE_BOUND('',#8233,.T.);
#8233 = EDGE_LOOP('',(#8234,#8235,#8243,#8249));
#8234 = ORIENTED_EDGE('',*,*,#8061,.T.);
#8235 = ORIENTED_EDGE('',*,*,#8236,.T.);
#8236 = EDGE_CURVE('',#8054,#8237,#8239,.T.);
#8237 = VERTEX_POINT('',#8238);
#8238 = CARTESIAN_POINT('',(-0.715270145251,0.490270145251,1.11));
#8239 = LINE('',#8240,#8241);
#8240 = CARTESIAN_POINT('',(-0.715270145251,0.490270145251,1.09));
#8241 = VECTOR('',#8242,1.);
#8242 = DIRECTION('',(0.,0.,1.));
#8243 = ORIENTED_EDGE('',*,*,#8244,.T.);
#8244 = EDGE_CURVE('',#8237,#8214,#8245,.T.);
#8245 = LINE('',#8246,#8247);
#8246 = CARTESIAN_POINT('',(-0.715270145251,0.490270145251,1.11));
#8247 = VECTOR('',#8248,1.);
#8248 = DIRECTION('',(1.,0.,0.));
#8249 = ORIENTED_EDGE('',*,*,#8213,.F.);
#8250 = PLANE('',#8251);
#8251 = AXIS2_PLACEMENT_3D('',#8252,#8253,#8254);
#8252 = CARTESIAN_POINT('',(-0.715270145251,0.490270145251,1.09));
#8253 = DIRECTION('',(0.,1.,0.));
#8254 = DIRECTION('',(0.,-0.,1.));
#8255 = ADVANCED_FACE('',(#8256),#8267,.F.);
#8256 = FACE_BOUND('',#8257,.F.);
#8257 = EDGE_LOOP('',(#8258,#8259,#8260,#8261));
#8258 = ORIENTED_EDGE('',*,*,#8181,.F.);
#8259 = ORIENTED_EDGE('',*,*,#8053,.T.);
#8260 = ORIENTED_EDGE('',*,*,#8236,.T.);
#8261 = ORIENTED_EDGE('',*,*,#8262,.F.);
#8262 = EDGE_CURVE('',#8182,#8237,#8263,.T.);
#8263 = LINE('',#8264,#8265);
#8264 = CARTESIAN_POINT('',(-0.715270145251,-0.490270145251,1.11));
#8265 = VECTOR('',#8266,1.);
#8266 = DIRECTION('',(0.,1.,0.));
#8267 = PLANE('',#8268);
#8268 = AXIS2_PLACEMENT_3D('',#8269,#8270,#8271);
#8269 = CARTESIAN_POINT('',(-0.715270145251,-0.490270145251,1.09));
#8270 = DIRECTION('',(1.,0.,0.));
#8271 = DIRECTION('',(0.,0.,1.));
#8272 = ADVANCED_FACE('',(#8273),#8279,.T.);
#8273 = FACE_BOUND('',#8274,.T.);
#8274 = EDGE_LOOP('',(#8275,#8276,#8277,#8278));
#8275 = ORIENTED_EDGE('',*,*,#8262,.F.);
#8276 = ORIENTED_EDGE('',*,*,#8189,.T.);
#8277 = ORIENTED_EDGE('',*,*,#8221,.T.);
#8278 = ORIENTED_EDGE('',*,*,#8244,.F.);
#8279 = PLANE('',#8280);
#8280 = AXIS2_PLACEMENT_3D('',#8281,#8282,#8283);
#8281 = CARTESIAN_POINT('',(-0.715270145251,-0.490270145251,1.11));
#8282 = DIRECTION('',(0.,0.,1.));
#8283 = DIRECTION('',(1.,0.,-0.));
#8284 = ( GEOMETRIC_REPRESENTATION_CONTEXT(3) 
GLOBAL_UNCERTAINTY_ASSIGNED_CONTEXT((#8288)) 
GLOBAL_UNIT_ASSIGNED_CONTEXT((#8285,#8286,#8287)) REPRESENTATION_CONTEXT
('Context #1','3D Context with UNIT and UNCERTAINTY') );
#8285 = ( LENGTH_UNIT() NAMED_UNIT(*) SI_UNIT(.MILLI.,.METRE.) );
#8286 = ( NAMED_UNIT(*) PLANE_ANGLE_UNIT() SI_UNIT($,.RADIAN.) );
#8287 = ( NAMED_UNIT(*) SI_UNIT($,.STERADIAN.) SOLID_ANGLE_UNIT() );
#8288 = UNCERTAINTY_MEASURE_WITH_UNIT(LENGTH_MEASURE(1.E-07),#8285,
  'distance_accuracy_value','confusion accuracy');
#8289 = CONTEXT_DEPENDENT_SHAPE_REPRESENTATION(#8290,#8292);
#8290 = ( REPRESENTATION_RELATIONSHIP('','',#6595,#6572) 
REPRESENTATION_RELATIONSHIP_WITH_TRANSFORMATION(#8291) 
SHAPE_REPRESENTATION_RELATIONSHIP() );
#8291 = ITEM_DEFINED_TRANSFORMATION('','',#11,#6573);
#8292 = PRODUCT_DEFINITION_SHAPE('Placement','Placement of an item',
  #8293);
#8293 = NEXT_ASSEMBLY_USAGE_OCCURRENCE('19','=>[0:1:1:15]','',#6567,
  #6590,$);
#8294 = PRODUCT_RELATED_PRODUCT_CATEGORY('part',$,(#6592));
#8295 = SHAPE_DEFINITION_REPRESENTATION(#8296,#8302);
#8296 = PRODUCT_DEFINITION_SHAPE('','',#8297);
#8297 = PRODUCT_DEFINITION('design','',#8298,#8301);
#8298 = PRODUCT_DEFINITION_FORMATION('','',#8299);
#8299 = PRODUCT('MSOP-8-1EP_3x3mm_P0.65mm_EP1.68x1.88mm',
  'MSOP-8-1EP_3x3mm_P0.65mm_EP1.68x1.88mm','',(#8300));
#8300 = PRODUCT_CONTEXT('',#2,'mechanical');
#8301 = PRODUCT_DEFINITION_CONTEXT('part definition',#2,'design');
#8302 = SHAPE_REPRESENTATION('',(#11,#8303),#8307);
#8303 = AXIS2_PLACEMENT_3D('',#8304,#8305,#8306);
#8304 = CARTESIAN_POINT('',(0.,0.,0.));
#8305 = DIRECTION('',(0.,0.,1.));
#8306 = DIRECTION('',(1.,0.,-0.));
#8307 = ( GEOMETRIC_REPRESENTATION_CONTEXT(3) 
GLOBAL_UNCERTAINTY_ASSIGNED_CONTEXT((#8311)) 
GLOBAL_UNIT_ASSIGNED_CONTEXT((#8308,#8309,#8310)) REPRESENTATION_CONTEXT
('Context #1','3D Context with UNIT and UNCERTAINTY') );
#8308 = ( LENGTH_UNIT() NAMED_UNIT(*) SI_UNIT(.MILLI.,.METRE.) );
#8309 = ( NAMED_UNIT(*) PLANE_ANGLE_UNIT() SI_UNIT($,.RADIAN.) );
#8310 = ( NAMED_UNIT(*) SI_UNIT($,.STERADIAN.) SOLID_ANGLE_UNIT() );
#8311 = UNCERTAINTY_MEASURE_WITH_UNIT(LENGTH_MEASURE(1.E-07),#8308,
  'distance_accuracy_value','confusion accuracy');
#8312 = CONTEXT_DEPENDENT_SHAPE_REPRESENTATION(#8313,#8315);
#8313 = ( REPRESENTATION_RELATIONSHIP('','',#8302,#10) 
REPRESENTATION_RELATIONSHIP_WITH_TRANSFORMATION(#8314) 
SHAPE_REPRESENTATION_RELATIONSHIP() );
#8314 = ITEM_DEFINED_TRANSFORMATION('','',#11,#67);
#8315 = PRODUCT_DEFINITION_SHAPE('Placement','Placement of an item',
  #8316);
#8316 = NEXT_ASSEMBLY_USAGE_OCCURRENCE('22','U3','',#5,#8297,$);
#8317 = PRODUCT_RELATED_PRODUCT_CATEGORY('part',$,(#8299));
#8318 = SHAPE_DEFINITION_REPRESENTATION(#8319,#8325);
#8319 = PRODUCT_DEFINITION_SHAPE('','',#8320);
#8320 = PRODUCT_DEFINITION('design','',#8321,#8324);
#8321 = PRODUCT_DEFINITION_FORMATION('','',#8322);
#8322 = PRODUCT('MSOP-8-1EP_3x3mm_P0.65mm_EP1.68x1.88mm',
  'MSOP-8-1EP_3x3mm_P0.65mm_EP1.68x1.88mm','',(#8323));
#8323 = PRODUCT_CONTEXT('',#2,'mechanical');
#8324 = PRODUCT_DEFINITION_CONTEXT('part definition',#2,'design');
#8325 = ADVANCED_BREP_SHAPE_REPRESENTATION('',(#11,#8326),#12588);
#8326 = MANIFOLD_SOLID_BREP('',#8327);
#8327 = CLOSED_SHELL('',(#8328,#8430,#8495,#8518,#8548,#8579,#8610,#8641
    ,#8672,#8703,#8734,#8765,#8795,#8818,#8899,#8930,#8954,#8978,#8995,
    #9018,#9041,#9097,#9189,#9281,#9298,#9329,#9421,#9513,#9530,#9561,
    #9653,#9745,#9762,#9793,#9885,#9977,#9994,#10050,#10067,#10098,
    #10129,#10160,#10191,#10222,#10253,#10284,#10301,#10313,#10358,
    #10435,#10458,#10509,#10528,#10545,#10562,#10579,#10596,#10613,
    #10630,#10647,#10659,#10678,#10695,#10712,#10729,#10746,#10763,
    #10780,#10797,#10809,#10828,#10845,#10862,#10879,#10896,#10913,
    #10930,#10947,#10959,#10978,#10995,#11012,#11029,#11046,#11063,
    #11080,#11097,#11109,#11126,#11164,#11249,#11334,#11351,#11368,
    #11460,#11552,#11569,#11591,#11683,#11775,#11792,#11809,#11894,
    #11979,#11996,#12013,#12032,#12051,#12074,#12091,#12108,#12125,
    #12142,#12159,#12176,#12193,#12205,#12222,#12239,#12256,#12273,
    #12290,#12307,#12324,#12336,#12353,#12370,#12387,#12404,#12421,
    #12438,#12455,#12467,#12484,#12501,#12518,#12535,#12552,#12569,
    #12581));
#8328 = ADVANCED_FACE('',(#8329),#8425,.T.);
#8329 = FACE_BOUND('',#8330,.T.);
#8330 = EDGE_LOOP('',(#8331,#8341,#8348,#8356,#8364,#8372,#8380,#8388,
    #8396,#8404,#8412,#8420));
#8331 = ORIENTED_EDGE('',*,*,#8332,.T.);
#8332 = EDGE_CURVE('',#8333,#8335,#8337,.T.);
#8333 = VERTEX_POINT('',#8334);
#8334 = CARTESIAN_POINT('',(-1.427730769032,1.427730769032,0.1));
#8335 = VERTEX_POINT('',#8336);
#8336 = CARTESIAN_POINT('',(-1.427730769032,-1.427730769032,0.1));
#8337 = LINE('',#8338,#8339);
#8338 = CARTESIAN_POINT('',(-1.427730769032,1.427730769032,0.1));
#8339 = VECTOR('',#8340,1.);
#8340 = DIRECTION('',(1.110223024625E-16,-1.,0.));
#8341 = ORIENTED_EDGE('',*,*,#8342,.T.);
#8342 = EDGE_CURVE('',#8335,#8343,#8345,.T.);
#8343 = VERTEX_POINT('',#8344);
#8344 = CARTESIAN_POINT('',(-1.5,-1.5,0.44));
#8345 = B_SPLINE_CURVE_WITH_KNOTS('',1,(#8346,#8347),.UNSPECIFIED.,.F.,
  .F.,(2,2),(0.,1.),.PIECEWISE_BEZIER_KNOTS.);
#8346 = CARTESIAN_POINT('',(-1.427730769032,-1.427730769032,0.1));
#8347 = CARTESIAN_POINT('',(-1.5,-1.5,0.44));
#8348 = ORIENTED_EDGE('',*,*,#8349,.F.);
#8349 = EDGE_CURVE('',#8350,#8343,#8352,.T.);
#8350 = VERTEX_POINT('',#8351);
#8351 = CARTESIAN_POINT('',(-1.5,-1.125,0.44));
#8352 = LINE('',#8353,#8354);
#8353 = CARTESIAN_POINT('',(-1.5,1.5,0.44));
#8354 = VECTOR('',#8355,1.);
#8355 = DIRECTION('',(1.110223024625E-16,-1.,0.));
#8356 = ORIENTED_EDGE('',*,*,#8357,.F.);
#8357 = EDGE_CURVE('',#8358,#8350,#8360,.T.);
#8358 = VERTEX_POINT('',#8359);
#8359 = CARTESIAN_POINT('',(-1.5,-0.825,0.44));
#8360 = LINE('',#8361,#8362);
#8361 = CARTESIAN_POINT('',(-1.5,1.5,0.44));
#8362 = VECTOR('',#8363,1.);
#8363 = DIRECTION('',(1.110223024625E-16,-1.,0.));
#8364 = ORIENTED_EDGE('',*,*,#8365,.F.);
#8365 = EDGE_CURVE('',#8366,#8358,#8368,.T.);
#8366 = VERTEX_POINT('',#8367);
#8367 = CARTESIAN_POINT('',(-1.5,-0.475,0.44));
#8368 = LINE('',#8369,#8370);
#8369 = CARTESIAN_POINT('',(-1.5,1.5,0.44));
#8370 = VECTOR('',#8371,1.);
#8371 = DIRECTION('',(1.110223024625E-16,-1.,0.));
#8372 = ORIENTED_EDGE('',*,*,#8373,.F.);
#8373 = EDGE_CURVE('',#8374,#8366,#8376,.T.);
#8374 = VERTEX_POINT('',#8375);
#8375 = CARTESIAN_POINT('',(-1.5,-0.175,0.44));
#8376 = LINE('',#8377,#8378);
#8377 = CARTESIAN_POINT('',(-1.5,1.5,0.44));
#8378 = VECTOR('',#8379,1.);
#8379 = DIRECTION('',(1.110223024625E-16,-1.,0.));
#8380 = ORIENTED_EDGE('',*,*,#8381,.F.);
#8381 = EDGE_CURVE('',#8382,#8374,#8384,.T.);
#8382 = VERTEX_POINT('',#8383);
#8383 = CARTESIAN_POINT('',(-1.5,0.175,0.44));
#8384 = LINE('',#8385,#8386);
#8385 = CARTESIAN_POINT('',(-1.5,1.5,0.44));
#8386 = VECTOR('',#8387,1.);
#8387 = DIRECTION('',(1.110223024625E-16,-1.,0.));
#8388 = ORIENTED_EDGE('',*,*,#8389,.F.);
#8389 = EDGE_CURVE('',#8390,#8382,#8392,.T.);
#8390 = VERTEX_POINT('',#8391);
#8391 = CARTESIAN_POINT('',(-1.5,0.475,0.44));
#8392 = LINE('',#8393,#8394);
#8393 = CARTESIAN_POINT('',(-1.5,1.5,0.44));
#8394 = VECTOR('',#8395,1.);
#8395 = DIRECTION('',(1.110223024625E-16,-1.,0.));
#8396 = ORIENTED_EDGE('',*,*,#8397,.F.);
#8397 = EDGE_CURVE('',#8398,#8390,#8400,.T.);
#8398 = VERTEX_POINT('',#8399);
#8399 = CARTESIAN_POINT('',(-1.5,0.825,0.44));
#8400 = LINE('',#8401,#8402);
#8401 = CARTESIAN_POINT('',(-1.5,1.5,0.44));
#8402 = VECTOR('',#8403,1.);
#8403 = DIRECTION('',(1.110223024625E-16,-1.,0.));
#8404 = ORIENTED_EDGE('',*,*,#8405,.F.);
#8405 = EDGE_CURVE('',#8406,#8398,#8408,.T.);
#8406 = VERTEX_POINT('',#8407);
#8407 = CARTESIAN_POINT('',(-1.5,1.125,0.44));
#8408 = LINE('',#8409,#8410);
#8409 = CARTESIAN_POINT('',(-1.5,1.5,0.44));
#8410 = VECTOR('',#8411,1.);
#8411 = DIRECTION('',(1.110223024625E-16,-1.,0.));
#8412 = ORIENTED_EDGE('',*,*,#8413,.F.);
#8413 = EDGE_CURVE('',#8414,#8406,#8416,.T.);
#8414 = VERTEX_POINT('',#8415);
#8415 = CARTESIAN_POINT('',(-1.5,1.5,0.44));
#8416 = LINE('',#8417,#8418);
#8417 = CARTESIAN_POINT('',(-1.5,1.5,0.44));
#8418 = VECTOR('',#8419,1.);
#8419 = DIRECTION('',(1.110223024625E-16,-1.,0.));
#8420 = ORIENTED_EDGE('',*,*,#8421,.F.);
#8421 = EDGE_CURVE('',#8333,#8414,#8422,.T.);
#8422 = B_SPLINE_CURVE_WITH_KNOTS('',1,(#8423,#8424),.UNSPECIFIED.,.F.,
  .F.,(2,2),(0.,1.),.PIECEWISE_BEZIER_KNOTS.);
#8423 = CARTESIAN_POINT('',(-1.427730769032,1.427730769032,0.1));
#8424 = CARTESIAN_POINT('',(-1.5,1.5,0.44));
#8425 = B_SPLINE_SURFACE_WITH_KNOTS('',1,1,(
    (#8426,#8427)
    ,(#8428,#8429
    )),.UNSPECIFIED.,.F.,.F.,.F.,(2,2),(2,2),(0.,3.),(0.,1.),
  .PIECEWISE_BEZIER_KNOTS.);
#8426 = CARTESIAN_POINT('',(-1.427730769032,1.427730769032,0.1));
#8427 = CARTESIAN_POINT('',(-1.5,1.5,0.44));
#8428 = CARTESIAN_POINT('',(-1.427730769032,-1.427730769032,0.1));
#8429 = CARTESIAN_POINT('',(-1.5,-1.5,0.44));
#8430 = ADVANCED_FACE('',(#8431,#8456),#8490,.T.);
#8431 = FACE_BOUND('',#8432,.T.);
#8432 = EDGE_LOOP('',(#8433,#8434,#8442,#8450));
#8433 = ORIENTED_EDGE('',*,*,#8332,.F.);
#8434 = ORIENTED_EDGE('',*,*,#8435,.F.);
#8435 = EDGE_CURVE('',#8436,#8333,#8438,.T.);
#8436 = VERTEX_POINT('',#8437);
#8437 = CARTESIAN_POINT('',(1.427730769032,1.427730769032,0.1));
#8438 = LINE('',#8439,#8440);
#8439 = CARTESIAN_POINT('',(1.427730769032,1.427730769032,0.1));
#8440 = VECTOR('',#8441,1.);
#8441 = DIRECTION('',(-1.,-1.110223024625E-16,0.));
#8442 = ORIENTED_EDGE('',*,*,#8443,.F.);
#8443 = EDGE_CURVE('',#8444,#8436,#8446,.T.);
#8444 = VERTEX_POINT('',#8445);
#8445 = CARTESIAN_POINT('',(1.427730769032,-1.427730769032,0.1));
#8446 = LINE('',#8447,#8448);
#8447 = CARTESIAN_POINT('',(1.427730769032,-1.427730769032,0.1));
#8448 = VECTOR('',#8449,1.);
#8449 = DIRECTION('',(-1.110223024625E-16,1.,0.));
#8450 = ORIENTED_EDGE('',*,*,#8451,.F.);
#8451 = EDGE_CURVE('',#8335,#8444,#8452,.T.);
#8452 = LINE('',#8453,#8454);
#8453 = CARTESIAN_POINT('',(-1.427730769032,-1.427730769032,0.1));
#8454 = VECTOR('',#8455,1.);
#8455 = DIRECTION('',(1.,1.110223024625E-16,0.));
#8456 = FACE_BOUND('',#8457,.T.);
#8457 = EDGE_LOOP('',(#8458,#8468,#8476,#8484));
#8458 = ORIENTED_EDGE('',*,*,#8459,.F.);
#8459 = EDGE_CURVE('',#8460,#8462,#8464,.T.);
#8460 = VERTEX_POINT('',#8461);
#8461 = CARTESIAN_POINT('',(0.84,0.94,0.1));
#8462 = VERTEX_POINT('',#8463);
#8463 = CARTESIAN_POINT('',(0.84,-0.94,0.1));
#8464 = LINE('',#8465,#8466);
#8465 = CARTESIAN_POINT('',(0.84,0.94,0.1));
#8466 = VECTOR('',#8467,1.);
#8467 = DIRECTION('',(1.110223024625E-16,-1.,0.));
#8468 = ORIENTED_EDGE('',*,*,#8469,.F.);
#8469 = EDGE_CURVE('',#8470,#8460,#8472,.T.);
#8470 = VERTEX_POINT('',#8471);
#8471 = CARTESIAN_POINT('',(-0.84,0.94,0.1));
#8472 = LINE('',#8473,#8474);
#8473 = CARTESIAN_POINT('',(-0.84,0.94,0.1));
#8474 = VECTOR('',#8475,1.);
#8475 = DIRECTION('',(1.,1.110223024625E-16,0.));
#8476 = ORIENTED_EDGE('',*,*,#8477,.T.);
#8477 = EDGE_CURVE('',#8470,#8478,#8480,.T.);
#8478 = VERTEX_POINT('',#8479);
#8479 = CARTESIAN_POINT('',(-0.84,-0.94,0.1));
#8480 = LINE('',#8481,#8482);
#8481 = CARTESIAN_POINT('',(-0.84,0.94,0.1));
#8482 = VECTOR('',#8483,1.);
#8483 = DIRECTION('',(1.110223024625E-16,-1.,0.));
#8484 = ORIENTED_EDGE('',*,*,#8485,.T.);
#8485 = EDGE_CURVE('',#8478,#8462,#8486,.T.);
#8486 = LINE('',#8487,#8488);
#8487 = CARTESIAN_POINT('',(-0.84,-0.94,0.1));
#8488 = VECTOR('',#8489,1.);
#8489 = DIRECTION('',(1.,1.110223024625E-16,0.));
#8490 = PLANE('',#8491);
#8491 = AXIS2_PLACEMENT_3D('',#8492,#8493,#8494);
#8492 = CARTESIAN_POINT('',(-1.427730769032,1.427730769032,0.1));
#8493 = DIRECTION('',(0.,0.,-1.));
#8494 = DIRECTION('',(0.707106781187,-0.707106781187,0.));
#8495 = ADVANCED_FACE('',(#8496),#8513,.T.);
#8496 = FACE_BOUND('',#8497,.T.);
#8497 = EDGE_LOOP('',(#8498,#8499,#8506,#8512));
#8498 = ORIENTED_EDGE('',*,*,#8451,.T.);
#8499 = ORIENTED_EDGE('',*,*,#8500,.T.);
#8500 = EDGE_CURVE('',#8444,#8501,#8503,.T.);
#8501 = VERTEX_POINT('',#8502);
#8502 = CARTESIAN_POINT('',(1.5,-1.5,0.44));
#8503 = B_SPLINE_CURVE_WITH_KNOTS('',1,(#8504,#8505),.UNSPECIFIED.,.F.,
  .F.,(2,2),(0.,1.),.PIECEWISE_BEZIER_KNOTS.);
#8504 = CARTESIAN_POINT('',(1.427730769032,-1.427730769032,0.1));
#8505 = CARTESIAN_POINT('',(1.5,-1.5,0.44));
#8506 = ORIENTED_EDGE('',*,*,#8507,.F.);
#8507 = EDGE_CURVE('',#8343,#8501,#8508,.T.);
#8508 = LINE('',#8509,#8510);
#8509 = CARTESIAN_POINT('',(-1.5,-1.5,0.44));
#8510 = VECTOR('',#8511,1.);
#8511 = DIRECTION('',(1.,1.110223024625E-16,0.));
#8512 = ORIENTED_EDGE('',*,*,#8342,.F.);
#8513 = B_SPLINE_SURFACE_WITH_KNOTS('',1,1,(
    (#8514,#8515)
    ,(#8516,#8517
    )),.UNSPECIFIED.,.F.,.F.,.F.,(2,2),(2,2),(0.,3.),(0.,1.),
  .PIECEWISE_BEZIER_KNOTS.);
#8514 = CARTESIAN_POINT('',(-1.427730769032,-1.427730769032,0.1));
#8515 = CARTESIAN_POINT('',(-1.5,-1.5,0.44));
#8516 = CARTESIAN_POINT('',(1.427730769032,-1.427730769032,0.1));
#8517 = CARTESIAN_POINT('',(1.5,-1.5,0.44));
#8518 = ADVANCED_FACE('',(#8519),#8543,.T.);
#8519 = FACE_BOUND('',#8520,.T.);
#8520 = EDGE_LOOP('',(#8521,#8528,#8529,#8537));
#8521 = ORIENTED_EDGE('',*,*,#8522,.F.);
#8522 = EDGE_CURVE('',#8414,#8523,#8525,.T.);
#8523 = VERTEX_POINT('',#8524);
#8524 = CARTESIAN_POINT('',(-1.5,1.5,0.62));
#8525 = B_SPLINE_CURVE_WITH_KNOTS('',1,(#8526,#8527),.UNSPECIFIED.,.F.,
  .F.,(2,2),(0.,1.),.PIECEWISE_BEZIER_KNOTS.);
#8526 = CARTESIAN_POINT('',(-1.5,1.5,0.44));
#8527 = CARTESIAN_POINT('',(-1.5,1.5,0.62));
#8528 = ORIENTED_EDGE('',*,*,#8413,.T.);
#8529 = ORIENTED_EDGE('',*,*,#8530,.F.);
#8530 = EDGE_CURVE('',#8531,#8406,#8533,.T.);
#8531 = VERTEX_POINT('',#8532);
#8532 = CARTESIAN_POINT('',(-1.5,1.125,0.62));
#8533 = LINE('',#8534,#8535);
#8534 = CARTESIAN_POINT('',(-1.5,1.125,0.449737552815));
#8535 = VECTOR('',#8536,1.);
#8536 = DIRECTION('',(0.,0.,-1.));
#8537 = ORIENTED_EDGE('',*,*,#8538,.F.);
#8538 = EDGE_CURVE('',#8523,#8531,#8539,.T.);
#8539 = LINE('',#8540,#8541);
#8540 = CARTESIAN_POINT('',(-1.5,1.5,0.62));
#8541 = VECTOR('',#8542,1.);
#8542 = DIRECTION('',(1.110223024625E-16,-1.,0.));
#8543 = PLANE('',#8544);
#8544 = AXIS2_PLACEMENT_3D('',#8545,#8546,#8547);
#8545 = CARTESIAN_POINT('',(-1.5,1.5,0.62));
#8546 = DIRECTION('',(-1.,-1.110223024625E-16,0.));
#8547 = DIRECTION('',(1.110223024625E-16,-1.,0.));
#8548 = ADVANCED_FACE('',(#8549),#8574,.F.);
#8549 = FACE_BOUND('',#8550,.F.);
#8550 = EDGE_LOOP('',(#8551,#8559,#8560,#8568));
#8551 = ORIENTED_EDGE('',*,*,#8552,.F.);
#8552 = EDGE_CURVE('',#8398,#8553,#8555,.T.);
#8553 = VERTEX_POINT('',#8554);
#8554 = CARTESIAN_POINT('',(-1.721787683087,0.825,0.44));
#8555 = LINE('',#8556,#8557);
#8556 = CARTESIAN_POINT('',(-1.499,0.825,0.44));
#8557 = VECTOR('',#8558,1.);
#8558 = DIRECTION('',(-1.,1.144237745222E-17,0.));
#8559 = ORIENTED_EDGE('',*,*,#8405,.F.);
#8560 = ORIENTED_EDGE('',*,*,#8561,.T.);
#8561 = EDGE_CURVE('',#8406,#8562,#8564,.T.);
#8562 = VERTEX_POINT('',#8563);
#8563 = CARTESIAN_POINT('',(-1.721787683087,1.125,0.44));
#8564 = LINE('',#8565,#8566);
#8565 = CARTESIAN_POINT('',(-1.499,1.125,0.44));
#8566 = VECTOR('',#8567,1.);
#8567 = DIRECTION('',(-1.,1.144237745222E-17,0.));
#8568 = ORIENTED_EDGE('',*,*,#8569,.F.);
#8569 = EDGE_CURVE('',#8553,#8562,#8570,.T.);
#8570 = LINE('',#8571,#8572);
#8571 = CARTESIAN_POINT('',(-1.721787683087,0.825,0.44));
#8572 = VECTOR('',#8573,1.);
#8573 = DIRECTION('',(1.144237745222E-17,1.,0.));
#8574 = PLANE('',#8575);
#8575 = AXIS2_PLACEMENT_3D('',#8576,#8577,#8578);
#8576 = CARTESIAN_POINT('',(-1.499,0.825,0.44));
#8577 = DIRECTION('',(0.,0.,1.));
#8578 = DIRECTION('',(-1.,1.144237745222E-17,0.));
#8579 = ADVANCED_FACE('',(#8580),#8605,.T.);
#8580 = FACE_BOUND('',#8581,.T.);
#8581 = EDGE_LOOP('',(#8582,#8590,#8591,#8599));
#8582 = ORIENTED_EDGE('',*,*,#8583,.T.);
#8583 = EDGE_CURVE('',#8584,#8398,#8586,.T.);
#8584 = VERTEX_POINT('',#8585);
#8585 = CARTESIAN_POINT('',(-1.5,0.825,0.62));
#8586 = LINE('',#8587,#8588);
#8587 = CARTESIAN_POINT('',(-1.5,0.825,0.449737552815));
#8588 = VECTOR('',#8589,1.);
#8589 = DIRECTION('',(0.,0.,-1.));
#8590 = ORIENTED_EDGE('',*,*,#8397,.T.);
#8591 = ORIENTED_EDGE('',*,*,#8592,.F.);
#8592 = EDGE_CURVE('',#8593,#8390,#8595,.T.);
#8593 = VERTEX_POINT('',#8594);
#8594 = CARTESIAN_POINT('',(-1.5,0.475,0.62));
#8595 = LINE('',#8596,#8597);
#8596 = CARTESIAN_POINT('',(-1.5,0.475,0.449737552815));
#8597 = VECTOR('',#8598,1.);
#8598 = DIRECTION('',(0.,0.,-1.));
#8599 = ORIENTED_EDGE('',*,*,#8600,.F.);
#8600 = EDGE_CURVE('',#8584,#8593,#8601,.T.);
#8601 = LINE('',#8602,#8603);
#8602 = CARTESIAN_POINT('',(-1.5,1.5,0.62));
#8603 = VECTOR('',#8604,1.);
#8604 = DIRECTION('',(1.110223024625E-16,-1.,0.));
#8605 = PLANE('',#8606);
#8606 = AXIS2_PLACEMENT_3D('',#8607,#8608,#8609);
#8607 = CARTESIAN_POINT('',(-1.5,1.5,0.62));
#8608 = DIRECTION('',(-1.,-1.110223024625E-16,0.));
#8609 = DIRECTION('',(1.110223024625E-16,-1.,0.));
#8610 = ADVANCED_FACE('',(#8611),#8636,.F.);
#8611 = FACE_BOUND('',#8612,.F.);
#8612 = EDGE_LOOP('',(#8613,#8621,#8622,#8630));
#8613 = ORIENTED_EDGE('',*,*,#8614,.F.);
#8614 = EDGE_CURVE('',#8382,#8615,#8617,.T.);
#8615 = VERTEX_POINT('',#8616);
#8616 = CARTESIAN_POINT('',(-1.721787683087,0.175,0.44));
#8617 = LINE('',#8618,#8619);
#8618 = CARTESIAN_POINT('',(-1.499,0.175,0.44));
#8619 = VECTOR('',#8620,1.);
#8620 = DIRECTION('',(-1.,1.144237745222E-17,0.));
#8621 = ORIENTED_EDGE('',*,*,#8389,.F.);
#8622 = ORIENTED_EDGE('',*,*,#8623,.T.);
#8623 = EDGE_CURVE('',#8390,#8624,#8626,.T.);
#8624 = VERTEX_POINT('',#8625);
#8625 = CARTESIAN_POINT('',(-1.721787683087,0.475,0.44));
#8626 = LINE('',#8627,#8628);
#8627 = CARTESIAN_POINT('',(-1.499,0.475,0.44));
#8628 = VECTOR('',#8629,1.);
#8629 = DIRECTION('',(-1.,1.144237745222E-17,0.));
#8630 = ORIENTED_EDGE('',*,*,#8631,.F.);
#8631 = EDGE_CURVE('',#8615,#8624,#8632,.T.);
#8632 = LINE('',#8633,#8634);
#8633 = CARTESIAN_POINT('',(-1.721787683087,0.175,0.44));
#8634 = VECTOR('',#8635,1.);
#8635 = DIRECTION('',(1.144237745222E-17,1.,0.));
#8636 = PLANE('',#8637);
#8637 = AXIS2_PLACEMENT_3D('',#8638,#8639,#8640);
#8638 = CARTESIAN_POINT('',(-1.499,0.175,0.44));
#8639 = DIRECTION('',(0.,0.,1.));
#8640 = DIRECTION('',(-1.,1.144237745222E-17,0.));
#8641 = ADVANCED_FACE('',(#8642),#8667,.T.);
#8642 = FACE_BOUND('',#8643,.T.);
#8643 = EDGE_LOOP('',(#8644,#8652,#8653,#8661));
#8644 = ORIENTED_EDGE('',*,*,#8645,.T.);
#8645 = EDGE_CURVE('',#8646,#8382,#8648,.T.);
#8646 = VERTEX_POINT('',#8647);
#8647 = CARTESIAN_POINT('',(-1.5,0.175,0.62));
#8648 = LINE('',#8649,#8650);
#8649 = CARTESIAN_POINT('',(-1.5,0.175,0.449737552815));
#8650 = VECTOR('',#8651,1.);
#8651 = DIRECTION('',(0.,0.,-1.));
#8652 = ORIENTED_EDGE('',*,*,#8381,.T.);
#8653 = ORIENTED_EDGE('',*,*,#8654,.F.);
#8654 = EDGE_CURVE('',#8655,#8374,#8657,.T.);
#8655 = VERTEX_POINT('',#8656);
#8656 = CARTESIAN_POINT('',(-1.5,-0.175,0.62));
#8657 = LINE('',#8658,#8659);
#8658 = CARTESIAN_POINT('',(-1.5,-0.175,0.449737552815));
#8659 = VECTOR('',#8660,1.);
#8660 = DIRECTION('',(0.,0.,-1.));
#8661 = ORIENTED_EDGE('',*,*,#8662,.F.);
#8662 = EDGE_CURVE('',#8646,#8655,#8663,.T.);
#8663 = LINE('',#8664,#8665);
#8664 = CARTESIAN_POINT('',(-1.5,1.5,0.62));
#8665 = VECTOR('',#8666,1.);
#8666 = DIRECTION('',(1.110223024625E-16,-1.,0.));
#8667 = PLANE('',#8668);
#8668 = AXIS2_PLACEMENT_3D('',#8669,#8670,#8671);
#8669 = CARTESIAN_POINT('',(-1.5,1.5,0.62));
#8670 = DIRECTION('',(-1.,-1.110223024625E-16,0.));
#8671 = DIRECTION('',(1.110223024625E-16,-1.,0.));
#8672 = ADVANCED_FACE('',(#8673),#8698,.F.);
#8673 = FACE_BOUND('',#8674,.F.);
#8674 = EDGE_LOOP('',(#8675,#8683,#8684,#8692));
#8675 = ORIENTED_EDGE('',*,*,#8676,.F.);
#8676 = EDGE_CURVE('',#8366,#8677,#8679,.T.);
#8677 = VERTEX_POINT('',#8678);
#8678 = CARTESIAN_POINT('',(-1.721787683087,-0.475,0.44));
#8679 = LINE('',#8680,#8681);
#8680 = CARTESIAN_POINT('',(-1.499,-0.475,0.44));
#8681 = VECTOR('',#8682,1.);
#8682 = DIRECTION('',(-1.,1.144237745222E-17,0.));
#8683 = ORIENTED_EDGE('',*,*,#8373,.F.);
#8684 = ORIENTED_EDGE('',*,*,#8685,.T.);
#8685 = EDGE_CURVE('',#8374,#8686,#8688,.T.);
#8686 = VERTEX_POINT('',#8687);
#8687 = CARTESIAN_POINT('',(-1.721787683087,-0.175,0.44));
#8688 = LINE('',#8689,#8690);
#8689 = CARTESIAN_POINT('',(-1.499,-0.175,0.44));
#8690 = VECTOR('',#8691,1.);
#8691 = DIRECTION('',(-1.,1.144237745222E-17,0.));
#8692 = ORIENTED_EDGE('',*,*,#8693,.F.);
#8693 = EDGE_CURVE('',#8677,#8686,#8694,.T.);
#8694 = LINE('',#8695,#8696);
#8695 = CARTESIAN_POINT('',(-1.721787683087,-0.475,0.44));
#8696 = VECTOR('',#8697,1.);
#8697 = DIRECTION('',(1.144237745222E-17,1.,0.));
#8698 = PLANE('',#8699);
#8699 = AXIS2_PLACEMENT_3D('',#8700,#8701,#8702);
#8700 = CARTESIAN_POINT('',(-1.499,-0.475,0.44));
#8701 = DIRECTION('',(0.,0.,1.));
#8702 = DIRECTION('',(-1.,1.144237745222E-17,0.));
#8703 = ADVANCED_FACE('',(#8704),#8729,.T.);
#8704 = FACE_BOUND('',#8705,.T.);
#8705 = EDGE_LOOP('',(#8706,#8714,#8715,#8723));
#8706 = ORIENTED_EDGE('',*,*,#8707,.T.);
#8707 = EDGE_CURVE('',#8708,#8366,#8710,.T.);
#8708 = VERTEX_POINT('',#8709);
#8709 = CARTESIAN_POINT('',(-1.5,-0.475,0.62));
#8710 = LINE('',#8711,#8712);
#8711 = CARTESIAN_POINT('',(-1.5,-0.475,0.449737552815));
#8712 = VECTOR('',#8713,1.);
#8713 = DIRECTION('',(0.,0.,-1.));
#8714 = ORIENTED_EDGE('',*,*,#8365,.T.);
#8715 = ORIENTED_EDGE('',*,*,#8716,.F.);
#8716 = EDGE_CURVE('',#8717,#8358,#8719,.T.);
#8717 = VERTEX_POINT('',#8718);
#8718 = CARTESIAN_POINT('',(-1.5,-0.825,0.62));
#8719 = LINE('',#8720,#8721);
#8720 = CARTESIAN_POINT('',(-1.5,-0.825,0.449737552815));
#8721 = VECTOR('',#8722,1.);
#8722 = DIRECTION('',(0.,0.,-1.));
#8723 = ORIENTED_EDGE('',*,*,#8724,.F.);
#8724 = EDGE_CURVE('',#8708,#8717,#8725,.T.);
#8725 = LINE('',#8726,#8727);
#8726 = CARTESIAN_POINT('',(-1.5,1.5,0.62));
#8727 = VECTOR('',#8728,1.);
#8728 = DIRECTION('',(1.110223024625E-16,-1.,0.));
#8729 = PLANE('',#8730);
#8730 = AXIS2_PLACEMENT_3D('',#8731,#8732,#8733);
#8731 = CARTESIAN_POINT('',(-1.5,1.5,0.62));
#8732 = DIRECTION('',(-1.,-1.110223024625E-16,0.));
#8733 = DIRECTION('',(1.110223024625E-16,-1.,0.));
#8734 = ADVANCED_FACE('',(#8735),#8760,.F.);
#8735 = FACE_BOUND('',#8736,.F.);
#8736 = EDGE_LOOP('',(#8737,#8745,#8746,#8754));
#8737 = ORIENTED_EDGE('',*,*,#8738,.F.);
#8738 = EDGE_CURVE('',#8350,#8739,#8741,.T.);
#8739 = VERTEX_POINT('',#8740);
#8740 = CARTESIAN_POINT('',(-1.721787683087,-1.125,0.44));
#8741 = LINE('',#8742,#8743);
#8742 = CARTESIAN_POINT('',(-1.499,-1.125,0.44));
#8743 = VECTOR('',#8744,1.);
#8744 = DIRECTION('',(-1.,1.144237745222E-17,0.));
#8745 = ORIENTED_EDGE('',*,*,#8357,.F.);
#8746 = ORIENTED_EDGE('',*,*,#8747,.T.);
#8747 = EDGE_CURVE('',#8358,#8748,#8750,.T.);
#8748 = VERTEX_POINT('',#8749);
#8749 = CARTESIAN_POINT('',(-1.721787683087,-0.825,0.44));
#8750 = LINE('',#8751,#8752);
#8751 = CARTESIAN_POINT('',(-1.499,-0.825,0.44));
#8752 = VECTOR('',#8753,1.);
#8753 = DIRECTION('',(-1.,1.144237745222E-17,0.));
#8754 = ORIENTED_EDGE('',*,*,#8755,.F.);
#8755 = EDGE_CURVE('',#8739,#8748,#8756,.T.);
#8756 = LINE('',#8757,#8758);
#8757 = CARTESIAN_POINT('',(-1.721787683087,-1.125,0.44));
#8758 = VECTOR('',#8759,1.);
#8759 = DIRECTION('',(1.144237745222E-17,1.,0.));
#8760 = PLANE('',#8761);
#8761 = AXIS2_PLACEMENT_3D('',#8762,#8763,#8764);
#8762 = CARTESIAN_POINT('',(-1.499,-1.125,0.44));
#8763 = DIRECTION('',(0.,0.,1.));
#8764 = DIRECTION('',(-1.,1.144237745222E-17,0.));
#8765 = ADVANCED_FACE('',(#8766),#8790,.T.);
#8766 = FACE_BOUND('',#8767,.T.);
#8767 = EDGE_LOOP('',(#8768,#8776,#8777,#8784));
#8768 = ORIENTED_EDGE('',*,*,#8769,.T.);
#8769 = EDGE_CURVE('',#8770,#8350,#8772,.T.);
#8770 = VERTEX_POINT('',#8771);
#8771 = CARTESIAN_POINT('',(-1.5,-1.125,0.62));
#8772 = LINE('',#8773,#8774);
#8773 = CARTESIAN_POINT('',(-1.5,-1.125,0.449737552815));
#8774 = VECTOR('',#8775,1.);
#8775 = DIRECTION('',(0.,0.,-1.));
#8776 = ORIENTED_EDGE('',*,*,#8349,.T.);
#8777 = ORIENTED_EDGE('',*,*,#8778,.T.);
#8778 = EDGE_CURVE('',#8343,#8779,#8781,.T.);
#8779 = VERTEX_POINT('',#8780);
#8780 = CARTESIAN_POINT('',(-1.5,-1.5,0.62));
#8781 = B_SPLINE_CURVE_WITH_KNOTS('',1,(#8782,#8783),.UNSPECIFIED.,.F.,
  .F.,(2,2),(0.,1.),.PIECEWISE_BEZIER_KNOTS.);
#8782 = CARTESIAN_POINT('',(-1.5,-1.5,0.44));
#8783 = CARTESIAN_POINT('',(-1.5,-1.5,0.62));
#8784 = ORIENTED_EDGE('',*,*,#8785,.F.);
#8785 = EDGE_CURVE('',#8770,#8779,#8786,.T.);
#8786 = LINE('',#8787,#8788);
#8787 = CARTESIAN_POINT('',(-1.5,1.5,0.62));
#8788 = VECTOR('',#8789,1.);
#8789 = DIRECTION('',(1.110223024625E-16,-1.,0.));
#8790 = PLANE('',#8791);
#8791 = AXIS2_PLACEMENT_3D('',#8792,#8793,#8794);
#8792 = CARTESIAN_POINT('',(-1.5,1.5,0.62));
#8793 = DIRECTION('',(-1.,-1.110223024625E-16,0.));
#8794 = DIRECTION('',(1.110223024625E-16,-1.,0.));
#8795 = ADVANCED_FACE('',(#8796),#8813,.T.);
#8796 = FACE_BOUND('',#8797,.T.);
#8797 = EDGE_LOOP('',(#8798,#8799,#8800,#8808));
#8798 = ORIENTED_EDGE('',*,*,#8435,.T.);
#8799 = ORIENTED_EDGE('',*,*,#8421,.T.);
#8800 = ORIENTED_EDGE('',*,*,#8801,.F.);
#8801 = EDGE_CURVE('',#8802,#8414,#8804,.T.);
#8802 = VERTEX_POINT('',#8803);
#8803 = CARTESIAN_POINT('',(1.5,1.5,0.44));
#8804 = LINE('',#8805,#8806);
#8805 = CARTESIAN_POINT('',(1.5,1.5,0.44));
#8806 = VECTOR('',#8807,1.);
#8807 = DIRECTION('',(-1.,-1.110223024625E-16,0.));
#8808 = ORIENTED_EDGE('',*,*,#8809,.F.);
#8809 = EDGE_CURVE('',#8436,#8802,#8810,.T.);
#8810 = B_SPLINE_CURVE_WITH_KNOTS('',1,(#8811,#8812),.UNSPECIFIED.,.F.,
  .F.,(2,2),(0.,1.),.PIECEWISE_BEZIER_KNOTS.);
#8811 = CARTESIAN_POINT('',(1.427730769032,1.427730769032,0.1));
#8812 = CARTESIAN_POINT('',(1.5,1.5,0.44));
#8813 = B_SPLINE_SURFACE_WITH_KNOTS('',1,1,(
    (#8814,#8815)
    ,(#8816,#8817
    )),.UNSPECIFIED.,.F.,.F.,.F.,(2,2),(2,2),(0.,3.),(0.,1.),
  .PIECEWISE_BEZIER_KNOTS.);
#8814 = CARTESIAN_POINT('',(1.427730769032,1.427730769032,0.1));
#8815 = CARTESIAN_POINT('',(1.5,1.5,0.44));
#8816 = CARTESIAN_POINT('',(-1.427730769032,1.427730769032,0.1));
#8817 = CARTESIAN_POINT('',(-1.5,1.5,0.44));
#8818 = ADVANCED_FACE('',(#8819),#8894,.T.);
#8819 = FACE_BOUND('',#8820,.T.);
#8820 = EDGE_LOOP('',(#8821,#8822,#8823,#8831,#8839,#8847,#8855,#8863,
    #8871,#8879,#8887,#8893));
#8821 = ORIENTED_EDGE('',*,*,#8443,.T.);
#8822 = ORIENTED_EDGE('',*,*,#8809,.T.);
#8823 = ORIENTED_EDGE('',*,*,#8824,.F.);
#8824 = EDGE_CURVE('',#8825,#8802,#8827,.T.);
#8825 = VERTEX_POINT('',#8826);
#8826 = CARTESIAN_POINT('',(1.5,1.125,0.44));
#8827 = LINE('',#8828,#8829);
#8828 = CARTESIAN_POINT('',(1.5,-1.5,0.44));
#8829 = VECTOR('',#8830,1.);
#8830 = DIRECTION('',(-1.110223024625E-16,1.,0.));
#8831 = ORIENTED_EDGE('',*,*,#8832,.F.);
#8832 = EDGE_CURVE('',#8833,#8825,#8835,.T.);
#8833 = VERTEX_POINT('',#8834);
#8834 = CARTESIAN_POINT('',(1.5,0.825,0.44));
#8835 = LINE('',#8836,#8837);
#8836 = CARTESIAN_POINT('',(1.5,-1.5,0.44));
#8837 = VECTOR('',#8838,1.);
#8838 = DIRECTION('',(-1.110223024625E-16,1.,0.));
#8839 = ORIENTED_EDGE('',*,*,#8840,.F.);
#8840 = EDGE_CURVE('',#8841,#8833,#8843,.T.);
#8841 = VERTEX_POINT('',#8842);
#8842 = CARTESIAN_POINT('',(1.5,0.475,0.44));
#8843 = LINE('',#8844,#8845);
#8844 = CARTESIAN_POINT('',(1.5,-1.5,0.44));
#8845 = VECTOR('',#8846,1.);
#8846 = DIRECTION('',(-1.110223024625E-16,1.,0.));
#8847 = ORIENTED_EDGE('',*,*,#8848,.F.);
#8848 = EDGE_CURVE('',#8849,#8841,#8851,.T.);
#8849 = VERTEX_POINT('',#8850);
#8850 = CARTESIAN_POINT('',(1.5,0.175,0.44));
#8851 = LINE('',#8852,#8853);
#8852 = CARTESIAN_POINT('',(1.5,-1.5,0.44));
#8853 = VECTOR('',#8854,1.);
#8854 = DIRECTION('',(-1.110223024625E-16,1.,0.));
#8855 = ORIENTED_EDGE('',*,*,#8856,.F.);
#8856 = EDGE_CURVE('',#8857,#8849,#8859,.T.);
#8857 = VERTEX_POINT('',#8858);
#8858 = CARTESIAN_POINT('',(1.5,-0.175,0.44));
#8859 = LINE('',#8860,#8861);
#8860 = CARTESIAN_POINT('',(1.5,-1.5,0.44));
#8861 = VECTOR('',#8862,1.);
#8862 = DIRECTION('',(-1.110223024625E-16,1.,0.));
#8863 = ORIENTED_EDGE('',*,*,#8864,.F.);
#8864 = EDGE_CURVE('',#8865,#8857,#8867,.T.);
#8865 = VERTEX_POINT('',#8866);
#8866 = CARTESIAN_POINT('',(1.5,-0.475,0.44));
#8867 = LINE('',#8868,#8869);
#8868 = CARTESIAN_POINT('',(1.5,-1.5,0.44));
#8869 = VECTOR('',#8870,1.);
#8870 = DIRECTION('',(-1.110223024625E-16,1.,0.));
#8871 = ORIENTED_EDGE('',*,*,#8872,.F.);
#8872 = EDGE_CURVE('',#8873,#8865,#8875,.T.);
#8873 = VERTEX_POINT('',#8874);
#8874 = CARTESIAN_POINT('',(1.5,-0.825,0.44));
#8875 = LINE('',#8876,#8877);
#8876 = CARTESIAN_POINT('',(1.5,-1.5,0.44));
#8877 = VECTOR('',#8878,1.);
#8878 = DIRECTION('',(-1.110223024625E-16,1.,0.));
#8879 = ORIENTED_EDGE('',*,*,#8880,.F.);
#8880 = EDGE_CURVE('',#8881,#8873,#8883,.T.);
#8881 = VERTEX_POINT('',#8882);
#8882 = CARTESIAN_POINT('',(1.5,-1.125,0.44));
#8883 = LINE('',#8884,#8885);
#8884 = CARTESIAN_POINT('',(1.5,-1.5,0.44));
#8885 = VECTOR('',#8886,1.);
#8886 = DIRECTION('',(-1.110223024625E-16,1.,0.));
#8887 = ORIENTED_EDGE('',*,*,#8888,.F.);
#8888 = EDGE_CURVE('',#8501,#8881,#8889,.T.);
#8889 = LINE('',#8890,#8891);
#8890 = CARTESIAN_POINT('',(1.5,-1.5,0.44));
#8891 = VECTOR('',#8892,1.);
#8892 = DIRECTION('',(-1.110223024625E-16,1.,0.));
#8893 = ORIENTED_EDGE('',*,*,#8500,.F.);
#8894 = B_SPLINE_SURFACE_WITH_KNOTS('',1,1,(
    (#8895,#8896)
    ,(#8897,#8898
    )),.UNSPECIFIED.,.F.,.F.,.F.,(2,2),(2,2),(0.,3.),(0.,1.),
  .PIECEWISE_BEZIER_KNOTS.);
#8895 = CARTESIAN_POINT('',(1.427730769032,-1.427730769032,0.1));
#8896 = CARTESIAN_POINT('',(1.5,-1.5,0.44));
#8897 = CARTESIAN_POINT('',(1.427730769032,1.427730769032,0.1));
#8898 = CARTESIAN_POINT('',(1.5,1.5,0.44));
#8899 = ADVANCED_FACE('',(#8900),#8925,.T.);
#8900 = FACE_BOUND('',#8901,.T.);
#8901 = EDGE_LOOP('',(#8902,#8912,#8918,#8919));
#8902 = ORIENTED_EDGE('',*,*,#8903,.F.);
#8903 = EDGE_CURVE('',#8904,#8906,#8908,.T.);
#8904 = VERTEX_POINT('',#8905);
#8905 = CARTESIAN_POINT('',(0.84,0.94,0.));
#8906 = VERTEX_POINT('',#8907);
#8907 = CARTESIAN_POINT('',(0.84,-0.94,0.));
#8908 = LINE('',#8909,#8910);
#8909 = CARTESIAN_POINT('',(0.84,0.94,0.));
#8910 = VECTOR('',#8911,1.);
#8911 = DIRECTION('',(1.110223024625E-16,-1.,0.));
#8912 = ORIENTED_EDGE('',*,*,#8913,.T.);
#8913 = EDGE_CURVE('',#8904,#8460,#8914,.T.);
#8914 = LINE('',#8915,#8916);
#8915 = CARTESIAN_POINT('',(0.84,0.94,0.));
#8916 = VECTOR('',#8917,1.);
#8917 = DIRECTION('',(0.,0.,1.));
#8918 = ORIENTED_EDGE('',*,*,#8459,.T.);
#8919 = ORIENTED_EDGE('',*,*,#8920,.F.);
#8920 = EDGE_CURVE('',#8906,#8462,#8921,.T.);
#8921 = LINE('',#8922,#8923);
#8922 = CARTESIAN_POINT('',(0.84,-0.94,0.));
#8923 = VECTOR('',#8924,1.);
#8924 = DIRECTION('',(0.,0.,1.));
#8925 = PLANE('',#8926);
#8926 = AXIS2_PLACEMENT_3D('',#8927,#8928,#8929);
#8927 = CARTESIAN_POINT('',(0.84,0.94,0.));
#8928 = DIRECTION('',(1.,1.110223024625E-16,0.));
#8929 = DIRECTION('',(0.,-0.,1.));
#8930 = ADVANCED_FACE('',(#8931),#8949,.T.);
#8931 = FACE_BOUND('',#8932,.T.);
#8932 = EDGE_LOOP('',(#8933,#8941,#8947,#8948));
#8933 = ORIENTED_EDGE('',*,*,#8934,.F.);
#8934 = EDGE_CURVE('',#8935,#8478,#8937,.T.);
#8935 = VERTEX_POINT('',#8936);
#8936 = CARTESIAN_POINT('',(-0.84,-0.94,0.));
#8937 = LINE('',#8938,#8939);
#8938 = CARTESIAN_POINT('',(-0.84,-0.94,0.));
#8939 = VECTOR('',#8940,1.);
#8940 = DIRECTION('',(0.,0.,1.));
#8941 = ORIENTED_EDGE('',*,*,#8942,.T.);
#8942 = EDGE_CURVE('',#8935,#8906,#8943,.T.);
#8943 = LINE('',#8944,#8945);
#8944 = CARTESIAN_POINT('',(-0.84,-0.94,0.));
#8945 = VECTOR('',#8946,1.);
#8946 = DIRECTION('',(1.,1.110223024625E-16,0.));
#8947 = ORIENTED_EDGE('',*,*,#8920,.T.);
#8948 = ORIENTED_EDGE('',*,*,#8485,.F.);
#8949 = PLANE('',#8950);
#8950 = AXIS2_PLACEMENT_3D('',#8951,#8952,#8953);
#8951 = CARTESIAN_POINT('',(-0.84,-0.94,0.));
#8952 = DIRECTION('',(1.110223024625E-16,-1.,0.));
#8953 = DIRECTION('',(0.,0.,1.));
#8954 = ADVANCED_FACE('',(#8955),#8973,.F.);
#8955 = FACE_BOUND('',#8956,.F.);
#8956 = EDGE_LOOP('',(#8957,#8965,#8971,#8972));
#8957 = ORIENTED_EDGE('',*,*,#8958,.F.);
#8958 = EDGE_CURVE('',#8959,#8935,#8961,.T.);
#8959 = VERTEX_POINT('',#8960);
#8960 = CARTESIAN_POINT('',(-0.84,0.94,0.));
#8961 = LINE('',#8962,#8963);
#8962 = CARTESIAN_POINT('',(-0.84,0.94,0.));
#8963 = VECTOR('',#8964,1.);
#8964 = DIRECTION('',(1.110223024625E-16,-1.,0.));
#8965 = ORIENTED_EDGE('',*,*,#8966,.T.);
#8966 = EDGE_CURVE('',#8959,#8470,#8967,.T.);
#8967 = LINE('',#8968,#8969);
#8968 = CARTESIAN_POINT('',(-0.84,0.94,0.));
#8969 = VECTOR('',#8970,1.);
#8970 = DIRECTION('',(0.,0.,1.));
#8971 = ORIENTED_EDGE('',*,*,#8477,.T.);
#8972 = ORIENTED_EDGE('',*,*,#8934,.F.);
#8973 = PLANE('',#8974);
#8974 = AXIS2_PLACEMENT_3D('',#8975,#8976,#8977);
#8975 = CARTESIAN_POINT('',(-0.84,0.94,0.));
#8976 = DIRECTION('',(1.,1.110223024625E-16,0.));
#8977 = DIRECTION('',(0.,-0.,1.));
#8978 = ADVANCED_FACE('',(#8979),#8990,.F.);
#8979 = FACE_BOUND('',#8980,.F.);
#8980 = EDGE_LOOP('',(#8981,#8982,#8988,#8989));
#8981 = ORIENTED_EDGE('',*,*,#8966,.F.);
#8982 = ORIENTED_EDGE('',*,*,#8983,.T.);
#8983 = EDGE_CURVE('',#8959,#8904,#8984,.T.);
#8984 = LINE('',#8985,#8986);
#8985 = CARTESIAN_POINT('',(-0.84,0.94,0.));
#8986 = VECTOR('',#8987,1.);
#8987 = DIRECTION('',(1.,1.110223024625E-16,0.));
#8988 = ORIENTED_EDGE('',*,*,#8913,.T.);
#8989 = ORIENTED_EDGE('',*,*,#8469,.F.);
#8990 = PLANE('',#8991);
#8991 = AXIS2_PLACEMENT_3D('',#8992,#8993,#8994);
#8992 = CARTESIAN_POINT('',(-0.84,0.94,0.));
#8993 = DIRECTION('',(1.110223024625E-16,-1.,0.));
#8994 = DIRECTION('',(0.,0.,1.));
#8995 = ADVANCED_FACE('',(#8996),#9013,.T.);
#8996 = FACE_BOUND('',#8997,.T.);
#8997 = EDGE_LOOP('',(#8998,#8999,#9006,#9012));
#8998 = ORIENTED_EDGE('',*,*,#8507,.T.);
#8999 = ORIENTED_EDGE('',*,*,#9000,.T.);
#9000 = EDGE_CURVE('',#8501,#9001,#9003,.T.);
#9001 = VERTEX_POINT('',#9002);
#9002 = CARTESIAN_POINT('',(1.5,-1.5,0.62));
#9003 = B_SPLINE_CURVE_WITH_KNOTS('',1,(#9004,#9005),.UNSPECIFIED.,.F.,
  .F.,(2,2),(0.,1.),.PIECEWISE_BEZIER_KNOTS.);
#9004 = CARTESIAN_POINT('',(1.5,-1.5,0.44));
#9005 = CARTESIAN_POINT('',(1.5,-1.5,0.62));
#9006 = ORIENTED_EDGE('',*,*,#9007,.F.);
#9007 = EDGE_CURVE('',#8779,#9001,#9008,.T.);
#9008 = LINE('',#9009,#9010);
#9009 = CARTESIAN_POINT('',(-1.5,-1.5,0.62));
#9010 = VECTOR('',#9011,1.);
#9011 = DIRECTION('',(1.,1.110223024625E-16,0.));
#9012 = ORIENTED_EDGE('',*,*,#8778,.F.);
#9013 = PLANE('',#9014);
#9014 = AXIS2_PLACEMENT_3D('',#9015,#9016,#9017);
#9015 = CARTESIAN_POINT('',(-1.5,-1.5,0.62));
#9016 = DIRECTION('',(1.110223024625E-16,-1.,0.));
#9017 = DIRECTION('',(1.,1.110223024625E-16,0.));
#9018 = ADVANCED_FACE('',(#9019),#9036,.T.);
#9019 = FACE_BOUND('',#9020,.T.);
#9020 = EDGE_LOOP('',(#9021,#9022,#9023,#9031));
#9021 = ORIENTED_EDGE('',*,*,#8801,.T.);
#9022 = ORIENTED_EDGE('',*,*,#8522,.T.);
#9023 = ORIENTED_EDGE('',*,*,#9024,.F.);
#9024 = EDGE_CURVE('',#9025,#8523,#9027,.T.);
#9025 = VERTEX_POINT('',#9026);
#9026 = CARTESIAN_POINT('',(1.5,1.5,0.62));
#9027 = LINE('',#9028,#9029);
#9028 = CARTESIAN_POINT('',(1.5,1.5,0.62));
#9029 = VECTOR('',#9030,1.);
#9030 = DIRECTION('',(-1.,-1.110223024625E-16,0.));
#9031 = ORIENTED_EDGE('',*,*,#9032,.F.);
#9032 = EDGE_CURVE('',#8802,#9025,#9033,.T.);
#9033 = B_SPLINE_CURVE_WITH_KNOTS('',1,(#9034,#9035),.UNSPECIFIED.,.F.,
  .F.,(2,2),(0.,1.),.PIECEWISE_BEZIER_KNOTS.);
#9034 = CARTESIAN_POINT('',(1.5,1.5,0.44));
#9035 = CARTESIAN_POINT('',(1.5,1.5,0.62));
#9036 = PLANE('',#9037);
#9037 = AXIS2_PLACEMENT_3D('',#9038,#9039,#9040);
#9038 = CARTESIAN_POINT('',(1.5,1.5,0.62));
#9039 = DIRECTION('',(-1.110223024625E-16,1.,0.));
#9040 = DIRECTION('',(-1.,-1.110223024625E-16,0.));
#9041 = ADVANCED_FACE('',(#9042),#9092,.T.);
#9042 = FACE_BOUND('',#9043,.T.);
#9043 = EDGE_LOOP('',(#9044,#9045,#9046,#9054,#9062,#9070,#9078,#9086));
#9044 = ORIENTED_EDGE('',*,*,#9024,.T.);
#9045 = ORIENTED_EDGE('',*,*,#8538,.T.);
#9046 = ORIENTED_EDGE('',*,*,#9047,.T.);
#9047 = EDGE_CURVE('',#8531,#9048,#9050,.T.);
#9048 = VERTEX_POINT('',#9049);
#9049 = CARTESIAN_POINT('',(-1.4995,1.125,0.62));
#9050 = LINE('',#9051,#9052);
#9051 = CARTESIAN_POINT('',(-1.721787683087,1.125,0.62));
#9052 = VECTOR('',#9053,1.);
#9053 = DIRECTION('',(1.,-1.144237745222E-17,0.));
#9054 = ORIENTED_EDGE('',*,*,#9055,.F.);
#9055 = EDGE_CURVE('',#9056,#9048,#9058,.T.);
#9056 = VERTEX_POINT('',#9057);
#9057 = CARTESIAN_POINT('',(-1.4995,1.4995,0.62));
#9058 = LINE('',#9059,#9060);
#9059 = CARTESIAN_POINT('',(-1.4995,1.4995,0.62));
#9060 = VECTOR('',#9061,1.);
#9061 = DIRECTION('',(1.110223024625E-16,-1.,0.));
#9062 = ORIENTED_EDGE('',*,*,#9063,.F.);
#9063 = EDGE_CURVE('',#9064,#9056,#9066,.T.);
#9064 = VERTEX_POINT('',#9065);
#9065 = CARTESIAN_POINT('',(1.4995,1.4995,0.62));
#9066 = LINE('',#9067,#9068);
#9067 = CARTESIAN_POINT('',(1.4995,1.4995,0.62));
#9068 = VECTOR('',#9069,1.);
#9069 = DIRECTION('',(-1.,-1.110223024625E-16,0.));
#9070 = ORIENTED_EDGE('',*,*,#9071,.F.);
#9071 = EDGE_CURVE('',#9072,#9064,#9074,.T.);
#9072 = VERTEX_POINT('',#9073);
#9073 = CARTESIAN_POINT('',(1.4995,1.125,0.62));
#9074 = LINE('',#9075,#9076);
#9075 = CARTESIAN_POINT('',(1.4995,-1.4995,0.62));
#9076 = VECTOR('',#9077,1.);
#9077 = DIRECTION('',(-1.110223024625E-16,1.,0.));
#9078 = ORIENTED_EDGE('',*,*,#9079,.F.);
#9079 = EDGE_CURVE('',#9080,#9072,#9082,.T.);
#9080 = VERTEX_POINT('',#9081);
#9081 = CARTESIAN_POINT('',(1.5,1.125,0.62));
#9082 = LINE('',#9083,#9084);
#9083 = CARTESIAN_POINT('',(1.721787683087,1.125,0.62));
#9084 = VECTOR('',#9085,1.);
#9085 = DIRECTION('',(-1.,-1.110223024625E-16,0.));
#9086 = ORIENTED_EDGE('',*,*,#9087,.T.);
#9087 = EDGE_CURVE('',#9080,#9025,#9088,.T.);
#9088 = LINE('',#9089,#9090);
#9089 = CARTESIAN_POINT('',(1.5,-1.5,0.62));
#9090 = VECTOR('',#9091,1.);
#9091 = DIRECTION('',(-1.110223024625E-16,1.,0.));
#9092 = PLANE('',#9093);
#9093 = AXIS2_PLACEMENT_3D('',#9094,#9095,#9096);
#9094 = CARTESIAN_POINT('',(-1.49975,-5.273077658632E-17,0.62));
#9095 = DIRECTION('',(-4.563658129377E-25,1.721000270187E-32,1.));
#9096 = DIRECTION('',(1.183632748202E-16,-1.,1.721000275589E-32));
#9097 = ADVANCED_FACE('',(#9098),#9184,.T.);
#9098 = FACE_BOUND('',#9099,.T.);
#9099 = EDGE_LOOP('',(#9100,#9101,#9102,#9111,#9119,#9128,#9136,#9144,
    #9152,#9161,#9169,#9178));
#9100 = ORIENTED_EDGE('',*,*,#8530,.T.);
#9101 = ORIENTED_EDGE('',*,*,#8561,.T.);
#9102 = ORIENTED_EDGE('',*,*,#9103,.T.);
#9103 = EDGE_CURVE('',#8562,#9104,#9106,.T.);
#9104 = VERTEX_POINT('',#9105);
#9105 = CARTESIAN_POINT('',(-1.771028070737,1.125,0.398682408883));
#9106 = CIRCLE('',#9107,5.E-02);
#9107 = AXIS2_PLACEMENT_3D('',#9108,#9109,#9110);
#9108 = CARTESIAN_POINT('',(-1.721787683087,1.125,0.39));
#9109 = DIRECTION('',(-1.144237745222E-17,-1.,-2.189528850508E-47));
#9110 = DIRECTION('',(-4.440892098501E-15,5.081436361563E-32,1.));
#9111 = ORIENTED_EDGE('',*,*,#9112,.T.);
#9112 = EDGE_CURVE('',#9104,#9113,#9115,.T.);
#9113 = VERTEX_POINT('',#9114);
#9114 = CARTESIAN_POINT('',(-1.803494216807,1.125,0.190060919137));
#9115 = LINE('',#9116,#9117);
#9116 = CARTESIAN_POINT('',(-1.771028070737,1.125,0.398682408883));
#9117 = VECTOR('',#9118,1.);
#9118 = DIRECTION('',(-0.153771352217,1.759509853409E-18,-0.988106457441
    ));
#9119 = ORIENTED_EDGE('',*,*,#9120,.T.);
#9120 = EDGE_CURVE('',#9113,#9121,#9123,.T.);
#9121 = VERTEX_POINT('',#9122);
#9122 = CARTESIAN_POINT('',(-2.03,1.125,8.326672684689E-17));
#9123 = CIRCLE('',#9124,0.23);
#9124 = AXIS2_PLACEMENT_3D('',#9125,#9126,#9127);
#9125 = CARTESIAN_POINT('',(-2.03,1.125,0.23));
#9126 = DIRECTION('',(1.144237745222E-17,1.,7.703719777549E-34));
#9127 = DIRECTION('',(0.984807753012,-1.126854202784E-17,-0.173648177667
    ));
#9128 = ORIENTED_EDGE('',*,*,#9129,.T.);
#9129 = EDGE_CURVE('',#9121,#9130,#9132,.T.);
#9130 = VERTEX_POINT('',#9131);
#9131 = CARTESIAN_POINT('',(-2.45,1.125,8.326672684689E-17));
#9132 = LINE('',#9133,#9134);
#9133 = CARTESIAN_POINT('',(-2.03,1.125,8.326672684689E-17));
#9134 = VECTOR('',#9135,1.);
#9135 = DIRECTION('',(-1.,1.144237745222E-17,0.));
#9136 = ORIENTED_EDGE('',*,*,#9137,.T.);
#9137 = EDGE_CURVE('',#9130,#9138,#9140,.T.);
#9138 = VERTEX_POINT('',#9139);
#9139 = CARTESIAN_POINT('',(-2.45,1.125,0.18));
#9140 = LINE('',#9141,#9142);
#9141 = CARTESIAN_POINT('',(-2.45,1.125,8.326672684689E-17));
#9142 = VECTOR('',#9143,1.);
#9143 = DIRECTION('',(0.,0.,1.));
#9144 = ORIENTED_EDGE('',*,*,#9145,.T.);
#9145 = EDGE_CURVE('',#9138,#9146,#9148,.T.);
#9146 = VERTEX_POINT('',#9147);
#9147 = CARTESIAN_POINT('',(-2.03,1.125,0.18));
#9148 = LINE('',#9149,#9150);
#9149 = CARTESIAN_POINT('',(-2.45,1.125,0.18));
#9150 = VECTOR('',#9151,1.);
#9151 = DIRECTION('',(1.,-1.144237745222E-17,0.));
#9152 = ORIENTED_EDGE('',*,*,#9153,.T.);
#9153 = EDGE_CURVE('',#9146,#9154,#9156,.T.);
#9154 = VERTEX_POINT('',#9155);
#9155 = CARTESIAN_POINT('',(-1.980759612349,1.125,0.221317591117));
#9156 = CIRCLE('',#9157,5.E-02);
#9157 = AXIS2_PLACEMENT_3D('',#9158,#9159,#9160);
#9158 = CARTESIAN_POINT('',(-2.03,1.125,0.23));
#9159 = DIRECTION('',(-1.144237745222E-17,-1.,-4.379057701015E-47));
#9160 = DIRECTION('',(-8.881784197001E-15,1.016287272312E-31,-1.));
#9161 = ORIENTED_EDGE('',*,*,#9162,.T.);
#9162 = EDGE_CURVE('',#9154,#9163,#9165,.T.);
#9163 = VERTEX_POINT('',#9164);
#9164 = CARTESIAN_POINT('',(-1.948293466279,1.125,0.429939080863));
#9165 = LINE('',#9166,#9167);
#9166 = CARTESIAN_POINT('',(-1.980759612349,1.125,0.221317591117));
#9167 = VECTOR('',#9168,1.);
#9168 = DIRECTION('',(0.153771352217,-1.759509853409E-18,0.988106457441)
  );
#9169 = ORIENTED_EDGE('',*,*,#9170,.T.);
#9170 = EDGE_CURVE('',#9163,#9171,#9173,.T.);
#9171 = VERTEX_POINT('',#9172);
#9172 = CARTESIAN_POINT('',(-1.721787683087,1.125,0.62));
#9173 = CIRCLE('',#9174,0.23);
#9174 = AXIS2_PLACEMENT_3D('',#9175,#9176,#9177);
#9175 = CARTESIAN_POINT('',(-1.721787683087,1.125,0.39));
#9176 = DIRECTION('',(1.144237745222E-17,1.,-3.851859888774E-34));
#9177 = DIRECTION('',(-0.984807753012,1.126854202784E-17,0.173648177667)
  );
#9178 = ORIENTED_EDGE('',*,*,#9179,.T.);
#9179 = EDGE_CURVE('',#9171,#8531,#9180,.T.);
#9180 = LINE('',#9181,#9182);
#9181 = CARTESIAN_POINT('',(-1.721787683087,1.125,0.62));
#9182 = VECTOR('',#9183,1.);
#9183 = DIRECTION('',(1.,-1.144237745222E-17,0.));
#9184 = PLANE('',#9185);
#9185 = AXIS2_PLACEMENT_3D('',#9186,#9187,#9188);
#9186 = CARTESIAN_POINT('',(-1.954356695028,1.125,0.279475105629));
#9187 = DIRECTION('',(1.144237745222E-17,1.,0.));
#9188 = DIRECTION('',(0.,-0.,1.));
#9189 = ADVANCED_FACE('',(#9190),#9276,.F.);
#9190 = FACE_BOUND('',#9191,.F.);
#9191 = EDGE_LOOP('',(#9192,#9193,#9194,#9203,#9211,#9220,#9228,#9236,
    #9244,#9253,#9261,#9270));
#9192 = ORIENTED_EDGE('',*,*,#8583,.T.);
#9193 = ORIENTED_EDGE('',*,*,#8552,.T.);
#9194 = ORIENTED_EDGE('',*,*,#9195,.T.);
#9195 = EDGE_CURVE('',#8553,#9196,#9198,.T.);
#9196 = VERTEX_POINT('',#9197);
#9197 = CARTESIAN_POINT('',(-1.771028070737,0.825,0.398682408883));
#9198 = CIRCLE('',#9199,5.E-02);
#9199 = AXIS2_PLACEMENT_3D('',#9200,#9201,#9202);
#9200 = CARTESIAN_POINT('',(-1.721787683087,0.825,0.39));
#9201 = DIRECTION('',(-1.144237745222E-17,-1.,-2.189528850508E-47));
#9202 = DIRECTION('',(-4.440892098501E-15,5.081436361563E-32,1.));
#9203 = ORIENTED_EDGE('',*,*,#9204,.T.);
#9204 = EDGE_CURVE('',#9196,#9205,#9207,.T.);
#9205 = VERTEX_POINT('',#9206);
#9206 = CARTESIAN_POINT('',(-1.803494216807,0.825,0.190060919137));
#9207 = LINE('',#9208,#9209);
#9208 = CARTESIAN_POINT('',(-1.771028070737,0.825,0.398682408883));
#9209 = VECTOR('',#9210,1.);
#9210 = DIRECTION('',(-0.153771352217,1.759509853409E-18,-0.988106457441
    ));
#9211 = ORIENTED_EDGE('',*,*,#9212,.T.);
#9212 = EDGE_CURVE('',#9205,#9213,#9215,.T.);
#9213 = VERTEX_POINT('',#9214);
#9214 = CARTESIAN_POINT('',(-2.03,0.825,8.326672684689E-17));
#9215 = CIRCLE('',#9216,0.23);
#9216 = AXIS2_PLACEMENT_3D('',#9217,#9218,#9219);
#9217 = CARTESIAN_POINT('',(-2.03,0.825,0.23));
#9218 = DIRECTION('',(1.144237745222E-17,1.,7.703719777549E-34));
#9219 = DIRECTION('',(0.984807753012,-1.126854202784E-17,-0.173648177667
    ));
#9220 = ORIENTED_EDGE('',*,*,#9221,.T.);
#9221 = EDGE_CURVE('',#9213,#9222,#9224,.T.);
#9222 = VERTEX_POINT('',#9223);
#9223 = CARTESIAN_POINT('',(-2.45,0.825,8.326672684689E-17));
#9224 = LINE('',#9225,#9226);
#9225 = CARTESIAN_POINT('',(-2.03,0.825,8.326672684689E-17));
#9226 = VECTOR('',#9227,1.);
#9227 = DIRECTION('',(-1.,1.144237745222E-17,0.));
#9228 = ORIENTED_EDGE('',*,*,#9229,.T.);
#9229 = EDGE_CURVE('',#9222,#9230,#9232,.T.);
#9230 = VERTEX_POINT('',#9231);
#9231 = CARTESIAN_POINT('',(-2.45,0.825,0.18));
#9232 = LINE('',#9233,#9234);
#9233 = CARTESIAN_POINT('',(-2.45,0.825,8.326672684689E-17));
#9234 = VECTOR('',#9235,1.);
#9235 = DIRECTION('',(0.,0.,1.));
#9236 = ORIENTED_EDGE('',*,*,#9237,.T.);
#9237 = EDGE_CURVE('',#9230,#9238,#9240,.T.);
#9238 = VERTEX_POINT('',#9239);
#9239 = CARTESIAN_POINT('',(-2.03,0.825,0.18));
#9240 = LINE('',#9241,#9242);
#9241 = CARTESIAN_POINT('',(-2.45,0.825,0.18));
#9242 = VECTOR('',#9243,1.);
#9243 = DIRECTION('',(1.,-1.144237745222E-17,0.));
#9244 = ORIENTED_EDGE('',*,*,#9245,.T.);
#9245 = EDGE_CURVE('',#9238,#9246,#9248,.T.);
#9246 = VERTEX_POINT('',#9247);
#9247 = CARTESIAN_POINT('',(-1.980759612349,0.825,0.221317591117));
#9248 = CIRCLE('',#9249,5.E-02);
#9249 = AXIS2_PLACEMENT_3D('',#9250,#9251,#9252);
#9250 = CARTESIAN_POINT('',(-2.03,0.825,0.23));
#9251 = DIRECTION('',(-1.144237745222E-17,-1.,-4.379057701015E-47));
#9252 = DIRECTION('',(-8.881784197001E-15,1.016287272312E-31,-1.));
#9253 = ORIENTED_EDGE('',*,*,#9254,.T.);
#9254 = EDGE_CURVE('',#9246,#9255,#9257,.T.);
#9255 = VERTEX_POINT('',#9256);
#9256 = CARTESIAN_POINT('',(-1.948293466279,0.825,0.429939080863));
#9257 = LINE('',#9258,#9259);
#9258 = CARTESIAN_POINT('',(-1.980759612349,0.825,0.221317591117));
#9259 = VECTOR('',#9260,1.);
#9260 = DIRECTION('',(0.153771352217,-1.759509853409E-18,0.988106457441)
  );
#9261 = ORIENTED_EDGE('',*,*,#9262,.T.);
#9262 = EDGE_CURVE('',#9255,#9263,#9265,.T.);
#9263 = VERTEX_POINT('',#9264);
#9264 = CARTESIAN_POINT('',(-1.721787683087,0.825,0.62));
#9265 = CIRCLE('',#9266,0.23);
#9266 = AXIS2_PLACEMENT_3D('',#9267,#9268,#9269);
#9267 = CARTESIAN_POINT('',(-1.721787683087,0.825,0.39));
#9268 = DIRECTION('',(1.144237745222E-17,1.,-3.851859888774E-34));
#9269 = DIRECTION('',(-0.984807753012,1.126854202784E-17,0.173648177667)
  );
#9270 = ORIENTED_EDGE('',*,*,#9271,.T.);
#9271 = EDGE_CURVE('',#9263,#8584,#9272,.T.);
#9272 = LINE('',#9273,#9274);
#9273 = CARTESIAN_POINT('',(-1.721787683087,0.825,0.62));
#9274 = VECTOR('',#9275,1.);
#9275 = DIRECTION('',(1.,-1.144237745222E-17,0.));
#9276 = PLANE('',#9277);
#9277 = AXIS2_PLACEMENT_3D('',#9278,#9279,#9280);
#9278 = CARTESIAN_POINT('',(-1.954356695028,0.825,0.279475105629));
#9279 = DIRECTION('',(1.144237745222E-17,1.,0.));
#9280 = DIRECTION('',(0.,-0.,1.));
#9281 = ADVANCED_FACE('',(#9282),#9293,.F.);
#9282 = FACE_BOUND('',#9283,.F.);
#9283 = EDGE_LOOP('',(#9284,#9285,#9286,#9292));
#9284 = ORIENTED_EDGE('',*,*,#8569,.T.);
#9285 = ORIENTED_EDGE('',*,*,#9103,.T.);
#9286 = ORIENTED_EDGE('',*,*,#9287,.F.);
#9287 = EDGE_CURVE('',#9196,#9104,#9288,.T.);
#9288 = LINE('',#9289,#9290);
#9289 = CARTESIAN_POINT('',(-1.771028070737,0.825,0.398682408883));
#9290 = VECTOR('',#9291,1.);
#9291 = DIRECTION('',(1.144237745222E-17,1.,0.));
#9292 = ORIENTED_EDGE('',*,*,#9195,.F.);
#9293 = CYLINDRICAL_SURFACE('',#9294,5.E-02);
#9294 = AXIS2_PLACEMENT_3D('',#9295,#9296,#9297);
#9295 = CARTESIAN_POINT('',(-1.721787683087,0.825,0.39));
#9296 = DIRECTION('',(-1.144237745222E-17,-1.,0.));
#9297 = DIRECTION('',(-4.440892098501E-15,5.081436361563E-32,1.));
#9298 = ADVANCED_FACE('',(#9299),#9324,.T.);
#9299 = FACE_BOUND('',#9300,.T.);
#9300 = EDGE_LOOP('',(#9301,#9309,#9310,#9318));
#9301 = ORIENTED_EDGE('',*,*,#9302,.F.);
#9302 = EDGE_CURVE('',#8584,#9303,#9305,.T.);
#9303 = VERTEX_POINT('',#9304);
#9304 = CARTESIAN_POINT('',(-1.4995,0.825,0.62));
#9305 = LINE('',#9306,#9307);
#9306 = CARTESIAN_POINT('',(-1.721787683087,0.825,0.62));
#9307 = VECTOR('',#9308,1.);
#9308 = DIRECTION('',(1.,-1.144237745222E-17,0.));
#9309 = ORIENTED_EDGE('',*,*,#8600,.T.);
#9310 = ORIENTED_EDGE('',*,*,#9311,.T.);
#9311 = EDGE_CURVE('',#8593,#9312,#9314,.T.);
#9312 = VERTEX_POINT('',#9313);
#9313 = CARTESIAN_POINT('',(-1.4995,0.475,0.62));
#9314 = LINE('',#9315,#9316);
#9315 = CARTESIAN_POINT('',(-1.721787683087,0.475,0.62));
#9316 = VECTOR('',#9317,1.);
#9317 = DIRECTION('',(1.,-1.144237745222E-17,0.));
#9318 = ORIENTED_EDGE('',*,*,#9319,.F.);
#9319 = EDGE_CURVE('',#9303,#9312,#9320,.T.);
#9320 = LINE('',#9321,#9322);
#9321 = CARTESIAN_POINT('',(-1.4995,1.4995,0.62));
#9322 = VECTOR('',#9323,1.);
#9323 = DIRECTION('',(1.110223024625E-16,-1.,0.));
#9324 = PLANE('',#9325);
#9325 = AXIS2_PLACEMENT_3D('',#9326,#9327,#9328);
#9326 = CARTESIAN_POINT('',(-1.49975,-5.273077658632E-17,0.62));
#9327 = DIRECTION('',(-4.563658129377E-25,1.721000270187E-32,1.));
#9328 = DIRECTION('',(1.183632748202E-16,-1.,1.721000275589E-32));
#9329 = ADVANCED_FACE('',(#9330),#9416,.T.);
#9330 = FACE_BOUND('',#9331,.T.);
#9331 = EDGE_LOOP('',(#9332,#9333,#9334,#9343,#9351,#9360,#9368,#9376,
    #9384,#9393,#9401,#9410));
#9332 = ORIENTED_EDGE('',*,*,#8592,.T.);
#9333 = ORIENTED_EDGE('',*,*,#8623,.T.);
#9334 = ORIENTED_EDGE('',*,*,#9335,.T.);
#9335 = EDGE_CURVE('',#8624,#9336,#9338,.T.);
#9336 = VERTEX_POINT('',#9337);
#9337 = CARTESIAN_POINT('',(-1.771028070737,0.475,0.398682408883));
#9338 = CIRCLE('',#9339,5.E-02);
#9339 = AXIS2_PLACEMENT_3D('',#9340,#9341,#9342);
#9340 = CARTESIAN_POINT('',(-1.721787683087,0.475,0.39));
#9341 = DIRECTION('',(-1.144237745222E-17,-1.,-2.189528850508E-47));
#9342 = DIRECTION('',(-4.440892098501E-15,5.081436361563E-32,1.));
#9343 = ORIENTED_EDGE('',*,*,#9344,.T.);
#9344 = EDGE_CURVE('',#9336,#9345,#9347,.T.);
#9345 = VERTEX_POINT('',#9346);
#9346 = CARTESIAN_POINT('',(-1.803494216807,0.475,0.190060919137));
#9347 = LINE('',#9348,#9349);
#9348 = CARTESIAN_POINT('',(-1.771028070737,0.475,0.398682408883));
#9349 = VECTOR('',#9350,1.);
#9350 = DIRECTION('',(-0.153771352217,1.759509853409E-18,-0.988106457441
    ));
#9351 = ORIENTED_EDGE('',*,*,#9352,.T.);
#9352 = EDGE_CURVE('',#9345,#9353,#9355,.T.);
#9353 = VERTEX_POINT('',#9354);
#9354 = CARTESIAN_POINT('',(-2.03,0.475,8.326672684689E-17));
#9355 = CIRCLE('',#9356,0.23);
#9356 = AXIS2_PLACEMENT_3D('',#9357,#9358,#9359);
#9357 = CARTESIAN_POINT('',(-2.03,0.475,0.23));
#9358 = DIRECTION('',(1.144237745222E-17,1.,7.703719777549E-34));
#9359 = DIRECTION('',(0.984807753012,-1.126854202784E-17,-0.173648177667
    ));
#9360 = ORIENTED_EDGE('',*,*,#9361,.T.);
#9361 = EDGE_CURVE('',#9353,#9362,#9364,.T.);
#9362 = VERTEX_POINT('',#9363);
#9363 = CARTESIAN_POINT('',(-2.45,0.475,8.326672684689E-17));
#9364 = LINE('',#9365,#9366);
#9365 = CARTESIAN_POINT('',(-2.03,0.475,8.326672684689E-17));
#9366 = VECTOR('',#9367,1.);
#9367 = DIRECTION('',(-1.,1.144237745222E-17,0.));
#9368 = ORIENTED_EDGE('',*,*,#9369,.T.);
#9369 = EDGE_CURVE('',#9362,#9370,#9372,.T.);
#9370 = VERTEX_POINT('',#9371);
#9371 = CARTESIAN_POINT('',(-2.45,0.475,0.18));
#9372 = LINE('',#9373,#9374);
#9373 = CARTESIAN_POINT('',(-2.45,0.475,8.326672684689E-17));
#9374 = VECTOR('',#9375,1.);
#9375 = DIRECTION('',(0.,0.,1.));
#9376 = ORIENTED_EDGE('',*,*,#9377,.T.);
#9377 = EDGE_CURVE('',#9370,#9378,#9380,.T.);
#9378 = VERTEX_POINT('',#9379);
#9379 = CARTESIAN_POINT('',(-2.03,0.475,0.18));
#9380 = LINE('',#9381,#9382);
#9381 = CARTESIAN_POINT('',(-2.45,0.475,0.18));
#9382 = VECTOR('',#9383,1.);
#9383 = DIRECTION('',(1.,-1.144237745222E-17,0.));
#9384 = ORIENTED_EDGE('',*,*,#9385,.T.);
#9385 = EDGE_CURVE('',#9378,#9386,#9388,.T.);
#9386 = VERTEX_POINT('',#9387);
#9387 = CARTESIAN_POINT('',(-1.980759612349,0.475,0.221317591117));
#9388 = CIRCLE('',#9389,5.E-02);
#9389 = AXIS2_PLACEMENT_3D('',#9390,#9391,#9392);
#9390 = CARTESIAN_POINT('',(-2.03,0.475,0.23));
#9391 = DIRECTION('',(-1.144237745222E-17,-1.,-4.379057701015E-47));
#9392 = DIRECTION('',(-8.881784197001E-15,1.016287272312E-31,-1.));
#9393 = ORIENTED_EDGE('',*,*,#9394,.T.);
#9394 = EDGE_CURVE('',#9386,#9395,#9397,.T.);
#9395 = VERTEX_POINT('',#9396);
#9396 = CARTESIAN_POINT('',(-1.948293466279,0.475,0.429939080863));
#9397 = LINE('',#9398,#9399);
#9398 = CARTESIAN_POINT('',(-1.980759612349,0.475,0.221317591117));
#9399 = VECTOR('',#9400,1.);
#9400 = DIRECTION('',(0.153771352217,-1.759509853409E-18,0.988106457441)
  );
#9401 = ORIENTED_EDGE('',*,*,#9402,.T.);
#9402 = EDGE_CURVE('',#9395,#9403,#9405,.T.);
#9403 = VERTEX_POINT('',#9404);
#9404 = CARTESIAN_POINT('',(-1.721787683087,0.475,0.62));
#9405 = CIRCLE('',#9406,0.23);
#9406 = AXIS2_PLACEMENT_3D('',#9407,#9408,#9409);
#9407 = CARTESIAN_POINT('',(-1.721787683087,0.475,0.39));
#9408 = DIRECTION('',(1.144237745222E-17,1.,-3.851859888774E-34));
#9409 = DIRECTION('',(-0.984807753012,1.126854202784E-17,0.173648177667)
  );
#9410 = ORIENTED_EDGE('',*,*,#9411,.T.);
#9411 = EDGE_CURVE('',#9403,#8593,#9412,.T.);
#9412 = LINE('',#9413,#9414);
#9413 = CARTESIAN_POINT('',(-1.721787683087,0.475,0.62));
#9414 = VECTOR('',#9415,1.);
#9415 = DIRECTION('',(1.,-1.144237745222E-17,0.));
#9416 = PLANE('',#9417);
#9417 = AXIS2_PLACEMENT_3D('',#9418,#9419,#9420);
#9418 = CARTESIAN_POINT('',(-1.954356695028,0.475,0.279475105629));
#9419 = DIRECTION('',(1.144237745222E-17,1.,0.));
#9420 = DIRECTION('',(0.,-0.,1.));
#9421 = ADVANCED_FACE('',(#9422),#9508,.F.);
#9422 = FACE_BOUND('',#9423,.F.);
#9423 = EDGE_LOOP('',(#9424,#9425,#9426,#9435,#9443,#9452,#9460,#9468,
    #9476,#9485,#9493,#9502));
#9424 = ORIENTED_EDGE('',*,*,#8645,.T.);
#9425 = ORIENTED_EDGE('',*,*,#8614,.T.);
#9426 = ORIENTED_EDGE('',*,*,#9427,.T.);
#9427 = EDGE_CURVE('',#8615,#9428,#9430,.T.);
#9428 = VERTEX_POINT('',#9429);
#9429 = CARTESIAN_POINT('',(-1.771028070737,0.175,0.398682408883));
#9430 = CIRCLE('',#9431,5.E-02);
#9431 = AXIS2_PLACEMENT_3D('',#9432,#9433,#9434);
#9432 = CARTESIAN_POINT('',(-1.721787683087,0.175,0.39));
#9433 = DIRECTION('',(-1.144237745222E-17,-1.,-2.189528850508E-47));
#9434 = DIRECTION('',(-4.440892098501E-15,5.081436361563E-32,1.));
#9435 = ORIENTED_EDGE('',*,*,#9436,.T.);
#9436 = EDGE_CURVE('',#9428,#9437,#9439,.T.);
#9437 = VERTEX_POINT('',#9438);
#9438 = CARTESIAN_POINT('',(-1.803494216807,0.175,0.190060919137));
#9439 = LINE('',#9440,#9441);
#9440 = CARTESIAN_POINT('',(-1.771028070737,0.175,0.398682408883));
#9441 = VECTOR('',#9442,1.);
#9442 = DIRECTION('',(-0.153771352217,1.759509853409E-18,-0.988106457441
    ));
#9443 = ORIENTED_EDGE('',*,*,#9444,.T.);
#9444 = EDGE_CURVE('',#9437,#9445,#9447,.T.);
#9445 = VERTEX_POINT('',#9446);
#9446 = CARTESIAN_POINT('',(-2.03,0.175,8.326672684689E-17));
#9447 = CIRCLE('',#9448,0.23);
#9448 = AXIS2_PLACEMENT_3D('',#9449,#9450,#9451);
#9449 = CARTESIAN_POINT('',(-2.03,0.175,0.23));
#9450 = DIRECTION('',(1.144237745222E-17,1.,7.703719777549E-34));
#9451 = DIRECTION('',(0.984807753012,-1.126854202784E-17,-0.173648177667
    ));
#9452 = ORIENTED_EDGE('',*,*,#9453,.T.);
#9453 = EDGE_CURVE('',#9445,#9454,#9456,.T.);
#9454 = VERTEX_POINT('',#9455);
#9455 = CARTESIAN_POINT('',(-2.45,0.175,8.326672684689E-17));
#9456 = LINE('',#9457,#9458);
#9457 = CARTESIAN_POINT('',(-2.03,0.175,8.326672684689E-17));
#9458 = VECTOR('',#9459,1.);
#9459 = DIRECTION('',(-1.,1.144237745222E-17,0.));
#9460 = ORIENTED_EDGE('',*,*,#9461,.T.);
#9461 = EDGE_CURVE('',#9454,#9462,#9464,.T.);
#9462 = VERTEX_POINT('',#9463);
#9463 = CARTESIAN_POINT('',(-2.45,0.175,0.18));
#9464 = LINE('',#9465,#9466);
#9465 = CARTESIAN_POINT('',(-2.45,0.175,8.326672684689E-17));
#9466 = VECTOR('',#9467,1.);
#9467 = DIRECTION('',(0.,0.,1.));
#9468 = ORIENTED_EDGE('',*,*,#9469,.T.);
#9469 = EDGE_CURVE('',#9462,#9470,#9472,.T.);
#9470 = VERTEX_POINT('',#9471);
#9471 = CARTESIAN_POINT('',(-2.03,0.175,0.18));
#9472 = LINE('',#9473,#9474);
#9473 = CARTESIAN_POINT('',(-2.45,0.175,0.18));
#9474 = VECTOR('',#9475,1.);
#9475 = DIRECTION('',(1.,-1.144237745222E-17,0.));
#9476 = ORIENTED_EDGE('',*,*,#9477,.T.);
#9477 = EDGE_CURVE('',#9470,#9478,#9480,.T.);
#9478 = VERTEX_POINT('',#9479);
#9479 = CARTESIAN_POINT('',(-1.980759612349,0.175,0.221317591117));
#9480 = CIRCLE('',#9481,5.E-02);
#9481 = AXIS2_PLACEMENT_3D('',#9482,#9483,#9484);
#9482 = CARTESIAN_POINT('',(-2.03,0.175,0.23));
#9483 = DIRECTION('',(-1.144237745222E-17,-1.,-4.379057701015E-47));
#9484 = DIRECTION('',(-8.881784197001E-15,1.016287272312E-31,-1.));
#9485 = ORIENTED_EDGE('',*,*,#9486,.T.);
#9486 = EDGE_CURVE('',#9478,#9487,#9489,.T.);
#9487 = VERTEX_POINT('',#9488);
#9488 = CARTESIAN_POINT('',(-1.948293466279,0.175,0.429939080863));
#9489 = LINE('',#9490,#9491);
#9490 = CARTESIAN_POINT('',(-1.980759612349,0.175,0.221317591117));
#9491 = VECTOR('',#9492,1.);
#9492 = DIRECTION('',(0.153771352217,-1.759509853409E-18,0.988106457441)
  );
#9493 = ORIENTED_EDGE('',*,*,#9494,.T.);
#9494 = EDGE_CURVE('',#9487,#9495,#9497,.T.);
#9495 = VERTEX_POINT('',#9496);
#9496 = CARTESIAN_POINT('',(-1.721787683087,0.175,0.62));
#9497 = CIRCLE('',#9498,0.23);
#9498 = AXIS2_PLACEMENT_3D('',#9499,#9500,#9501);
#9499 = CARTESIAN_POINT('',(-1.721787683087,0.175,0.39));
#9500 = DIRECTION('',(1.144237745222E-17,1.,-3.851859888774E-34));
#9501 = DIRECTION('',(-0.984807753012,1.126854202784E-17,0.173648177667)
  );
#9502 = ORIENTED_EDGE('',*,*,#9503,.T.);
#9503 = EDGE_CURVE('',#9495,#8646,#9504,.T.);
#9504 = LINE('',#9505,#9506);
#9505 = CARTESIAN_POINT('',(-1.721787683087,0.175,0.62));
#9506 = VECTOR('',#9507,1.);
#9507 = DIRECTION('',(1.,-1.144237745222E-17,0.));
#9508 = PLANE('',#9509);
#9509 = AXIS2_PLACEMENT_3D('',#9510,#9511,#9512);
#9510 = CARTESIAN_POINT('',(-1.954356695028,0.175,0.279475105629));
#9511 = DIRECTION('',(1.144237745222E-17,1.,0.));
#9512 = DIRECTION('',(0.,-0.,1.));
#9513 = ADVANCED_FACE('',(#9514),#9525,.F.);
#9514 = FACE_BOUND('',#9515,.F.);
#9515 = EDGE_LOOP('',(#9516,#9517,#9518,#9524));
#9516 = ORIENTED_EDGE('',*,*,#8631,.T.);
#9517 = ORIENTED_EDGE('',*,*,#9335,.T.);
#9518 = ORIENTED_EDGE('',*,*,#9519,.F.);
#9519 = EDGE_CURVE('',#9428,#9336,#9520,.T.);
#9520 = LINE('',#9521,#9522);
#9521 = CARTESIAN_POINT('',(-1.771028070737,0.175,0.398682408883));
#9522 = VECTOR('',#9523,1.);
#9523 = DIRECTION('',(1.144237745222E-17,1.,0.));
#9524 = ORIENTED_EDGE('',*,*,#9427,.F.);
#9525 = CYLINDRICAL_SURFACE('',#9526,5.E-02);
#9526 = AXIS2_PLACEMENT_3D('',#9527,#9528,#9529);
#9527 = CARTESIAN_POINT('',(-1.721787683087,0.175,0.39));
#9528 = DIRECTION('',(-1.144237745222E-17,-1.,0.));
#9529 = DIRECTION('',(-4.440892098501E-15,5.081436361563E-32,1.));
#9530 = ADVANCED_FACE('',(#9531),#9556,.T.);
#9531 = FACE_BOUND('',#9532,.T.);
#9532 = EDGE_LOOP('',(#9533,#9541,#9542,#9550));
#9533 = ORIENTED_EDGE('',*,*,#9534,.F.);
#9534 = EDGE_CURVE('',#8646,#9535,#9537,.T.);
#9535 = VERTEX_POINT('',#9536);
#9536 = CARTESIAN_POINT('',(-1.4995,0.175,0.62));
#9537 = LINE('',#9538,#9539);
#9538 = CARTESIAN_POINT('',(-1.721787683087,0.175,0.62));
#9539 = VECTOR('',#9540,1.);
#9540 = DIRECTION('',(1.,-1.144237745222E-17,0.));
#9541 = ORIENTED_EDGE('',*,*,#8662,.T.);
#9542 = ORIENTED_EDGE('',*,*,#9543,.T.);
#9543 = EDGE_CURVE('',#8655,#9544,#9546,.T.);
#9544 = VERTEX_POINT('',#9545);
#9545 = CARTESIAN_POINT('',(-1.4995,-0.175,0.62));
#9546 = LINE('',#9547,#9548);
#9547 = CARTESIAN_POINT('',(-1.721787683087,-0.175,0.62));
#9548 = VECTOR('',#9549,1.);
#9549 = DIRECTION('',(1.,-1.144237745222E-17,0.));
#9550 = ORIENTED_EDGE('',*,*,#9551,.F.);
#9551 = EDGE_CURVE('',#9535,#9544,#9552,.T.);
#9552 = LINE('',#9553,#9554);
#9553 = CARTESIAN_POINT('',(-1.4995,1.4995,0.62));
#9554 = VECTOR('',#9555,1.);
#9555 = DIRECTION('',(1.110223024625E-16,-1.,0.));
#9556 = PLANE('',#9557);
#9557 = AXIS2_PLACEMENT_3D('',#9558,#9559,#9560);
#9558 = CARTESIAN_POINT('',(-1.49975,-5.273077658632E-17,0.62));
#9559 = DIRECTION('',(-4.563658129377E-25,1.721000270187E-32,1.));
#9560 = DIRECTION('',(1.183632748202E-16,-1.,1.721000275589E-32));
#9561 = ADVANCED_FACE('',(#9562),#9648,.T.);
#9562 = FACE_BOUND('',#9563,.T.);
#9563 = EDGE_LOOP('',(#9564,#9565,#9566,#9575,#9583,#9592,#9600,#9608,
    #9616,#9625,#9633,#9642));
#9564 = ORIENTED_EDGE('',*,*,#8654,.T.);
#9565 = ORIENTED_EDGE('',*,*,#8685,.T.);
#9566 = ORIENTED_EDGE('',*,*,#9567,.T.);
#9567 = EDGE_CURVE('',#8686,#9568,#9570,.T.);
#9568 = VERTEX_POINT('',#9569);
#9569 = CARTESIAN_POINT('',(-1.771028070737,-0.175,0.398682408883));
#9570 = CIRCLE('',#9571,5.E-02);
#9571 = AXIS2_PLACEMENT_3D('',#9572,#9573,#9574);
#9572 = CARTESIAN_POINT('',(-1.721787683087,-0.175,0.39));
#9573 = DIRECTION('',(-1.144237745222E-17,-1.,-2.189528850508E-47));
#9574 = DIRECTION('',(-4.440892098501E-15,5.081436361563E-32,1.));
#9575 = ORIENTED_EDGE('',*,*,#9576,.T.);
#9576 = EDGE_CURVE('',#9568,#9577,#9579,.T.);
#9577 = VERTEX_POINT('',#9578);
#9578 = CARTESIAN_POINT('',(-1.803494216807,-0.175,0.190060919137));
#9579 = LINE('',#9580,#9581);
#9580 = CARTESIAN_POINT('',(-1.771028070737,-0.175,0.398682408883));
#9581 = VECTOR('',#9582,1.);
#9582 = DIRECTION('',(-0.153771352217,1.759509853409E-18,-0.988106457441
    ));
#9583 = ORIENTED_EDGE('',*,*,#9584,.T.);
#9584 = EDGE_CURVE('',#9577,#9585,#9587,.T.);
#9585 = VERTEX_POINT('',#9586);
#9586 = CARTESIAN_POINT('',(-2.03,-0.175,8.326672684689E-17));
#9587 = CIRCLE('',#9588,0.23);
#9588 = AXIS2_PLACEMENT_3D('',#9589,#9590,#9591);
#9589 = CARTESIAN_POINT('',(-2.03,-0.175,0.23));
#9590 = DIRECTION('',(1.144237745222E-17,1.,7.703719777549E-34));
#9591 = DIRECTION('',(0.984807753012,-1.126854202784E-17,-0.173648177667
    ));
#9592 = ORIENTED_EDGE('',*,*,#9593,.T.);
#9593 = EDGE_CURVE('',#9585,#9594,#9596,.T.);
#9594 = VERTEX_POINT('',#9595);
#9595 = CARTESIAN_POINT('',(-2.45,-0.175,8.326672684689E-17));
#9596 = LINE('',#9597,#9598);
#9597 = CARTESIAN_POINT('',(-2.03,-0.175,8.326672684689E-17));
#9598 = VECTOR('',#9599,1.);
#9599 = DIRECTION('',(-1.,1.144237745222E-17,0.));
#9600 = ORIENTED_EDGE('',*,*,#9601,.T.);
#9601 = EDGE_CURVE('',#9594,#9602,#9604,.T.);
#9602 = VERTEX_POINT('',#9603);
#9603 = CARTESIAN_POINT('',(-2.45,-0.175,0.18));
#9604 = LINE('',#9605,#9606);
#9605 = CARTESIAN_POINT('',(-2.45,-0.175,8.326672684689E-17));
#9606 = VECTOR('',#9607,1.);
#9607 = DIRECTION('',(0.,0.,1.));
#9608 = ORIENTED_EDGE('',*,*,#9609,.T.);
#9609 = EDGE_CURVE('',#9602,#9610,#9612,.T.);
#9610 = VERTEX_POINT('',#9611);
#9611 = CARTESIAN_POINT('',(-2.03,-0.175,0.18));
#9612 = LINE('',#9613,#9614);
#9613 = CARTESIAN_POINT('',(-2.45,-0.175,0.18));
#9614 = VECTOR('',#9615,1.);
#9615 = DIRECTION('',(1.,-1.144237745222E-17,0.));
#9616 = ORIENTED_EDGE('',*,*,#9617,.T.);
#9617 = EDGE_CURVE('',#9610,#9618,#9620,.T.);
#9618 = VERTEX_POINT('',#9619);
#9619 = CARTESIAN_POINT('',(-1.980759612349,-0.175,0.221317591117));
#9620 = CIRCLE('',#9621,5.E-02);
#9621 = AXIS2_PLACEMENT_3D('',#9622,#9623,#9624);
#9622 = CARTESIAN_POINT('',(-2.03,-0.175,0.23));
#9623 = DIRECTION('',(-1.144237745222E-17,-1.,-4.379057701015E-47));
#9624 = DIRECTION('',(-8.881784197001E-15,1.016287272312E-31,-1.));
#9625 = ORIENTED_EDGE('',*,*,#9626,.T.);
#9626 = EDGE_CURVE('',#9618,#9627,#9629,.T.);
#9627 = VERTEX_POINT('',#9628);
#9628 = CARTESIAN_POINT('',(-1.948293466279,-0.175,0.429939080863));
#9629 = LINE('',#9630,#9631);
#9630 = CARTESIAN_POINT('',(-1.980759612349,-0.175,0.221317591117));
#9631 = VECTOR('',#9632,1.);
#9632 = DIRECTION('',(0.153771352217,-1.759509853409E-18,0.988106457441)
  );
#9633 = ORIENTED_EDGE('',*,*,#9634,.T.);
#9634 = EDGE_CURVE('',#9627,#9635,#9637,.T.);
#9635 = VERTEX_POINT('',#9636);
#9636 = CARTESIAN_POINT('',(-1.721787683087,-0.175,0.62));
#9637 = CIRCLE('',#9638,0.23);
#9638 = AXIS2_PLACEMENT_3D('',#9639,#9640,#9641);
#9639 = CARTESIAN_POINT('',(-1.721787683087,-0.175,0.39));
#9640 = DIRECTION('',(1.144237745222E-17,1.,-3.851859888774E-34));
#9641 = DIRECTION('',(-0.984807753012,1.126854202784E-17,0.173648177667)
  );
#9642 = ORIENTED_EDGE('',*,*,#9643,.T.);
#9643 = EDGE_CURVE('',#9635,#8655,#9644,.T.);
#9644 = LINE('',#9645,#9646);
#9645 = CARTESIAN_POINT('',(-1.721787683087,-0.175,0.62));
#9646 = VECTOR('',#9647,1.);
#9647 = DIRECTION('',(1.,-1.144237745222E-17,0.));
#9648 = PLANE('',#9649);
#9649 = AXIS2_PLACEMENT_3D('',#9650,#9651,#9652);
#9650 = CARTESIAN_POINT('',(-1.954356695028,-0.175,0.279475105629));
#9651 = DIRECTION('',(1.144237745222E-17,1.,0.));
#9652 = DIRECTION('',(0.,-0.,1.));
#9653 = ADVANCED_FACE('',(#9654),#9740,.F.);
#9654 = FACE_BOUND('',#9655,.F.);
#9655 = EDGE_LOOP('',(#9656,#9657,#9658,#9667,#9675,#9684,#9692,#9700,
    #9708,#9717,#9725,#9734));
#9656 = ORIENTED_EDGE('',*,*,#8707,.T.);
#9657 = ORIENTED_EDGE('',*,*,#8676,.T.);
#9658 = ORIENTED_EDGE('',*,*,#9659,.T.);
#9659 = EDGE_CURVE('',#8677,#9660,#9662,.T.);
#9660 = VERTEX_POINT('',#9661);
#9661 = CARTESIAN_POINT('',(-1.771028070737,-0.475,0.398682408883));
#9662 = CIRCLE('',#9663,5.E-02);
#9663 = AXIS2_PLACEMENT_3D('',#9664,#9665,#9666);
#9664 = CARTESIAN_POINT('',(-1.721787683087,-0.475,0.39));
#9665 = DIRECTION('',(-1.144237745222E-17,-1.,-2.189528850508E-47));
#9666 = DIRECTION('',(-4.440892098501E-15,5.081436361563E-32,1.));
#9667 = ORIENTED_EDGE('',*,*,#9668,.T.);
#9668 = EDGE_CURVE('',#9660,#9669,#9671,.T.);
#9669 = VERTEX_POINT('',#9670);
#9670 = CARTESIAN_POINT('',(-1.803494216807,-0.475,0.190060919137));
#9671 = LINE('',#9672,#9673);
#9672 = CARTESIAN_POINT('',(-1.771028070737,-0.475,0.398682408883));
#9673 = VECTOR('',#9674,1.);
#9674 = DIRECTION('',(-0.153771352217,1.759509853409E-18,-0.988106457441
    ));
#9675 = ORIENTED_EDGE('',*,*,#9676,.T.);
#9676 = EDGE_CURVE('',#9669,#9677,#9679,.T.);
#9677 = VERTEX_POINT('',#9678);
#9678 = CARTESIAN_POINT('',(-2.03,-0.475,8.326672684689E-17));
#9679 = CIRCLE('',#9680,0.23);
#9680 = AXIS2_PLACEMENT_3D('',#9681,#9682,#9683);
#9681 = CARTESIAN_POINT('',(-2.03,-0.475,0.23));
#9682 = DIRECTION('',(1.144237745222E-17,1.,7.703719777549E-34));
#9683 = DIRECTION('',(0.984807753012,-1.126854202784E-17,-0.173648177667
    ));
#9684 = ORIENTED_EDGE('',*,*,#9685,.T.);
#9685 = EDGE_CURVE('',#9677,#9686,#9688,.T.);
#9686 = VERTEX_POINT('',#9687);
#9687 = CARTESIAN_POINT('',(-2.45,-0.475,8.326672684689E-17));
#9688 = LINE('',#9689,#9690);
#9689 = CARTESIAN_POINT('',(-2.03,-0.475,8.326672684689E-17));
#9690 = VECTOR('',#9691,1.);
#9691 = DIRECTION('',(-1.,1.144237745222E-17,0.));
#9692 = ORIENTED_EDGE('',*,*,#9693,.T.);
#9693 = EDGE_CURVE('',#9686,#9694,#9696,.T.);
#9694 = VERTEX_POINT('',#9695);
#9695 = CARTESIAN_POINT('',(-2.45,-0.475,0.18));
#9696 = LINE('',#9697,#9698);
#9697 = CARTESIAN_POINT('',(-2.45,-0.475,8.326672684689E-17));
#9698 = VECTOR('',#9699,1.);
#9699 = DIRECTION('',(0.,0.,1.));
#9700 = ORIENTED_EDGE('',*,*,#9701,.T.);
#9701 = EDGE_CURVE('',#9694,#9702,#9704,.T.);
#9702 = VERTEX_POINT('',#9703);
#9703 = CARTESIAN_POINT('',(-2.03,-0.475,0.18));
#9704 = LINE('',#9705,#9706);
#9705 = CARTESIAN_POINT('',(-2.45,-0.475,0.18));
#9706 = VECTOR('',#9707,1.);
#9707 = DIRECTION('',(1.,-1.144237745222E-17,0.));
#9708 = ORIENTED_EDGE('',*,*,#9709,.T.);
#9709 = EDGE_CURVE('',#9702,#9710,#9712,.T.);
#9710 = VERTEX_POINT('',#9711);
#9711 = CARTESIAN_POINT('',(-1.980759612349,-0.475,0.221317591117));
#9712 = CIRCLE('',#9713,5.E-02);
#9713 = AXIS2_PLACEMENT_3D('',#9714,#9715,#9716);
#9714 = CARTESIAN_POINT('',(-2.03,-0.475,0.23));
#9715 = DIRECTION('',(-1.144237745222E-17,-1.,-4.379057701015E-47));
#9716 = DIRECTION('',(-8.881784197001E-15,1.016287272312E-31,-1.));
#9717 = ORIENTED_EDGE('',*,*,#9718,.T.);
#9718 = EDGE_CURVE('',#9710,#9719,#9721,.T.);
#9719 = VERTEX_POINT('',#9720);
#9720 = CARTESIAN_POINT('',(-1.948293466279,-0.475,0.429939080863));
#9721 = LINE('',#9722,#9723);
#9722 = CARTESIAN_POINT('',(-1.980759612349,-0.475,0.221317591117));
#9723 = VECTOR('',#9724,1.);
#9724 = DIRECTION('',(0.153771352217,-1.759509853409E-18,0.988106457441)
  );
#9725 = ORIENTED_EDGE('',*,*,#9726,.T.);
#9726 = EDGE_CURVE('',#9719,#9727,#9729,.T.);
#9727 = VERTEX_POINT('',#9728);
#9728 = CARTESIAN_POINT('',(-1.721787683087,-0.475,0.62));
#9729 = CIRCLE('',#9730,0.23);
#9730 = AXIS2_PLACEMENT_3D('',#9731,#9732,#9733);
#9731 = CARTESIAN_POINT('',(-1.721787683087,-0.475,0.39));
#9732 = DIRECTION('',(1.144237745222E-17,1.,-3.851859888774E-34));
#9733 = DIRECTION('',(-0.984807753012,1.126854202784E-17,0.173648177667)
  );
#9734 = ORIENTED_EDGE('',*,*,#9735,.T.);
#9735 = EDGE_CURVE('',#9727,#8708,#9736,.T.);
#9736 = LINE('',#9737,#9738);
#9737 = CARTESIAN_POINT('',(-1.721787683087,-0.475,0.62));
#9738 = VECTOR('',#9739,1.);
#9739 = DIRECTION('',(1.,-1.144237745222E-17,0.));
#9740 = PLANE('',#9741);
#9741 = AXIS2_PLACEMENT_3D('',#9742,#9743,#9744);
#9742 = CARTESIAN_POINT('',(-1.954356695028,-0.475,0.279475105629));
#9743 = DIRECTION('',(1.144237745222E-17,1.,0.));
#9744 = DIRECTION('',(0.,-0.,1.));
#9745 = ADVANCED_FACE('',(#9746),#9757,.F.);
#9746 = FACE_BOUND('',#9747,.F.);
#9747 = EDGE_LOOP('',(#9748,#9749,#9750,#9756));
#9748 = ORIENTED_EDGE('',*,*,#8693,.T.);
#9749 = ORIENTED_EDGE('',*,*,#9567,.T.);
#9750 = ORIENTED_EDGE('',*,*,#9751,.F.);
#9751 = EDGE_CURVE('',#9660,#9568,#9752,.T.);
#9752 = LINE('',#9753,#9754);
#9753 = CARTESIAN_POINT('',(-1.771028070737,-0.475,0.398682408883));
#9754 = VECTOR('',#9755,1.);
#9755 = DIRECTION('',(1.144237745222E-17,1.,0.));
#9756 = ORIENTED_EDGE('',*,*,#9659,.F.);
#9757 = CYLINDRICAL_SURFACE('',#9758,5.E-02);
#9758 = AXIS2_PLACEMENT_3D('',#9759,#9760,#9761);
#9759 = CARTESIAN_POINT('',(-1.721787683087,-0.475,0.39));
#9760 = DIRECTION('',(-1.144237745222E-17,-1.,0.));
#9761 = DIRECTION('',(-4.440892098501E-15,5.081436361563E-32,1.));
#9762 = ADVANCED_FACE('',(#9763),#9788,.T.);
#9763 = FACE_BOUND('',#9764,.T.);
#9764 = EDGE_LOOP('',(#9765,#9773,#9774,#9782));
#9765 = ORIENTED_EDGE('',*,*,#9766,.F.);
#9766 = EDGE_CURVE('',#8708,#9767,#9769,.T.);
#9767 = VERTEX_POINT('',#9768);
#9768 = CARTESIAN_POINT('',(-1.4995,-0.475,0.62));
#9769 = LINE('',#9770,#9771);
#9770 = CARTESIAN_POINT('',(-1.721787683087,-0.475,0.62));
#9771 = VECTOR('',#9772,1.);
#9772 = DIRECTION('',(1.,-1.144237745222E-17,0.));
#9773 = ORIENTED_EDGE('',*,*,#8724,.T.);
#9774 = ORIENTED_EDGE('',*,*,#9775,.T.);
#9775 = EDGE_CURVE('',#8717,#9776,#9778,.T.);
#9776 = VERTEX_POINT('',#9777);
#9777 = CARTESIAN_POINT('',(-1.4995,-0.825,0.62));
#9778 = LINE('',#9779,#9780);
#9779 = CARTESIAN_POINT('',(-1.721787683087,-0.825,0.62));
#9780 = VECTOR('',#9781,1.);
#9781 = DIRECTION('',(1.,-1.144237745222E-17,0.));
#9782 = ORIENTED_EDGE('',*,*,#9783,.F.);
#9783 = EDGE_CURVE('',#9767,#9776,#9784,.T.);
#9784 = LINE('',#9785,#9786);
#9785 = CARTESIAN_POINT('',(-1.4995,1.4995,0.62));
#9786 = VECTOR('',#9787,1.);
#9787 = DIRECTION('',(1.110223024625E-16,-1.,0.));
#9788 = PLANE('',#9789);
#9789 = AXIS2_PLACEMENT_3D('',#9790,#9791,#9792);
#9790 = CARTESIAN_POINT('',(-1.49975,-5.273077658632E-17,0.62));
#9791 = DIRECTION('',(-4.563658129377E-25,1.721000270187E-32,1.));
#9792 = DIRECTION('',(1.183632748202E-16,-1.,1.721000275589E-32));
#9793 = ADVANCED_FACE('',(#9794),#9880,.T.);
#9794 = FACE_BOUND('',#9795,.T.);
#9795 = EDGE_LOOP('',(#9796,#9797,#9798,#9807,#9815,#9824,#9832,#9840,
    #9848,#9857,#9865,#9874));
#9796 = ORIENTED_EDGE('',*,*,#8716,.T.);
#9797 = ORIENTED_EDGE('',*,*,#8747,.T.);
#9798 = ORIENTED_EDGE('',*,*,#9799,.T.);
#9799 = EDGE_CURVE('',#8748,#9800,#9802,.T.);
#9800 = VERTEX_POINT('',#9801);
#9801 = CARTESIAN_POINT('',(-1.771028070737,-0.825,0.398682408883));
#9802 = CIRCLE('',#9803,5.E-02);
#9803 = AXIS2_PLACEMENT_3D('',#9804,#9805,#9806);
#9804 = CARTESIAN_POINT('',(-1.721787683087,-0.825,0.39));
#9805 = DIRECTION('',(-1.144237745222E-17,-1.,-2.189528850508E-47));
#9806 = DIRECTION('',(-4.440892098501E-15,5.081436361563E-32,1.));
#9807 = ORIENTED_EDGE('',*,*,#9808,.T.);
#9808 = EDGE_CURVE('',#9800,#9809,#9811,.T.);
#9809 = VERTEX_POINT('',#9810);
#9810 = CARTESIAN_POINT('',(-1.803494216807,-0.825,0.190060919137));
#9811 = LINE('',#9812,#9813);
#9812 = CARTESIAN_POINT('',(-1.771028070737,-0.825,0.398682408883));
#9813 = VECTOR('',#9814,1.);
#9814 = DIRECTION('',(-0.153771352217,1.759509853409E-18,-0.988106457441
    ));
#9815 = ORIENTED_EDGE('',*,*,#9816,.T.);
#9816 = EDGE_CURVE('',#9809,#9817,#9819,.T.);
#9817 = VERTEX_POINT('',#9818);
#9818 = CARTESIAN_POINT('',(-2.03,-0.825,8.326672684689E-17));
#9819 = CIRCLE('',#9820,0.23);
#9820 = AXIS2_PLACEMENT_3D('',#9821,#9822,#9823);
#9821 = CARTESIAN_POINT('',(-2.03,-0.825,0.23));
#9822 = DIRECTION('',(1.144237745222E-17,1.,7.703719777549E-34));
#9823 = DIRECTION('',(0.984807753012,-1.126854202784E-17,-0.173648177667
    ));
#9824 = ORIENTED_EDGE('',*,*,#9825,.T.);
#9825 = EDGE_CURVE('',#9817,#9826,#9828,.T.);
#9826 = VERTEX_POINT('',#9827);
#9827 = CARTESIAN_POINT('',(-2.45,-0.825,8.326672684689E-17));
#9828 = LINE('',#9829,#9830);
#9829 = CARTESIAN_POINT('',(-2.03,-0.825,8.326672684689E-17));
#9830 = VECTOR('',#9831,1.);
#9831 = DIRECTION('',(-1.,1.144237745222E-17,0.));
#9832 = ORIENTED_EDGE('',*,*,#9833,.T.);
#9833 = EDGE_CURVE('',#9826,#9834,#9836,.T.);
#9834 = VERTEX_POINT('',#9835);
#9835 = CARTESIAN_POINT('',(-2.45,-0.825,0.18));
#9836 = LINE('',#9837,#9838);
#9837 = CARTESIAN_POINT('',(-2.45,-0.825,8.326672684689E-17));
#9838 = VECTOR('',#9839,1.);
#9839 = DIRECTION('',(0.,0.,1.));
#9840 = ORIENTED_EDGE('',*,*,#9841,.T.);
#9841 = EDGE_CURVE('',#9834,#9842,#9844,.T.);
#9842 = VERTEX_POINT('',#9843);
#9843 = CARTESIAN_POINT('',(-2.03,-0.825,0.18));
#9844 = LINE('',#9845,#9846);
#9845 = CARTESIAN_POINT('',(-2.45,-0.825,0.18));
#9846 = VECTOR('',#9847,1.);
#9847 = DIRECTION('',(1.,-1.144237745222E-17,0.));
#9848 = ORIENTED_EDGE('',*,*,#9849,.T.);
#9849 = EDGE_CURVE('',#9842,#9850,#9852,.T.);
#9850 = VERTEX_POINT('',#9851);
#9851 = CARTESIAN_POINT('',(-1.980759612349,-0.825,0.221317591117));
#9852 = CIRCLE('',#9853,5.E-02);
#9853 = AXIS2_PLACEMENT_3D('',#9854,#9855,#9856);
#9854 = CARTESIAN_POINT('',(-2.03,-0.825,0.23));
#9855 = DIRECTION('',(-1.144237745222E-17,-1.,-4.379057701015E-47));
#9856 = DIRECTION('',(-8.881784197001E-15,1.016287272312E-31,-1.));
#9857 = ORIENTED_EDGE('',*,*,#9858,.T.);
#9858 = EDGE_CURVE('',#9850,#9859,#9861,.T.);
#9859 = VERTEX_POINT('',#9860);
#9860 = CARTESIAN_POINT('',(-1.948293466279,-0.825,0.429939080863));
#9861 = LINE('',#9862,#9863);
#9862 = CARTESIAN_POINT('',(-1.980759612349,-0.825,0.221317591117));
#9863 = VECTOR('',#9864,1.);
#9864 = DIRECTION('',(0.153771352217,-1.759509853409E-18,0.988106457441)
  );
#9865 = ORIENTED_EDGE('',*,*,#9866,.T.);
#9866 = EDGE_CURVE('',#9859,#9867,#9869,.T.);
#9867 = VERTEX_POINT('',#9868);
#9868 = CARTESIAN_POINT('',(-1.721787683087,-0.825,0.62));
#9869 = CIRCLE('',#9870,0.23);
#9870 = AXIS2_PLACEMENT_3D('',#9871,#9872,#9873);
#9871 = CARTESIAN_POINT('',(-1.721787683087,-0.825,0.39));
#9872 = DIRECTION('',(1.144237745222E-17,1.,-3.851859888774E-34));
#9873 = DIRECTION('',(-0.984807753012,1.126854202784E-17,0.173648177667)
  );
#9874 = ORIENTED_EDGE('',*,*,#9875,.T.);
#9875 = EDGE_CURVE('',#9867,#8717,#9876,.T.);
#9876 = LINE('',#9877,#9878);
#9877 = CARTESIAN_POINT('',(-1.721787683087,-0.825,0.62));
#9878 = VECTOR('',#9879,1.);
#9879 = DIRECTION('',(1.,-1.144237745222E-17,0.));
#9880 = PLANE('',#9881);
#9881 = AXIS2_PLACEMENT_3D('',#9882,#9883,#9884);
#9882 = CARTESIAN_POINT('',(-1.954356695028,-0.825,0.279475105629));
#9883 = DIRECTION('',(1.144237745222E-17,1.,0.));
#9884 = DIRECTION('',(0.,-0.,1.));
#9885 = ADVANCED_FACE('',(#9886),#9972,.F.);
#9886 = FACE_BOUND('',#9887,.F.);
#9887 = EDGE_LOOP('',(#9888,#9889,#9890,#9899,#9907,#9916,#9924,#9932,
    #9940,#9949,#9957,#9966));
#9888 = ORIENTED_EDGE('',*,*,#8769,.T.);
#9889 = ORIENTED_EDGE('',*,*,#8738,.T.);
#9890 = ORIENTED_EDGE('',*,*,#9891,.T.);
#9891 = EDGE_CURVE('',#8739,#9892,#9894,.T.);
#9892 = VERTEX_POINT('',#9893);
#9893 = CARTESIAN_POINT('',(-1.771028070737,-1.125,0.398682408883));
#9894 = CIRCLE('',#9895,5.E-02);
#9895 = AXIS2_PLACEMENT_3D('',#9896,#9897,#9898);
#9896 = CARTESIAN_POINT('',(-1.721787683087,-1.125,0.39));
#9897 = DIRECTION('',(-1.144237745222E-17,-1.,-2.189528850508E-47));
#9898 = DIRECTION('',(-4.440892098501E-15,5.081436361563E-32,1.));
#9899 = ORIENTED_EDGE('',*,*,#9900,.T.);
#9900 = EDGE_CURVE('',#9892,#9901,#9903,.T.);
#9901 = VERTEX_POINT('',#9902);
#9902 = CARTESIAN_POINT('',(-1.803494216807,-1.125,0.190060919137));
#9903 = LINE('',#9904,#9905);
#9904 = CARTESIAN_POINT('',(-1.771028070737,-1.125,0.398682408883));
#9905 = VECTOR('',#9906,1.);
#9906 = DIRECTION('',(-0.153771352217,1.759509853409E-18,-0.988106457441
    ));
#9907 = ORIENTED_EDGE('',*,*,#9908,.T.);
#9908 = EDGE_CURVE('',#9901,#9909,#9911,.T.);
#9909 = VERTEX_POINT('',#9910);
#9910 = CARTESIAN_POINT('',(-2.03,-1.125,8.326672684689E-17));
#9911 = CIRCLE('',#9912,0.23);
#9912 = AXIS2_PLACEMENT_3D('',#9913,#9914,#9915);
#9913 = CARTESIAN_POINT('',(-2.03,-1.125,0.23));
#9914 = DIRECTION('',(1.144237745222E-17,1.,7.703719777549E-34));
#9915 = DIRECTION('',(0.984807753012,-1.126854202784E-17,-0.173648177667
    ));
#9916 = ORIENTED_EDGE('',*,*,#9917,.T.);
#9917 = EDGE_CURVE('',#9909,#9918,#9920,.T.);
#9918 = VERTEX_POINT('',#9919);
#9919 = CARTESIAN_POINT('',(-2.45,-1.125,8.326672684689E-17));
#9920 = LINE('',#9921,#9922);
#9921 = CARTESIAN_POINT('',(-2.03,-1.125,8.326672684689E-17));
#9922 = VECTOR('',#9923,1.);
#9923 = DIRECTION('',(-1.,1.144237745222E-17,0.));
#9924 = ORIENTED_EDGE('',*,*,#9925,.T.);
#9925 = EDGE_CURVE('',#9918,#9926,#9928,.T.);
#9926 = VERTEX_POINT('',#9927);
#9927 = CARTESIAN_POINT('',(-2.45,-1.125,0.18));
#9928 = LINE('',#9929,#9930);
#9929 = CARTESIAN_POINT('',(-2.45,-1.125,8.326672684689E-17));
#9930 = VECTOR('',#9931,1.);
#9931 = DIRECTION('',(0.,0.,1.));
#9932 = ORIENTED_EDGE('',*,*,#9933,.T.);
#9933 = EDGE_CURVE('',#9926,#9934,#9936,.T.);
#9934 = VERTEX_POINT('',#9935);
#9935 = CARTESIAN_POINT('',(-2.03,-1.125,0.18));
#9936 = LINE('',#9937,#9938);
#9937 = CARTESIAN_POINT('',(-2.45,-1.125,0.18));
#9938 = VECTOR('',#9939,1.);
#9939 = DIRECTION('',(1.,-1.144237745222E-17,0.));
#9940 = ORIENTED_EDGE('',*,*,#9941,.T.);
#9941 = EDGE_CURVE('',#9934,#9942,#9944,.T.);
#9942 = VERTEX_POINT('',#9943);
#9943 = CARTESIAN_POINT('',(-1.980759612349,-1.125,0.221317591117));
#9944 = CIRCLE('',#9945,5.E-02);
#9945 = AXIS2_PLACEMENT_3D('',#9946,#9947,#9948);
#9946 = CARTESIAN_POINT('',(-2.03,-1.125,0.23));
#9947 = DIRECTION('',(-1.144237745222E-17,-1.,-4.379057701015E-47));
#9948 = DIRECTION('',(-8.881784197001E-15,1.016287272312E-31,-1.));
#9949 = ORIENTED_EDGE('',*,*,#9950,.T.);
#9950 = EDGE_CURVE('',#9942,#9951,#9953,.T.);
#9951 = VERTEX_POINT('',#9952);
#9952 = CARTESIAN_POINT('',(-1.948293466279,-1.125,0.429939080863));
#9953 = LINE('',#9954,#9955);
#9954 = CARTESIAN_POINT('',(-1.980759612349,-1.125,0.221317591117));
#9955 = VECTOR('',#9956,1.);
#9956 = DIRECTION('',(0.153771352217,-1.759509853409E-18,0.988106457441)
  );
#9957 = ORIENTED_EDGE('',*,*,#9958,.T.);
#9958 = EDGE_CURVE('',#9951,#9959,#9961,.T.);
#9959 = VERTEX_POINT('',#9960);
#9960 = CARTESIAN_POINT('',(-1.721787683087,-1.125,0.62));
#9961 = CIRCLE('',#9962,0.23);
#9962 = AXIS2_PLACEMENT_3D('',#9963,#9964,#9965);
#9963 = CARTESIAN_POINT('',(-1.721787683087,-1.125,0.39));
#9964 = DIRECTION('',(1.144237745222E-17,1.,-3.851859888774E-34));
#9965 = DIRECTION('',(-0.984807753012,1.126854202784E-17,0.173648177667)
  );
#9966 = ORIENTED_EDGE('',*,*,#9967,.T.);
#9967 = EDGE_CURVE('',#9959,#8770,#9968,.T.);
#9968 = LINE('',#9969,#9970);
#9969 = CARTESIAN_POINT('',(-1.721787683087,-1.125,0.62));
#9970 = VECTOR('',#9971,1.);
#9971 = DIRECTION('',(1.,-1.144237745222E-17,0.));
#9972 = PLANE('',#9973);
#9973 = AXIS2_PLACEMENT_3D('',#9974,#9975,#9976);
#9974 = CARTESIAN_POINT('',(-1.954356695028,-1.125,0.279475105629));
#9975 = DIRECTION('',(1.144237745222E-17,1.,0.));
#9976 = DIRECTION('',(0.,-0.,1.));
#9977 = ADVANCED_FACE('',(#9978),#9989,.F.);
#9978 = FACE_BOUND('',#9979,.F.);
#9979 = EDGE_LOOP('',(#9980,#9981,#9982,#9988));
#9980 = ORIENTED_EDGE('',*,*,#8755,.T.);
#9981 = ORIENTED_EDGE('',*,*,#9799,.T.);
#9982 = ORIENTED_EDGE('',*,*,#9983,.F.);
#9983 = EDGE_CURVE('',#9892,#9800,#9984,.T.);
#9984 = LINE('',#9985,#9986);
#9985 = CARTESIAN_POINT('',(-1.771028070737,-1.125,0.398682408883));
#9986 = VECTOR('',#9987,1.);
#9987 = DIRECTION('',(1.144237745222E-17,1.,0.));
#9988 = ORIENTED_EDGE('',*,*,#9891,.F.);
#9989 = CYLINDRICAL_SURFACE('',#9990,5.E-02);
#9990 = AXIS2_PLACEMENT_3D('',#9991,#9992,#9993);
#9991 = CARTESIAN_POINT('',(-1.721787683087,-1.125,0.39));
#9992 = DIRECTION('',(-1.144237745222E-17,-1.,0.));
#9993 = DIRECTION('',(-4.440892098501E-15,5.081436361563E-32,1.));
#9994 = ADVANCED_FACE('',(#9995),#10045,.T.);
#9995 = FACE_BOUND('',#9996,.T.);
#9996 = EDGE_LOOP('',(#9997,#10005,#10006,#10007,#10015,#10023,#10031,
    #10039));
#9997 = ORIENTED_EDGE('',*,*,#9998,.F.);
#9998 = EDGE_CURVE('',#8770,#9999,#10001,.T.);
#9999 = VERTEX_POINT('',#10000);
#10000 = CARTESIAN_POINT('',(-1.4995,-1.125,0.62));
#10001 = LINE('',#10002,#10003);
#10002 = CARTESIAN_POINT('',(-1.721787683087,-1.125,0.62));
#10003 = VECTOR('',#10004,1.);
#10004 = DIRECTION('',(1.,-1.144237745222E-17,0.));
#10005 = ORIENTED_EDGE('',*,*,#8785,.T.);
#10006 = ORIENTED_EDGE('',*,*,#9007,.T.);
#10007 = ORIENTED_EDGE('',*,*,#10008,.T.);
#10008 = EDGE_CURVE('',#9001,#10009,#10011,.T.);
#10009 = VERTEX_POINT('',#10010);
#10010 = CARTESIAN_POINT('',(1.5,-1.125,0.62));
#10011 = LINE('',#10012,#10013);
#10012 = CARTESIAN_POINT('',(1.5,-1.5,0.62));
#10013 = VECTOR('',#10014,1.);
#10014 = DIRECTION('',(-1.110223024625E-16,1.,0.));
#10015 = ORIENTED_EDGE('',*,*,#10016,.T.);
#10016 = EDGE_CURVE('',#10009,#10017,#10019,.T.);
#10017 = VERTEX_POINT('',#10018);
#10018 = CARTESIAN_POINT('',(1.4995,-1.125,0.62));
#10019 = LINE('',#10020,#10021);
#10020 = CARTESIAN_POINT('',(1.721787683087,-1.125,0.62));
#10021 = VECTOR('',#10022,1.);
#10022 = DIRECTION('',(-1.,-1.110223024625E-16,0.));
#10023 = ORIENTED_EDGE('',*,*,#10024,.F.);
#10024 = EDGE_CURVE('',#10025,#10017,#10027,.T.);
#10025 = VERTEX_POINT('',#10026);
#10026 = CARTESIAN_POINT('',(1.4995,-1.4995,0.62));
#10027 = LINE('',#10028,#10029);
#10028 = CARTESIAN_POINT('',(1.4995,-1.4995,0.62));
#10029 = VECTOR('',#10030,1.);
#10030 = DIRECTION('',(-1.110223024625E-16,1.,0.));
#10031 = ORIENTED_EDGE('',*,*,#10032,.F.);
#10032 = EDGE_CURVE('',#10033,#10025,#10035,.T.);
#10033 = VERTEX_POINT('',#10034);
#10034 = CARTESIAN_POINT('',(-1.4995,-1.4995,0.62));
#10035 = LINE('',#10036,#10037);
#10036 = CARTESIAN_POINT('',(-1.4995,-1.4995,0.62));
#10037 = VECTOR('',#10038,1.);
#10038 = DIRECTION('',(1.,1.110223024625E-16,0.));
#10039 = ORIENTED_EDGE('',*,*,#10040,.F.);
#10040 = EDGE_CURVE('',#9999,#10033,#10041,.T.);
#10041 = LINE('',#10042,#10043);
#10042 = CARTESIAN_POINT('',(-1.4995,1.4995,0.62));
#10043 = VECTOR('',#10044,1.);
#10044 = DIRECTION('',(1.110223024625E-16,-1.,0.));
#10045 = PLANE('',#10046);
#10046 = AXIS2_PLACEMENT_3D('',#10047,#10048,#10049);
#10047 = CARTESIAN_POINT('',(-1.49975,-5.273077658632E-17,0.62));
#10048 = DIRECTION('',(-4.563658129377E-25,1.721000270187E-32,1.));
#10049 = DIRECTION('',(1.183632748202E-16,-1.,1.721000275589E-32));
#10050 = ADVANCED_FACE('',(#10051),#10062,.T.);
#10051 = FACE_BOUND('',#10052,.T.);
#10052 = EDGE_LOOP('',(#10053,#10054,#10055,#10061));
#10053 = ORIENTED_EDGE('',*,*,#9000,.F.);
#10054 = ORIENTED_EDGE('',*,*,#8888,.T.);
#10055 = ORIENTED_EDGE('',*,*,#10056,.F.);
#10056 = EDGE_CURVE('',#10009,#8881,#10057,.T.);
#10057 = LINE('',#10058,#10059);
#10058 = CARTESIAN_POINT('',(1.5,-1.125,0.449737552815));
#10059 = VECTOR('',#10060,1.);
#10060 = DIRECTION('',(0.,0.,-1.));
#10061 = ORIENTED_EDGE('',*,*,#10008,.F.);
#10062 = PLANE('',#10063);
#10063 = AXIS2_PLACEMENT_3D('',#10064,#10065,#10066);
#10064 = CARTESIAN_POINT('',(1.5,-1.5,0.62));
#10065 = DIRECTION('',(1.,1.110223024625E-16,0.));
#10066 = DIRECTION('',(-1.110223024625E-16,1.,0.));
#10067 = ADVANCED_FACE('',(#10068),#10093,.F.);
#10068 = FACE_BOUND('',#10069,.F.);
#10069 = EDGE_LOOP('',(#10070,#10078,#10079,#10087));
#10070 = ORIENTED_EDGE('',*,*,#10071,.F.);
#10071 = EDGE_CURVE('',#8873,#10072,#10074,.T.);
#10072 = VERTEX_POINT('',#10073);
#10073 = CARTESIAN_POINT('',(1.721787683087,-0.825,0.44));
#10074 = LINE('',#10075,#10076);
#10075 = CARTESIAN_POINT('',(1.499,-0.825,0.44));
#10076 = VECTOR('',#10077,1.);
#10077 = DIRECTION('',(1.,1.110223024625E-16,0.));
#10078 = ORIENTED_EDGE('',*,*,#8880,.F.);
#10079 = ORIENTED_EDGE('',*,*,#10080,.T.);
#10080 = EDGE_CURVE('',#8881,#10081,#10083,.T.);
#10081 = VERTEX_POINT('',#10082);
#10082 = CARTESIAN_POINT('',(1.721787683087,-1.125,0.44));
#10083 = LINE('',#10084,#10085);
#10084 = CARTESIAN_POINT('',(1.499,-1.125,0.44));
#10085 = VECTOR('',#10086,1.);
#10086 = DIRECTION('',(1.,1.110223024625E-16,0.));
#10087 = ORIENTED_EDGE('',*,*,#10088,.F.);
#10088 = EDGE_CURVE('',#10072,#10081,#10089,.T.);
#10089 = LINE('',#10090,#10091);
#10090 = CARTESIAN_POINT('',(1.721787683087,-0.825,0.44));
#10091 = VECTOR('',#10092,1.);
#10092 = DIRECTION('',(1.110223024625E-16,-1.,0.));
#10093 = PLANE('',#10094);
#10094 = AXIS2_PLACEMENT_3D('',#10095,#10096,#10097);
#10095 = CARTESIAN_POINT('',(1.499,-0.825,0.44));
#10096 = DIRECTION('',(0.,0.,1.));
#10097 = DIRECTION('',(1.,1.110223024625E-16,-0.));
#10098 = ADVANCED_FACE('',(#10099),#10124,.T.);
#10099 = FACE_BOUND('',#10100,.T.);
#10100 = EDGE_LOOP('',(#10101,#10109,#10110,#10118));
#10101 = ORIENTED_EDGE('',*,*,#10102,.T.);
#10102 = EDGE_CURVE('',#10103,#8873,#10105,.T.);
#10103 = VERTEX_POINT('',#10104);
#10104 = CARTESIAN_POINT('',(1.5,-0.825,0.62));
#10105 = LINE('',#10106,#10107);
#10106 = CARTESIAN_POINT('',(1.5,-0.825,0.449737552815));
#10107 = VECTOR('',#10108,1.);
#10108 = DIRECTION('',(0.,0.,-1.));
#10109 = ORIENTED_EDGE('',*,*,#8872,.T.);
#10110 = ORIENTED_EDGE('',*,*,#10111,.F.);
#10111 = EDGE_CURVE('',#10112,#8865,#10114,.T.);
#10112 = VERTEX_POINT('',#10113);
#10113 = CARTESIAN_POINT('',(1.5,-0.475,0.62));
#10114 = LINE('',#10115,#10116);
#10115 = CARTESIAN_POINT('',(1.5,-0.475,0.449737552815));
#10116 = VECTOR('',#10117,1.);
#10117 = DIRECTION('',(0.,0.,-1.));
#10118 = ORIENTED_EDGE('',*,*,#10119,.F.);
#10119 = EDGE_CURVE('',#10103,#10112,#10120,.T.);
#10120 = LINE('',#10121,#10122);
#10121 = CARTESIAN_POINT('',(1.5,-1.5,0.62));
#10122 = VECTOR('',#10123,1.);
#10123 = DIRECTION('',(-1.110223024625E-16,1.,0.));
#10124 = PLANE('',#10125);
#10125 = AXIS2_PLACEMENT_3D('',#10126,#10127,#10128);
#10126 = CARTESIAN_POINT('',(1.5,-1.5,0.62));
#10127 = DIRECTION('',(1.,1.110223024625E-16,0.));
#10128 = DIRECTION('',(-1.110223024625E-16,1.,0.));
#10129 = ADVANCED_FACE('',(#10130),#10155,.F.);
#10130 = FACE_BOUND('',#10131,.F.);
#10131 = EDGE_LOOP('',(#10132,#10140,#10141,#10149));
#10132 = ORIENTED_EDGE('',*,*,#10133,.F.);
#10133 = EDGE_CURVE('',#8857,#10134,#10136,.T.);
#10134 = VERTEX_POINT('',#10135);
#10135 = CARTESIAN_POINT('',(1.721787683087,-0.175,0.44));
#10136 = LINE('',#10137,#10138);
#10137 = CARTESIAN_POINT('',(1.499,-0.175,0.44));
#10138 = VECTOR('',#10139,1.);
#10139 = DIRECTION('',(1.,1.110223024625E-16,0.));
#10140 = ORIENTED_EDGE('',*,*,#8864,.F.);
#10141 = ORIENTED_EDGE('',*,*,#10142,.T.);
#10142 = EDGE_CURVE('',#8865,#10143,#10145,.T.);
#10143 = VERTEX_POINT('',#10144);
#10144 = CARTESIAN_POINT('',(1.721787683087,-0.475,0.44));
#10145 = LINE('',#10146,#10147);
#10146 = CARTESIAN_POINT('',(1.499,-0.475,0.44));
#10147 = VECTOR('',#10148,1.);
#10148 = DIRECTION('',(1.,1.110223024625E-16,0.));
#10149 = ORIENTED_EDGE('',*,*,#10150,.F.);
#10150 = EDGE_CURVE('',#10134,#10143,#10151,.T.);
#10151 = LINE('',#10152,#10153);
#10152 = CARTESIAN_POINT('',(1.721787683087,-0.175,0.44));
#10153 = VECTOR('',#10154,1.);
#10154 = DIRECTION('',(1.110223024625E-16,-1.,0.));
#10155 = PLANE('',#10156);
#10156 = AXIS2_PLACEMENT_3D('',#10157,#10158,#10159);
#10157 = CARTESIAN_POINT('',(1.499,-0.175,0.44));
#10158 = DIRECTION('',(0.,0.,1.));
#10159 = DIRECTION('',(1.,1.110223024625E-16,-0.));
#10160 = ADVANCED_FACE('',(#10161),#10186,.T.);
#10161 = FACE_BOUND('',#10162,.T.);
#10162 = EDGE_LOOP('',(#10163,#10171,#10172,#10180));
#10163 = ORIENTED_EDGE('',*,*,#10164,.T.);
#10164 = EDGE_CURVE('',#10165,#8857,#10167,.T.);
#10165 = VERTEX_POINT('',#10166);
#10166 = CARTESIAN_POINT('',(1.5,-0.175,0.62));
#10167 = LINE('',#10168,#10169);
#10168 = CARTESIAN_POINT('',(1.5,-0.175,0.449737552815));
#10169 = VECTOR('',#10170,1.);
#10170 = DIRECTION('',(0.,0.,-1.));
#10171 = ORIENTED_EDGE('',*,*,#8856,.T.);
#10172 = ORIENTED_EDGE('',*,*,#10173,.F.);
#10173 = EDGE_CURVE('',#10174,#8849,#10176,.T.);
#10174 = VERTEX_POINT('',#10175);
#10175 = CARTESIAN_POINT('',(1.5,0.175,0.62));
#10176 = LINE('',#10177,#10178);
#10177 = CARTESIAN_POINT('',(1.5,0.175,0.449737552815));
#10178 = VECTOR('',#10179,1.);
#10179 = DIRECTION('',(0.,0.,-1.));
#10180 = ORIENTED_EDGE('',*,*,#10181,.F.);
#10181 = EDGE_CURVE('',#10165,#10174,#10182,.T.);
#10182 = LINE('',#10183,#10184);
#10183 = CARTESIAN_POINT('',(1.5,-1.5,0.62));
#10184 = VECTOR('',#10185,1.);
#10185 = DIRECTION('',(-1.110223024625E-16,1.,0.));
#10186 = PLANE('',#10187);
#10187 = AXIS2_PLACEMENT_3D('',#10188,#10189,#10190);
#10188 = CARTESIAN_POINT('',(1.5,-1.5,0.62));
#10189 = DIRECTION('',(1.,1.110223024625E-16,0.));
#10190 = DIRECTION('',(-1.110223024625E-16,1.,0.));
#10191 = ADVANCED_FACE('',(#10192),#10217,.F.);
#10192 = FACE_BOUND('',#10193,.F.);
#10193 = EDGE_LOOP('',(#10194,#10202,#10203,#10211));
#10194 = ORIENTED_EDGE('',*,*,#10195,.F.);
#10195 = EDGE_CURVE('',#8841,#10196,#10198,.T.);
#10196 = VERTEX_POINT('',#10197);
#10197 = CARTESIAN_POINT('',(1.721787683087,0.475,0.44));
#10198 = LINE('',#10199,#10200);
#10199 = CARTESIAN_POINT('',(1.499,0.475,0.44));
#10200 = VECTOR('',#10201,1.);
#10201 = DIRECTION('',(1.,1.110223024625E-16,0.));
#10202 = ORIENTED_EDGE('',*,*,#8848,.F.);
#10203 = ORIENTED_EDGE('',*,*,#10204,.T.);
#10204 = EDGE_CURVE('',#8849,#10205,#10207,.T.);
#10205 = VERTEX_POINT('',#10206);
#10206 = CARTESIAN_POINT('',(1.721787683087,0.175,0.44));
#10207 = LINE('',#10208,#10209);
#10208 = CARTESIAN_POINT('',(1.499,0.175,0.44));
#10209 = VECTOR('',#10210,1.);
#10210 = DIRECTION('',(1.,1.110223024625E-16,0.));
#10211 = ORIENTED_EDGE('',*,*,#10212,.F.);
#10212 = EDGE_CURVE('',#10196,#10205,#10213,.T.);
#10213 = LINE('',#10214,#10215);
#10214 = CARTESIAN_POINT('',(1.721787683087,0.475,0.44));
#10215 = VECTOR('',#10216,1.);
#10216 = DIRECTION('',(1.110223024625E-16,-1.,0.));
#10217 = PLANE('',#10218);
#10218 = AXIS2_PLACEMENT_3D('',#10219,#10220,#10221);
#10219 = CARTESIAN_POINT('',(1.499,0.475,0.44));
#10220 = DIRECTION('',(0.,0.,1.));
#10221 = DIRECTION('',(1.,1.110223024625E-16,-0.));
#10222 = ADVANCED_FACE('',(#10223),#10248,.T.);
#10223 = FACE_BOUND('',#10224,.T.);
#10224 = EDGE_LOOP('',(#10225,#10233,#10234,#10242));
#10225 = ORIENTED_EDGE('',*,*,#10226,.T.);
#10226 = EDGE_CURVE('',#10227,#8841,#10229,.T.);
#10227 = VERTEX_POINT('',#10228);
#10228 = CARTESIAN_POINT('',(1.5,0.475,0.62));
#10229 = LINE('',#10230,#10231);
#10230 = CARTESIAN_POINT('',(1.5,0.475,0.449737552815));
#10231 = VECTOR('',#10232,1.);
#10232 = DIRECTION('',(0.,0.,-1.));
#10233 = ORIENTED_EDGE('',*,*,#8840,.T.);
#10234 = ORIENTED_EDGE('',*,*,#10235,.F.);
#10235 = EDGE_CURVE('',#10236,#8833,#10238,.T.);
#10236 = VERTEX_POINT('',#10237);
#10237 = CARTESIAN_POINT('',(1.5,0.825,0.62));
#10238 = LINE('',#10239,#10240);
#10239 = CARTESIAN_POINT('',(1.5,0.825,0.449737552815));
#10240 = VECTOR('',#10241,1.);
#10241 = DIRECTION('',(0.,0.,-1.));
#10242 = ORIENTED_EDGE('',*,*,#10243,.F.);
#10243 = EDGE_CURVE('',#10227,#10236,#10244,.T.);
#10244 = LINE('',#10245,#10246);
#10245 = CARTESIAN_POINT('',(1.5,-1.5,0.62));
#10246 = VECTOR('',#10247,1.);
#10247 = DIRECTION('',(-1.110223024625E-16,1.,0.));
#10248 = PLANE('',#10249);
#10249 = AXIS2_PLACEMENT_3D('',#10250,#10251,#10252);
#10250 = CARTESIAN_POINT('',(1.5,-1.5,0.62));
#10251 = DIRECTION('',(1.,1.110223024625E-16,0.));
#10252 = DIRECTION('',(-1.110223024625E-16,1.,0.));
#10253 = ADVANCED_FACE('',(#10254),#10279,.F.);
#10254 = FACE_BOUND('',#10255,.F.);
#10255 = EDGE_LOOP('',(#10256,#10264,#10265,#10273));
#10256 = ORIENTED_EDGE('',*,*,#10257,.F.);
#10257 = EDGE_CURVE('',#8825,#10258,#10260,.T.);
#10258 = VERTEX_POINT('',#10259);
#10259 = CARTESIAN_POINT('',(1.721787683087,1.125,0.44));
#10260 = LINE('',#10261,#10262);
#10261 = CARTESIAN_POINT('',(1.499,1.125,0.44));
#10262 = VECTOR('',#10263,1.);
#10263 = DIRECTION('',(1.,1.110223024625E-16,0.));
#10264 = ORIENTED_EDGE('',*,*,#8832,.F.);
#10265 = ORIENTED_EDGE('',*,*,#10266,.T.);
#10266 = EDGE_CURVE('',#8833,#10267,#10269,.T.);
#10267 = VERTEX_POINT('',#10268);
#10268 = CARTESIAN_POINT('',(1.721787683087,0.825,0.44));
#10269 = LINE('',#10270,#10271);
#10270 = CARTESIAN_POINT('',(1.499,0.825,0.44));
#10271 = VECTOR('',#10272,1.);
#10272 = DIRECTION('',(1.,1.110223024625E-16,0.));
#10273 = ORIENTED_EDGE('',*,*,#10274,.F.);
#10274 = EDGE_CURVE('',#10258,#10267,#10275,.T.);
#10275 = LINE('',#10276,#10277);
#10276 = CARTESIAN_POINT('',(1.721787683087,1.125,0.44));
#10277 = VECTOR('',#10278,1.);
#10278 = DIRECTION('',(1.110223024625E-16,-1.,0.));
#10279 = PLANE('',#10280);
#10280 = AXIS2_PLACEMENT_3D('',#10281,#10282,#10283);
#10281 = CARTESIAN_POINT('',(1.499,1.125,0.44));
#10282 = DIRECTION('',(0.,0.,1.));
#10283 = DIRECTION('',(1.,1.110223024625E-16,-0.));
#10284 = ADVANCED_FACE('',(#10285),#10296,.T.);
#10285 = FACE_BOUND('',#10286,.T.);
#10286 = EDGE_LOOP('',(#10287,#10293,#10294,#10295));
#10287 = ORIENTED_EDGE('',*,*,#10288,.T.);
#10288 = EDGE_CURVE('',#9080,#8825,#10289,.T.);
#10289 = LINE('',#10290,#10291);
#10290 = CARTESIAN_POINT('',(1.5,1.125,0.449737552815));
#10291 = VECTOR('',#10292,1.);
#10292 = DIRECTION('',(0.,0.,-1.));
#10293 = ORIENTED_EDGE('',*,*,#8824,.T.);
#10294 = ORIENTED_EDGE('',*,*,#9032,.T.);
#10295 = ORIENTED_EDGE('',*,*,#9087,.F.);
#10296 = PLANE('',#10297);
#10297 = AXIS2_PLACEMENT_3D('',#10298,#10299,#10300);
#10298 = CARTESIAN_POINT('',(1.5,-1.5,0.62));
#10299 = DIRECTION('',(1.,1.110223024625E-16,0.));
#10300 = DIRECTION('',(-1.110223024625E-16,1.,0.));
#10301 = ADVANCED_FACE('',(#10302),#10308,.F.);
#10302 = FACE_BOUND('',#10303,.F.);
#10303 = EDGE_LOOP('',(#10304,#10305,#10306,#10307));
#10304 = ORIENTED_EDGE('',*,*,#8983,.F.);
#10305 = ORIENTED_EDGE('',*,*,#8958,.T.);
#10306 = ORIENTED_EDGE('',*,*,#8942,.T.);
#10307 = ORIENTED_EDGE('',*,*,#8903,.F.);
#10308 = PLANE('',#10309);
#10309 = AXIS2_PLACEMENT_3D('',#10310,#10311,#10312);
#10310 = CARTESIAN_POINT('',(-0.84,0.94,0.));
#10311 = DIRECTION('',(0.,0.,1.));
#10312 = DIRECTION('',(1.110223024625E-16,-1.,0.));
#10313 = ADVANCED_FACE('',(#10314),#10353,.F.);
#10314 = FACE_BOUND('',#10315,.F.);
#10315 = EDGE_LOOP('',(#10316,#10324,#10332,#10338,#10346,#10352));
#10316 = ORIENTED_EDGE('',*,*,#10317,.F.);
#10317 = EDGE_CURVE('',#10318,#9080,#10320,.T.);
#10318 = VERTEX_POINT('',#10319);
#10319 = CARTESIAN_POINT('',(1.721787683087,1.125,0.62));
#10320 = LINE('',#10321,#10322);
#10321 = CARTESIAN_POINT('',(1.721787683087,1.125,0.62));
#10322 = VECTOR('',#10323,1.);
#10323 = DIRECTION('',(-1.,-1.110223024625E-16,0.));
#10324 = ORIENTED_EDGE('',*,*,#10325,.T.);
#10325 = EDGE_CURVE('',#10318,#10326,#10328,.T.);
#10326 = VERTEX_POINT('',#10327);
#10327 = CARTESIAN_POINT('',(1.721787683087,0.825,0.62));
#10328 = LINE('',#10329,#10330);
#10329 = CARTESIAN_POINT('',(1.721787683087,1.125,0.62));
#10330 = VECTOR('',#10331,1.);
#10331 = DIRECTION('',(1.110223024625E-16,-1.,0.));
#10332 = ORIENTED_EDGE('',*,*,#10333,.T.);
#10333 = EDGE_CURVE('',#10326,#10236,#10334,.T.);
#10334 = LINE('',#10335,#10336);
#10335 = CARTESIAN_POINT('',(1.721787683087,0.825,0.62));
#10336 = VECTOR('',#10337,1.);
#10337 = DIRECTION('',(-1.,-1.110223024625E-16,0.));
#10338 = ORIENTED_EDGE('',*,*,#10339,.T.);
#10339 = EDGE_CURVE('',#10236,#10340,#10342,.T.);
#10340 = VERTEX_POINT('',#10341);
#10341 = CARTESIAN_POINT('',(1.4995,0.825,0.62));
#10342 = LINE('',#10343,#10344);
#10343 = CARTESIAN_POINT('',(1.721787683087,0.825,0.62));
#10344 = VECTOR('',#10345,1.);
#10345 = DIRECTION('',(-1.,-1.110223024625E-16,0.));
#10346 = ORIENTED_EDGE('',*,*,#10347,.T.);
#10347 = EDGE_CURVE('',#10340,#9072,#10348,.T.);
#10348 = LINE('',#10349,#10350);
#10349 = CARTESIAN_POINT('',(1.4995,-1.4995,0.62));
#10350 = VECTOR('',#10351,1.);
#10351 = DIRECTION('',(-1.110223024625E-16,1.,0.));
#10352 = ORIENTED_EDGE('',*,*,#9079,.F.);
#10353 = PLANE('',#10354);
#10354 = AXIS2_PLACEMENT_3D('',#10355,#10356,#10357);
#10355 = CARTESIAN_POINT('',(1.721787683087,1.125,0.62));
#10356 = DIRECTION('',(0.,0.,-1.));
#10357 = DIRECTION('',(-1.,-1.110223024625E-16,-0.));
#10358 = ADVANCED_FACE('',(#10359),#10430,.T.);
#10359 = FACE_BOUND('',#10360,.T.);
#10360 = EDGE_LOOP('',(#10361,#10362,#10370,#10378,#10386,#10394,#10402,
    #10408,#10409,#10410,#10417,#10425));
#10361 = ORIENTED_EDGE('',*,*,#10024,.T.);
#10362 = ORIENTED_EDGE('',*,*,#10363,.T.);
#10363 = EDGE_CURVE('',#10017,#10364,#10366,.T.);
#10364 = VERTEX_POINT('',#10365);
#10365 = CARTESIAN_POINT('',(1.4995,-0.825,0.62));
#10366 = LINE('',#10367,#10368);
#10367 = CARTESIAN_POINT('',(1.4995,-1.4995,0.62));
#10368 = VECTOR('',#10369,1.);
#10369 = DIRECTION('',(-1.110223024625E-16,1.,0.));
#10370 = ORIENTED_EDGE('',*,*,#10371,.T.);
#10371 = EDGE_CURVE('',#10364,#10372,#10374,.T.);
#10372 = VERTEX_POINT('',#10373);
#10373 = CARTESIAN_POINT('',(1.4995,-0.475,0.62));
#10374 = LINE('',#10375,#10376);
#10375 = CARTESIAN_POINT('',(1.4995,-1.4995,0.62));
#10376 = VECTOR('',#10377,1.);
#10377 = DIRECTION('',(-1.110223024625E-16,1.,0.));
#10378 = ORIENTED_EDGE('',*,*,#10379,.T.);
#10379 = EDGE_CURVE('',#10372,#10380,#10382,.T.);
#10380 = VERTEX_POINT('',#10381);
#10381 = CARTESIAN_POINT('',(1.4995,-0.175,0.62));
#10382 = LINE('',#10383,#10384);
#10383 = CARTESIAN_POINT('',(1.4995,-1.4995,0.62));
#10384 = VECTOR('',#10385,1.);
#10385 = DIRECTION('',(-1.110223024625E-16,1.,0.));
#10386 = ORIENTED_EDGE('',*,*,#10387,.T.);
#10387 = EDGE_CURVE('',#10380,#10388,#10390,.T.);
#10388 = VERTEX_POINT('',#10389);
#10389 = CARTESIAN_POINT('',(1.4995,0.175,0.62));
#10390 = LINE('',#10391,#10392);
#10391 = CARTESIAN_POINT('',(1.4995,-1.4995,0.62));
#10392 = VECTOR('',#10393,1.);
#10393 = DIRECTION('',(-1.110223024625E-16,1.,0.));
#10394 = ORIENTED_EDGE('',*,*,#10395,.T.);
#10395 = EDGE_CURVE('',#10388,#10396,#10398,.T.);
#10396 = VERTEX_POINT('',#10397);
#10397 = CARTESIAN_POINT('',(1.4995,0.475,0.62));
#10398 = LINE('',#10399,#10400);
#10399 = CARTESIAN_POINT('',(1.4995,-1.4995,0.62));
#10400 = VECTOR('',#10401,1.);
#10401 = DIRECTION('',(-1.110223024625E-16,1.,0.));
#10402 = ORIENTED_EDGE('',*,*,#10403,.T.);
#10403 = EDGE_CURVE('',#10396,#10340,#10404,.T.);
#10404 = LINE('',#10405,#10406);
#10405 = CARTESIAN_POINT('',(1.4995,-1.4995,0.62));
#10406 = VECTOR('',#10407,1.);
#10407 = DIRECTION('',(-1.110223024625E-16,1.,0.));
#10408 = ORIENTED_EDGE('',*,*,#10347,.T.);
#10409 = ORIENTED_EDGE('',*,*,#9071,.T.);
#10410 = ORIENTED_EDGE('',*,*,#10411,.T.);
#10411 = EDGE_CURVE('',#9064,#10412,#10414,.T.);
#10412 = VERTEX_POINT('',#10413);
#10413 = CARTESIAN_POINT('',(1.427230769032,1.427230769032,0.96));
#10414 = B_SPLINE_CURVE_WITH_KNOTS('',1,(#10415,#10416),.UNSPECIFIED.,
  .F.,.F.,(2,2),(0.,1.),.PIECEWISE_BEZIER_KNOTS.);
#10415 = CARTESIAN_POINT('',(1.4995,1.4995,0.62));
#10416 = CARTESIAN_POINT('',(1.427230769032,1.427230769032,0.96));
#10417 = ORIENTED_EDGE('',*,*,#10418,.F.);
#10418 = EDGE_CURVE('',#10419,#10412,#10421,.T.);
#10419 = VERTEX_POINT('',#10420);
#10420 = CARTESIAN_POINT('',(1.427230769032,-1.427230769032,0.96));
#10421 = LINE('',#10422,#10423);
#10422 = CARTESIAN_POINT('',(1.427230769032,-1.427230769032,0.96));
#10423 = VECTOR('',#10424,1.);
#10424 = DIRECTION('',(-1.110223024625E-16,1.,0.));
#10425 = ORIENTED_EDGE('',*,*,#10426,.F.);
#10426 = EDGE_CURVE('',#10025,#10419,#10427,.T.);
#10427 = B_SPLINE_CURVE_WITH_KNOTS('',1,(#10428,#10429),.UNSPECIFIED.,
  .F.,.F.,(2,2),(0.,1.),.PIECEWISE_BEZIER_KNOTS.);
#10428 = CARTESIAN_POINT('',(1.4995,-1.4995,0.62));
#10429 = CARTESIAN_POINT('',(1.427230769032,-1.427230769032,0.96));
#10430 = B_SPLINE_SURFACE_WITH_KNOTS('',1,1,(
    (#10431,#10432)
    ,(#10433,#10434
    )),.UNSPECIFIED.,.F.,.F.,.F.,(2,2),(2,2),(0.,2.999),(0.,1.),
  .PIECEWISE_BEZIER_KNOTS.);
#10431 = CARTESIAN_POINT('',(1.4995,-1.4995,0.62));
#10432 = CARTESIAN_POINT('',(1.427230769032,-1.427230769032,0.96));
#10433 = CARTESIAN_POINT('',(1.4995,1.4995,0.62));
#10434 = CARTESIAN_POINT('',(1.427230769032,1.427230769032,0.96));
#10435 = ADVANCED_FACE('',(#10436),#10453,.T.);
#10436 = FACE_BOUND('',#10437,.T.);
#10437 = EDGE_LOOP('',(#10438,#10439,#10446,#10452));
#10438 = ORIENTED_EDGE('',*,*,#9063,.T.);
#10439 = ORIENTED_EDGE('',*,*,#10440,.T.);
#10440 = EDGE_CURVE('',#9056,#10441,#10443,.T.);
#10441 = VERTEX_POINT('',#10442);
#10442 = CARTESIAN_POINT('',(-1.427230769032,1.427230769032,0.96));
#10443 = B_SPLINE_CURVE_WITH_KNOTS('',1,(#10444,#10445),.UNSPECIFIED.,
  .F.,.F.,(2,2),(0.,1.),.PIECEWISE_BEZIER_KNOTS.);
#10444 = CARTESIAN_POINT('',(-1.4995,1.4995,0.62));
#10445 = CARTESIAN_POINT('',(-1.427230769032,1.427230769032,0.96));
#10446 = ORIENTED_EDGE('',*,*,#10447,.F.);
#10447 = EDGE_CURVE('',#10412,#10441,#10448,.T.);
#10448 = LINE('',#10449,#10450);
#10449 = CARTESIAN_POINT('',(1.427230769032,1.427230769032,0.96));
#10450 = VECTOR('',#10451,1.);
#10451 = DIRECTION('',(-1.,-1.110223024625E-16,0.));
#10452 = ORIENTED_EDGE('',*,*,#10411,.F.);
#10453 = B_SPLINE_SURFACE_WITH_KNOTS('',1,1,(
    (#10454,#10455)
    ,(#10456,#10457
    )),.UNSPECIFIED.,.F.,.F.,.F.,(2,2),(2,2),(0.,2.999),(0.,1.),
  .PIECEWISE_BEZIER_KNOTS.);
#10454 = CARTESIAN_POINT('',(1.4995,1.4995,0.62));
#10455 = CARTESIAN_POINT('',(1.427230769032,1.427230769032,0.96));
#10456 = CARTESIAN_POINT('',(-1.4995,1.4995,0.62));
#10457 = CARTESIAN_POINT('',(-1.427230769032,1.427230769032,0.96));
#10458 = ADVANCED_FACE('',(#10459),#10504,.T.);
#10459 = FACE_BOUND('',#10460,.T.);
#10460 = EDGE_LOOP('',(#10461,#10462,#10468,#10469,#10475,#10476,#10482,
    #10483,#10489,#10490,#10497,#10503));
#10461 = ORIENTED_EDGE('',*,*,#9055,.T.);
#10462 = ORIENTED_EDGE('',*,*,#10463,.T.);
#10463 = EDGE_CURVE('',#9048,#9303,#10464,.T.);
#10464 = LINE('',#10465,#10466);
#10465 = CARTESIAN_POINT('',(-1.4995,1.4995,0.62));
#10466 = VECTOR('',#10467,1.);
#10467 = DIRECTION('',(1.110223024625E-16,-1.,0.));
#10468 = ORIENTED_EDGE('',*,*,#9319,.T.);
#10469 = ORIENTED_EDGE('',*,*,#10470,.T.);
#10470 = EDGE_CURVE('',#9312,#9535,#10471,.T.);
#10471 = LINE('',#10472,#10473);
#10472 = CARTESIAN_POINT('',(-1.4995,1.4995,0.62));
#10473 = VECTOR('',#10474,1.);
#10474 = DIRECTION('',(1.110223024625E-16,-1.,0.));
#10475 = ORIENTED_EDGE('',*,*,#9551,.T.);
#10476 = ORIENTED_EDGE('',*,*,#10477,.T.);
#10477 = EDGE_CURVE('',#9544,#9767,#10478,.T.);
#10478 = LINE('',#10479,#10480);
#10479 = CARTESIAN_POINT('',(-1.4995,1.4995,0.62));
#10480 = VECTOR('',#10481,1.);
#10481 = DIRECTION('',(1.110223024625E-16,-1.,0.));
#10482 = ORIENTED_EDGE('',*,*,#9783,.T.);
#10483 = ORIENTED_EDGE('',*,*,#10484,.T.);
#10484 = EDGE_CURVE('',#9776,#9999,#10485,.T.);
#10485 = LINE('',#10486,#10487);
#10486 = CARTESIAN_POINT('',(-1.4995,1.4995,0.62));
#10487 = VECTOR('',#10488,1.);
#10488 = DIRECTION('',(1.110223024625E-16,-1.,0.));
#10489 = ORIENTED_EDGE('',*,*,#10040,.T.);
#10490 = ORIENTED_EDGE('',*,*,#10491,.T.);
#10491 = EDGE_CURVE('',#10033,#10492,#10494,.T.);
#10492 = VERTEX_POINT('',#10493);
#10493 = CARTESIAN_POINT('',(-1.427230769032,-1.427230769032,0.96));
#10494 = B_SPLINE_CURVE_WITH_KNOTS('',1,(#10495,#10496),.UNSPECIFIED.,
  .F.,.F.,(2,2),(0.,1.),.PIECEWISE_BEZIER_KNOTS.);
#10495 = CARTESIAN_POINT('',(-1.4995,-1.4995,0.62));
#10496 = CARTESIAN_POINT('',(-1.427230769032,-1.427230769032,0.96));
#10497 = ORIENTED_EDGE('',*,*,#10498,.F.);
#10498 = EDGE_CURVE('',#10441,#10492,#10499,.T.);
#10499 = LINE('',#10500,#10501);
#10500 = CARTESIAN_POINT('',(-1.427230769032,1.427230769032,0.96));
#10501 = VECTOR('',#10502,1.);
#10502 = DIRECTION('',(1.110223024625E-16,-1.,0.));
#10503 = ORIENTED_EDGE('',*,*,#10440,.F.);
#10504 = B_SPLINE_SURFACE_WITH_KNOTS('',1,1,(
    (#10505,#10506)
    ,(#10507,#10508
    )),.UNSPECIFIED.,.F.,.F.,.F.,(2,2),(2,2),(0.,2.999),(0.,1.),
  .PIECEWISE_BEZIER_KNOTS.);
#10505 = CARTESIAN_POINT('',(-1.4995,1.4995,0.62));
#10506 = CARTESIAN_POINT('',(-1.427230769032,1.427230769032,0.96));
#10507 = CARTESIAN_POINT('',(-1.4995,-1.4995,0.62));
#10508 = CARTESIAN_POINT('',(-1.427230769032,-1.427230769032,0.96));
#10509 = ADVANCED_FACE('',(#10510),#10523,.F.);
#10510 = FACE_BOUND('',#10511,.F.);
#10511 = EDGE_LOOP('',(#10512,#10513,#10519,#10520,#10521,#10522));
#10512 = ORIENTED_EDGE('',*,*,#9271,.F.);
#10513 = ORIENTED_EDGE('',*,*,#10514,.T.);
#10514 = EDGE_CURVE('',#9263,#9171,#10515,.T.);
#10515 = LINE('',#10516,#10517);
#10516 = CARTESIAN_POINT('',(-1.721787683087,0.825,0.62));
#10517 = VECTOR('',#10518,1.);
#10518 = DIRECTION('',(1.144237745222E-17,1.,0.));
#10519 = ORIENTED_EDGE('',*,*,#9179,.T.);
#10520 = ORIENTED_EDGE('',*,*,#9047,.T.);
#10521 = ORIENTED_EDGE('',*,*,#10463,.T.);
#10522 = ORIENTED_EDGE('',*,*,#9302,.F.);
#10523 = PLANE('',#10524);
#10524 = AXIS2_PLACEMENT_3D('',#10525,#10526,#10527);
#10525 = CARTESIAN_POINT('',(-1.721787683087,0.825,0.62));
#10526 = DIRECTION('',(0.,0.,-1.));
#10527 = DIRECTION('',(1.,-1.144237745222E-17,0.));
#10528 = ADVANCED_FACE('',(#10529),#10540,.T.);
#10529 = FACE_BOUND('',#10530,.T.);
#10530 = EDGE_LOOP('',(#10531,#10532,#10533,#10534));
#10531 = ORIENTED_EDGE('',*,*,#9262,.T.);
#10532 = ORIENTED_EDGE('',*,*,#10514,.T.);
#10533 = ORIENTED_EDGE('',*,*,#9170,.F.);
#10534 = ORIENTED_EDGE('',*,*,#10535,.F.);
#10535 = EDGE_CURVE('',#9255,#9163,#10536,.T.);
#10536 = LINE('',#10537,#10538);
#10537 = CARTESIAN_POINT('',(-1.948293466279,0.825,0.429939080863));
#10538 = VECTOR('',#10539,1.);
#10539 = DIRECTION('',(1.144237745222E-17,1.,0.));
#10540 = CYLINDRICAL_SURFACE('',#10541,0.23);
#10541 = AXIS2_PLACEMENT_3D('',#10542,#10543,#10544);
#10542 = CARTESIAN_POINT('',(-1.721787683087,0.825,0.39));
#10543 = DIRECTION('',(-1.144237745222E-17,-1.,0.));
#10544 = DIRECTION('',(-0.984807753012,1.126854202784E-17,0.173648177667
    ));
#10545 = ADVANCED_FACE('',(#10546),#10557,.F.);
#10546 = FACE_BOUND('',#10547,.F.);
#10547 = EDGE_LOOP('',(#10548,#10554,#10555,#10556));
#10548 = ORIENTED_EDGE('',*,*,#10549,.T.);
#10549 = EDGE_CURVE('',#9246,#9154,#10550,.T.);
#10550 = LINE('',#10551,#10552);
#10551 = CARTESIAN_POINT('',(-1.980759612349,0.825,0.221317591117));
#10552 = VECTOR('',#10553,1.);
#10553 = DIRECTION('',(1.144237745222E-17,1.,0.));
#10554 = ORIENTED_EDGE('',*,*,#9162,.T.);
#10555 = ORIENTED_EDGE('',*,*,#10535,.F.);
#10556 = ORIENTED_EDGE('',*,*,#9254,.F.);
#10557 = PLANE('',#10558);
#10558 = AXIS2_PLACEMENT_3D('',#10559,#10560,#10561);
#10559 = CARTESIAN_POINT('',(-1.980759612349,0.825,0.221317591117));
#10560 = DIRECTION('',(0.988106457441,-1.130628704902E-17,
    -0.153771352217));
#10561 = DIRECTION('',(0.153771352217,-1.759509853409E-18,0.988106457441
    ));
#10562 = ADVANCED_FACE('',(#10563),#10574,.F.);
#10563 = FACE_BOUND('',#10564,.F.);
#10564 = EDGE_LOOP('',(#10565,#10571,#10572,#10573));
#10565 = ORIENTED_EDGE('',*,*,#10566,.T.);
#10566 = EDGE_CURVE('',#9238,#9146,#10567,.T.);
#10567 = LINE('',#10568,#10569);
#10568 = CARTESIAN_POINT('',(-2.03,0.825,0.18));
#10569 = VECTOR('',#10570,1.);
#10570 = DIRECTION('',(1.144237745222E-17,1.,0.));
#10571 = ORIENTED_EDGE('',*,*,#9153,.T.);
#10572 = ORIENTED_EDGE('',*,*,#10549,.F.);
#10573 = ORIENTED_EDGE('',*,*,#9245,.F.);
#10574 = CYLINDRICAL_SURFACE('',#10575,5.E-02);
#10575 = AXIS2_PLACEMENT_3D('',#10576,#10577,#10578);
#10576 = CARTESIAN_POINT('',(-2.03,0.825,0.23));
#10577 = DIRECTION('',(-1.144237745222E-17,-1.,0.));
#10578 = DIRECTION('',(-8.881784197001E-15,1.016287272312E-31,-1.));
#10579 = ADVANCED_FACE('',(#10580),#10591,.F.);
#10580 = FACE_BOUND('',#10581,.F.);
#10581 = EDGE_LOOP('',(#10582,#10588,#10589,#10590));
#10582 = ORIENTED_EDGE('',*,*,#10583,.T.);
#10583 = EDGE_CURVE('',#9230,#9138,#10584,.T.);
#10584 = LINE('',#10585,#10586);
#10585 = CARTESIAN_POINT('',(-2.45,0.825,0.18));
#10586 = VECTOR('',#10587,1.);
#10587 = DIRECTION('',(1.144237745222E-17,1.,0.));
#10588 = ORIENTED_EDGE('',*,*,#9145,.T.);
#10589 = ORIENTED_EDGE('',*,*,#10566,.F.);
#10590 = ORIENTED_EDGE('',*,*,#9237,.F.);
#10591 = PLANE('',#10592);
#10592 = AXIS2_PLACEMENT_3D('',#10593,#10594,#10595);
#10593 = CARTESIAN_POINT('',(-2.45,0.825,0.18));
#10594 = DIRECTION('',(0.,0.,-1.));
#10595 = DIRECTION('',(1.,-1.144237745222E-17,0.));
#10596 = ADVANCED_FACE('',(#10597),#10608,.F.);
#10597 = FACE_BOUND('',#10598,.F.);
#10598 = EDGE_LOOP('',(#10599,#10605,#10606,#10607));
#10599 = ORIENTED_EDGE('',*,*,#10600,.T.);
#10600 = EDGE_CURVE('',#9222,#9130,#10601,.T.);
#10601 = LINE('',#10602,#10603);
#10602 = CARTESIAN_POINT('',(-2.45,0.825,8.326672684689E-17));
#10603 = VECTOR('',#10604,1.);
#10604 = DIRECTION('',(1.144237745222E-17,1.,0.));
#10605 = ORIENTED_EDGE('',*,*,#9137,.T.);
#10606 = ORIENTED_EDGE('',*,*,#10583,.F.);
#10607 = ORIENTED_EDGE('',*,*,#9229,.F.);
#10608 = PLANE('',#10609);
#10609 = AXIS2_PLACEMENT_3D('',#10610,#10611,#10612);
#10610 = CARTESIAN_POINT('',(-2.45,0.825,8.326672684689E-17));
#10611 = DIRECTION('',(1.,-1.144237745222E-17,0.));
#10612 = DIRECTION('',(0.,0.,1.));
#10613 = ADVANCED_FACE('',(#10614),#10625,.F.);
#10614 = FACE_BOUND('',#10615,.F.);
#10615 = EDGE_LOOP('',(#10616,#10622,#10623,#10624));
#10616 = ORIENTED_EDGE('',*,*,#10617,.T.);
#10617 = EDGE_CURVE('',#9213,#9121,#10618,.T.);
#10618 = LINE('',#10619,#10620);
#10619 = CARTESIAN_POINT('',(-2.03,0.825,8.326672684689E-17));
#10620 = VECTOR('',#10621,1.);
#10621 = DIRECTION('',(1.144237745222E-17,1.,0.));
#10622 = ORIENTED_EDGE('',*,*,#9129,.T.);
#10623 = ORIENTED_EDGE('',*,*,#10600,.F.);
#10624 = ORIENTED_EDGE('',*,*,#9221,.F.);
#10625 = PLANE('',#10626);
#10626 = AXIS2_PLACEMENT_3D('',#10627,#10628,#10629);
#10627 = CARTESIAN_POINT('',(-2.03,0.825,8.326672684689E-17));
#10628 = DIRECTION('',(0.,0.,1.));
#10629 = DIRECTION('',(-1.,1.144237745222E-17,0.));
#10630 = ADVANCED_FACE('',(#10631),#10642,.T.);
#10631 = FACE_BOUND('',#10632,.T.);
#10632 = EDGE_LOOP('',(#10633,#10634,#10635,#10636));
#10633 = ORIENTED_EDGE('',*,*,#9212,.T.);
#10634 = ORIENTED_EDGE('',*,*,#10617,.T.);
#10635 = ORIENTED_EDGE('',*,*,#9120,.F.);
#10636 = ORIENTED_EDGE('',*,*,#10637,.F.);
#10637 = EDGE_CURVE('',#9205,#9113,#10638,.T.);
#10638 = LINE('',#10639,#10640);
#10639 = CARTESIAN_POINT('',(-1.803494216807,0.825,0.190060919137));
#10640 = VECTOR('',#10641,1.);
#10641 = DIRECTION('',(1.144237745222E-17,1.,0.));
#10642 = CYLINDRICAL_SURFACE('',#10643,0.23);
#10643 = AXIS2_PLACEMENT_3D('',#10644,#10645,#10646);
#10644 = CARTESIAN_POINT('',(-2.03,0.825,0.23));
#10645 = DIRECTION('',(-1.144237745222E-17,-1.,0.));
#10646 = DIRECTION('',(0.984807753012,-1.126854202784E-17,
    -0.173648177667));
#10647 = ADVANCED_FACE('',(#10648),#10654,.F.);
#10648 = FACE_BOUND('',#10649,.F.);
#10649 = EDGE_LOOP('',(#10650,#10651,#10652,#10653));
#10650 = ORIENTED_EDGE('',*,*,#9287,.T.);
#10651 = ORIENTED_EDGE('',*,*,#9112,.T.);
#10652 = ORIENTED_EDGE('',*,*,#10637,.F.);
#10653 = ORIENTED_EDGE('',*,*,#9204,.F.);
#10654 = PLANE('',#10655);
#10655 = AXIS2_PLACEMENT_3D('',#10656,#10657,#10658);
#10656 = CARTESIAN_POINT('',(-1.771028070737,0.825,0.398682408883));
#10657 = DIRECTION('',(-0.988106457441,1.130628704902E-17,0.153771352217
    ));
#10658 = DIRECTION('',(-0.153771352217,1.759509853409E-18,
    -0.988106457441));
#10659 = ADVANCED_FACE('',(#10660),#10673,.F.);
#10660 = FACE_BOUND('',#10661,.F.);
#10661 = EDGE_LOOP('',(#10662,#10663,#10669,#10670,#10671,#10672));
#10662 = ORIENTED_EDGE('',*,*,#9503,.F.);
#10663 = ORIENTED_EDGE('',*,*,#10664,.T.);
#10664 = EDGE_CURVE('',#9495,#9403,#10665,.T.);
#10665 = LINE('',#10666,#10667);
#10666 = CARTESIAN_POINT('',(-1.721787683087,0.175,0.62));
#10667 = VECTOR('',#10668,1.);
#10668 = DIRECTION('',(1.144237745222E-17,1.,0.));
#10669 = ORIENTED_EDGE('',*,*,#9411,.T.);
#10670 = ORIENTED_EDGE('',*,*,#9311,.T.);
#10671 = ORIENTED_EDGE('',*,*,#10470,.T.);
#10672 = ORIENTED_EDGE('',*,*,#9534,.F.);
#10673 = PLANE('',#10674);
#10674 = AXIS2_PLACEMENT_3D('',#10675,#10676,#10677);
#10675 = CARTESIAN_POINT('',(-1.721787683087,0.175,0.62));
#10676 = DIRECTION('',(0.,0.,-1.));
#10677 = DIRECTION('',(1.,-1.144237745222E-17,0.));
#10678 = ADVANCED_FACE('',(#10679),#10690,.T.);
#10679 = FACE_BOUND('',#10680,.T.);
#10680 = EDGE_LOOP('',(#10681,#10682,#10683,#10684));
#10681 = ORIENTED_EDGE('',*,*,#9494,.T.);
#10682 = ORIENTED_EDGE('',*,*,#10664,.T.);
#10683 = ORIENTED_EDGE('',*,*,#9402,.F.);
#10684 = ORIENTED_EDGE('',*,*,#10685,.F.);
#10685 = EDGE_CURVE('',#9487,#9395,#10686,.T.);
#10686 = LINE('',#10687,#10688);
#10687 = CARTESIAN_POINT('',(-1.948293466279,0.175,0.429939080863));
#10688 = VECTOR('',#10689,1.);
#10689 = DIRECTION('',(1.144237745222E-17,1.,0.));
#10690 = CYLINDRICAL_SURFACE('',#10691,0.23);
#10691 = AXIS2_PLACEMENT_3D('',#10692,#10693,#10694);
#10692 = CARTESIAN_POINT('',(-1.721787683087,0.175,0.39));
#10693 = DIRECTION('',(-1.144237745222E-17,-1.,0.));
#10694 = DIRECTION('',(-0.984807753012,1.126854202784E-17,0.173648177667
    ));
#10695 = ADVANCED_FACE('',(#10696),#10707,.F.);
#10696 = FACE_BOUND('',#10697,.F.);
#10697 = EDGE_LOOP('',(#10698,#10704,#10705,#10706));
#10698 = ORIENTED_EDGE('',*,*,#10699,.T.);
#10699 = EDGE_CURVE('',#9478,#9386,#10700,.T.);
#10700 = LINE('',#10701,#10702);
#10701 = CARTESIAN_POINT('',(-1.980759612349,0.175,0.221317591117));
#10702 = VECTOR('',#10703,1.);
#10703 = DIRECTION('',(1.144237745222E-17,1.,0.));
#10704 = ORIENTED_EDGE('',*,*,#9394,.T.);
#10705 = ORIENTED_EDGE('',*,*,#10685,.F.);
#10706 = ORIENTED_EDGE('',*,*,#9486,.F.);
#10707 = PLANE('',#10708);
#10708 = AXIS2_PLACEMENT_3D('',#10709,#10710,#10711);
#10709 = CARTESIAN_POINT('',(-1.980759612349,0.175,0.221317591117));
#10710 = DIRECTION('',(0.988106457441,-1.130628704902E-17,
    -0.153771352217));
#10711 = DIRECTION('',(0.153771352217,-1.759509853409E-18,0.988106457441
    ));
#10712 = ADVANCED_FACE('',(#10713),#10724,.F.);
#10713 = FACE_BOUND('',#10714,.F.);
#10714 = EDGE_LOOP('',(#10715,#10721,#10722,#10723));
#10715 = ORIENTED_EDGE('',*,*,#10716,.T.);
#10716 = EDGE_CURVE('',#9470,#9378,#10717,.T.);
#10717 = LINE('',#10718,#10719);
#10718 = CARTESIAN_POINT('',(-2.03,0.175,0.18));
#10719 = VECTOR('',#10720,1.);
#10720 = DIRECTION('',(1.144237745222E-17,1.,0.));
#10721 = ORIENTED_EDGE('',*,*,#9385,.T.);
#10722 = ORIENTED_EDGE('',*,*,#10699,.F.);
#10723 = ORIENTED_EDGE('',*,*,#9477,.F.);
#10724 = CYLINDRICAL_SURFACE('',#10725,5.E-02);
#10725 = AXIS2_PLACEMENT_3D('',#10726,#10727,#10728);
#10726 = CARTESIAN_POINT('',(-2.03,0.175,0.23));
#10727 = DIRECTION('',(-1.144237745222E-17,-1.,0.));
#10728 = DIRECTION('',(-8.881784197001E-15,1.016287272312E-31,-1.));
#10729 = ADVANCED_FACE('',(#10730),#10741,.F.);
#10730 = FACE_BOUND('',#10731,.F.);
#10731 = EDGE_LOOP('',(#10732,#10738,#10739,#10740));
#10732 = ORIENTED_EDGE('',*,*,#10733,.T.);
#10733 = EDGE_CURVE('',#9462,#9370,#10734,.T.);
#10734 = LINE('',#10735,#10736);
#10735 = CARTESIAN_POINT('',(-2.45,0.175,0.18));
#10736 = VECTOR('',#10737,1.);
#10737 = DIRECTION('',(1.144237745222E-17,1.,0.));
#10738 = ORIENTED_EDGE('',*,*,#9377,.T.);
#10739 = ORIENTED_EDGE('',*,*,#10716,.F.);
#10740 = ORIENTED_EDGE('',*,*,#9469,.F.);
#10741 = PLANE('',#10742);
#10742 = AXIS2_PLACEMENT_3D('',#10743,#10744,#10745);
#10743 = CARTESIAN_POINT('',(-2.45,0.175,0.18));
#10744 = DIRECTION('',(0.,0.,-1.));
#10745 = DIRECTION('',(1.,-1.144237745222E-17,0.));
#10746 = ADVANCED_FACE('',(#10747),#10758,.F.);
#10747 = FACE_BOUND('',#10748,.F.);
#10748 = EDGE_LOOP('',(#10749,#10755,#10756,#10757));
#10749 = ORIENTED_EDGE('',*,*,#10750,.T.);
#10750 = EDGE_CURVE('',#9454,#9362,#10751,.T.);
#10751 = LINE('',#10752,#10753);
#10752 = CARTESIAN_POINT('',(-2.45,0.175,8.326672684689E-17));
#10753 = VECTOR('',#10754,1.);
#10754 = DIRECTION('',(1.144237745222E-17,1.,0.));
#10755 = ORIENTED_EDGE('',*,*,#9369,.T.);
#10756 = ORIENTED_EDGE('',*,*,#10733,.F.);
#10757 = ORIENTED_EDGE('',*,*,#9461,.F.);
#10758 = PLANE('',#10759);
#10759 = AXIS2_PLACEMENT_3D('',#10760,#10761,#10762);
#10760 = CARTESIAN_POINT('',(-2.45,0.175,8.326672684689E-17));
#10761 = DIRECTION('',(1.,-1.144237745222E-17,0.));
#10762 = DIRECTION('',(0.,0.,1.));
#10763 = ADVANCED_FACE('',(#10764),#10775,.F.);
#10764 = FACE_BOUND('',#10765,.F.);
#10765 = EDGE_LOOP('',(#10766,#10772,#10773,#10774));
#10766 = ORIENTED_EDGE('',*,*,#10767,.T.);
#10767 = EDGE_CURVE('',#9445,#9353,#10768,.T.);
#10768 = LINE('',#10769,#10770);
#10769 = CARTESIAN_POINT('',(-2.03,0.175,8.326672684689E-17));
#10770 = VECTOR('',#10771,1.);
#10771 = DIRECTION('',(1.144237745222E-17,1.,0.));
#10772 = ORIENTED_EDGE('',*,*,#9361,.T.);
#10773 = ORIENTED_EDGE('',*,*,#10750,.F.);
#10774 = ORIENTED_EDGE('',*,*,#9453,.F.);
#10775 = PLANE('',#10776);
#10776 = AXIS2_PLACEMENT_3D('',#10777,#10778,#10779);
#10777 = CARTESIAN_POINT('',(-2.03,0.175,8.326672684689E-17));
#10778 = DIRECTION('',(0.,0.,1.));
#10779 = DIRECTION('',(-1.,1.144237745222E-17,0.));
#10780 = ADVANCED_FACE('',(#10781),#10792,.T.);
#10781 = FACE_BOUND('',#10782,.T.);
#10782 = EDGE_LOOP('',(#10783,#10784,#10785,#10786));
#10783 = ORIENTED_EDGE('',*,*,#9444,.T.);
#10784 = ORIENTED_EDGE('',*,*,#10767,.T.);
#10785 = ORIENTED_EDGE('',*,*,#9352,.F.);
#10786 = ORIENTED_EDGE('',*,*,#10787,.F.);
#10787 = EDGE_CURVE('',#9437,#9345,#10788,.T.);
#10788 = LINE('',#10789,#10790);
#10789 = CARTESIAN_POINT('',(-1.803494216807,0.175,0.190060919137));
#10790 = VECTOR('',#10791,1.);
#10791 = DIRECTION('',(1.144237745222E-17,1.,0.));
#10792 = CYLINDRICAL_SURFACE('',#10793,0.23);
#10793 = AXIS2_PLACEMENT_3D('',#10794,#10795,#10796);
#10794 = CARTESIAN_POINT('',(-2.03,0.175,0.23));
#10795 = DIRECTION('',(-1.144237745222E-17,-1.,0.));
#10796 = DIRECTION('',(0.984807753012,-1.126854202784E-17,
    -0.173648177667));
#10797 = ADVANCED_FACE('',(#10798),#10804,.F.);
#10798 = FACE_BOUND('',#10799,.F.);
#10799 = EDGE_LOOP('',(#10800,#10801,#10802,#10803));
#10800 = ORIENTED_EDGE('',*,*,#9519,.T.);
#10801 = ORIENTED_EDGE('',*,*,#9344,.T.);
#10802 = ORIENTED_EDGE('',*,*,#10787,.F.);
#10803 = ORIENTED_EDGE('',*,*,#9436,.F.);
#10804 = PLANE('',#10805);
#10805 = AXIS2_PLACEMENT_3D('',#10806,#10807,#10808);
#10806 = CARTESIAN_POINT('',(-1.771028070737,0.175,0.398682408883));
#10807 = DIRECTION('',(-0.988106457441,1.130628704902E-17,0.153771352217
    ));
#10808 = DIRECTION('',(-0.153771352217,1.759509853409E-18,
    -0.988106457441));
#10809 = ADVANCED_FACE('',(#10810),#10823,.F.);
#10810 = FACE_BOUND('',#10811,.F.);
#10811 = EDGE_LOOP('',(#10812,#10813,#10819,#10820,#10821,#10822));
#10812 = ORIENTED_EDGE('',*,*,#9735,.F.);
#10813 = ORIENTED_EDGE('',*,*,#10814,.T.);
#10814 = EDGE_CURVE('',#9727,#9635,#10815,.T.);
#10815 = LINE('',#10816,#10817);
#10816 = CARTESIAN_POINT('',(-1.721787683087,-0.475,0.62));
#10817 = VECTOR('',#10818,1.);
#10818 = DIRECTION('',(1.144237745222E-17,1.,0.));
#10819 = ORIENTED_EDGE('',*,*,#9643,.T.);
#10820 = ORIENTED_EDGE('',*,*,#9543,.T.);
#10821 = ORIENTED_EDGE('',*,*,#10477,.T.);
#10822 = ORIENTED_EDGE('',*,*,#9766,.F.);
#10823 = PLANE('',#10824);
#10824 = AXIS2_PLACEMENT_3D('',#10825,#10826,#10827);
#10825 = CARTESIAN_POINT('',(-1.721787683087,-0.475,0.62));
#10826 = DIRECTION('',(0.,0.,-1.));
#10827 = DIRECTION('',(1.,-1.144237745222E-17,0.));
#10828 = ADVANCED_FACE('',(#10829),#10840,.T.);
#10829 = FACE_BOUND('',#10830,.T.);
#10830 = EDGE_LOOP('',(#10831,#10832,#10833,#10834));
#10831 = ORIENTED_EDGE('',*,*,#9726,.T.);
#10832 = ORIENTED_EDGE('',*,*,#10814,.T.);
#10833 = ORIENTED_EDGE('',*,*,#9634,.F.);
#10834 = ORIENTED_EDGE('',*,*,#10835,.F.);
#10835 = EDGE_CURVE('',#9719,#9627,#10836,.T.);
#10836 = LINE('',#10837,#10838);
#10837 = CARTESIAN_POINT('',(-1.948293466279,-0.475,0.429939080863));
#10838 = VECTOR('',#10839,1.);
#10839 = DIRECTION('',(1.144237745222E-17,1.,0.));
#10840 = CYLINDRICAL_SURFACE('',#10841,0.23);
#10841 = AXIS2_PLACEMENT_3D('',#10842,#10843,#10844);
#10842 = CARTESIAN_POINT('',(-1.721787683087,-0.475,0.39));
#10843 = DIRECTION('',(-1.144237745222E-17,-1.,0.));
#10844 = DIRECTION('',(-0.984807753012,1.126854202784E-17,0.173648177667
    ));
#10845 = ADVANCED_FACE('',(#10846),#10857,.F.);
#10846 = FACE_BOUND('',#10847,.F.);
#10847 = EDGE_LOOP('',(#10848,#10854,#10855,#10856));
#10848 = ORIENTED_EDGE('',*,*,#10849,.T.);
#10849 = EDGE_CURVE('',#9710,#9618,#10850,.T.);
#10850 = LINE('',#10851,#10852);
#10851 = CARTESIAN_POINT('',(-1.980759612349,-0.475,0.221317591117));
#10852 = VECTOR('',#10853,1.);
#10853 = DIRECTION('',(1.144237745222E-17,1.,0.));
#10854 = ORIENTED_EDGE('',*,*,#9626,.T.);
#10855 = ORIENTED_EDGE('',*,*,#10835,.F.);
#10856 = ORIENTED_EDGE('',*,*,#9718,.F.);
#10857 = PLANE('',#10858);
#10858 = AXIS2_PLACEMENT_3D('',#10859,#10860,#10861);
#10859 = CARTESIAN_POINT('',(-1.980759612349,-0.475,0.221317591117));
#10860 = DIRECTION('',(0.988106457441,-1.130628704902E-17,
    -0.153771352217));
#10861 = DIRECTION('',(0.153771352217,-1.759509853409E-18,0.988106457441
    ));
#10862 = ADVANCED_FACE('',(#10863),#10874,.F.);
#10863 = FACE_BOUND('',#10864,.F.);
#10864 = EDGE_LOOP('',(#10865,#10871,#10872,#10873));
#10865 = ORIENTED_EDGE('',*,*,#10866,.T.);
#10866 = EDGE_CURVE('',#9702,#9610,#10867,.T.);
#10867 = LINE('',#10868,#10869);
#10868 = CARTESIAN_POINT('',(-2.03,-0.475,0.18));
#10869 = VECTOR('',#10870,1.);
#10870 = DIRECTION('',(1.144237745222E-17,1.,0.));
#10871 = ORIENTED_EDGE('',*,*,#9617,.T.);
#10872 = ORIENTED_EDGE('',*,*,#10849,.F.);
#10873 = ORIENTED_EDGE('',*,*,#9709,.F.);
#10874 = CYLINDRICAL_SURFACE('',#10875,5.E-02);
#10875 = AXIS2_PLACEMENT_3D('',#10876,#10877,#10878);
#10876 = CARTESIAN_POINT('',(-2.03,-0.475,0.23));
#10877 = DIRECTION('',(-1.144237745222E-17,-1.,0.));
#10878 = DIRECTION('',(-8.881784197001E-15,1.016287272312E-31,-1.));
#10879 = ADVANCED_FACE('',(#10880),#10891,.F.);
#10880 = FACE_BOUND('',#10881,.F.);
#10881 = EDGE_LOOP('',(#10882,#10888,#10889,#10890));
#10882 = ORIENTED_EDGE('',*,*,#10883,.T.);
#10883 = EDGE_CURVE('',#9694,#9602,#10884,.T.);
#10884 = LINE('',#10885,#10886);
#10885 = CARTESIAN_POINT('',(-2.45,-0.475,0.18));
#10886 = VECTOR('',#10887,1.);
#10887 = DIRECTION('',(1.144237745222E-17,1.,0.));
#10888 = ORIENTED_EDGE('',*,*,#9609,.T.);
#10889 = ORIENTED_EDGE('',*,*,#10866,.F.);
#10890 = ORIENTED_EDGE('',*,*,#9701,.F.);
#10891 = PLANE('',#10892);
#10892 = AXIS2_PLACEMENT_3D('',#10893,#10894,#10895);
#10893 = CARTESIAN_POINT('',(-2.45,-0.475,0.18));
#10894 = DIRECTION('',(0.,0.,-1.));
#10895 = DIRECTION('',(1.,-1.144237745222E-17,0.));
#10896 = ADVANCED_FACE('',(#10897),#10908,.F.);
#10897 = FACE_BOUND('',#10898,.F.);
#10898 = EDGE_LOOP('',(#10899,#10905,#10906,#10907));
#10899 = ORIENTED_EDGE('',*,*,#10900,.T.);
#10900 = EDGE_CURVE('',#9686,#9594,#10901,.T.);
#10901 = LINE('',#10902,#10903);
#10902 = CARTESIAN_POINT('',(-2.45,-0.475,8.326672684689E-17));
#10903 = VECTOR('',#10904,1.);
#10904 = DIRECTION('',(1.144237745222E-17,1.,0.));
#10905 = ORIENTED_EDGE('',*,*,#9601,.T.);
#10906 = ORIENTED_EDGE('',*,*,#10883,.F.);
#10907 = ORIENTED_EDGE('',*,*,#9693,.F.);
#10908 = PLANE('',#10909);
#10909 = AXIS2_PLACEMENT_3D('',#10910,#10911,#10912);
#10910 = CARTESIAN_POINT('',(-2.45,-0.475,8.326672684689E-17));
#10911 = DIRECTION('',(1.,-1.144237745222E-17,0.));
#10912 = DIRECTION('',(0.,0.,1.));
#10913 = ADVANCED_FACE('',(#10914),#10925,.F.);
#10914 = FACE_BOUND('',#10915,.F.);
#10915 = EDGE_LOOP('',(#10916,#10922,#10923,#10924));
#10916 = ORIENTED_EDGE('',*,*,#10917,.T.);
#10917 = EDGE_CURVE('',#9677,#9585,#10918,.T.);
#10918 = LINE('',#10919,#10920);
#10919 = CARTESIAN_POINT('',(-2.03,-0.475,8.326672684689E-17));
#10920 = VECTOR('',#10921,1.);
#10921 = DIRECTION('',(1.144237745222E-17,1.,0.));
#10922 = ORIENTED_EDGE('',*,*,#9593,.T.);
#10923 = ORIENTED_EDGE('',*,*,#10900,.F.);
#10924 = ORIENTED_EDGE('',*,*,#9685,.F.);
#10925 = PLANE('',#10926);
#10926 = AXIS2_PLACEMENT_3D('',#10927,#10928,#10929);
#10927 = CARTESIAN_POINT('',(-2.03,-0.475,8.326672684689E-17));
#10928 = DIRECTION('',(0.,0.,1.));
#10929 = DIRECTION('',(-1.,1.144237745222E-17,0.));
#10930 = ADVANCED_FACE('',(#10931),#10942,.T.);
#10931 = FACE_BOUND('',#10932,.T.);
#10932 = EDGE_LOOP('',(#10933,#10934,#10935,#10936));
#10933 = ORIENTED_EDGE('',*,*,#9676,.T.);
#10934 = ORIENTED_EDGE('',*,*,#10917,.T.);
#10935 = ORIENTED_EDGE('',*,*,#9584,.F.);
#10936 = ORIENTED_EDGE('',*,*,#10937,.F.);
#10937 = EDGE_CURVE('',#9669,#9577,#10938,.T.);
#10938 = LINE('',#10939,#10940);
#10939 = CARTESIAN_POINT('',(-1.803494216807,-0.475,0.190060919137));
#10940 = VECTOR('',#10941,1.);
#10941 = DIRECTION('',(1.144237745222E-17,1.,0.));
#10942 = CYLINDRICAL_SURFACE('',#10943,0.23);
#10943 = AXIS2_PLACEMENT_3D('',#10944,#10945,#10946);
#10944 = CARTESIAN_POINT('',(-2.03,-0.475,0.23));
#10945 = DIRECTION('',(-1.144237745222E-17,-1.,0.));
#10946 = DIRECTION('',(0.984807753012,-1.126854202784E-17,
    -0.173648177667));
#10947 = ADVANCED_FACE('',(#10948),#10954,.F.);
#10948 = FACE_BOUND('',#10949,.F.);
#10949 = EDGE_LOOP('',(#10950,#10951,#10952,#10953));
#10950 = ORIENTED_EDGE('',*,*,#9751,.T.);
#10951 = ORIENTED_EDGE('',*,*,#9576,.T.);
#10952 = ORIENTED_EDGE('',*,*,#10937,.F.);
#10953 = ORIENTED_EDGE('',*,*,#9668,.F.);
#10954 = PLANE('',#10955);
#10955 = AXIS2_PLACEMENT_3D('',#10956,#10957,#10958);
#10956 = CARTESIAN_POINT('',(-1.771028070737,-0.475,0.398682408883));
#10957 = DIRECTION('',(-0.988106457441,1.130628704902E-17,0.153771352217
    ));
#10958 = DIRECTION('',(-0.153771352217,1.759509853409E-18,
    -0.988106457441));
#10959 = ADVANCED_FACE('',(#10960),#10973,.F.);
#10960 = FACE_BOUND('',#10961,.F.);
#10961 = EDGE_LOOP('',(#10962,#10963,#10969,#10970,#10971,#10972));
#10962 = ORIENTED_EDGE('',*,*,#9967,.F.);
#10963 = ORIENTED_EDGE('',*,*,#10964,.T.);
#10964 = EDGE_CURVE('',#9959,#9867,#10965,.T.);
#10965 = LINE('',#10966,#10967);
#10966 = CARTESIAN_POINT('',(-1.721787683087,-1.125,0.62));
#10967 = VECTOR('',#10968,1.);
#10968 = DIRECTION('',(1.144237745222E-17,1.,0.));
#10969 = ORIENTED_EDGE('',*,*,#9875,.T.);
#10970 = ORIENTED_EDGE('',*,*,#9775,.T.);
#10971 = ORIENTED_EDGE('',*,*,#10484,.T.);
#10972 = ORIENTED_EDGE('',*,*,#9998,.F.);
#10973 = PLANE('',#10974);
#10974 = AXIS2_PLACEMENT_3D('',#10975,#10976,#10977);
#10975 = CARTESIAN_POINT('',(-1.721787683087,-1.125,0.62));
#10976 = DIRECTION('',(0.,0.,-1.));
#10977 = DIRECTION('',(1.,-1.144237745222E-17,0.));
#10978 = ADVANCED_FACE('',(#10979),#10990,.T.);
#10979 = FACE_BOUND('',#10980,.T.);
#10980 = EDGE_LOOP('',(#10981,#10982,#10983,#10984));
#10981 = ORIENTED_EDGE('',*,*,#9958,.T.);
#10982 = ORIENTED_EDGE('',*,*,#10964,.T.);
#10983 = ORIENTED_EDGE('',*,*,#9866,.F.);
#10984 = ORIENTED_EDGE('',*,*,#10985,.F.);
#10985 = EDGE_CURVE('',#9951,#9859,#10986,.T.);
#10986 = LINE('',#10987,#10988);
#10987 = CARTESIAN_POINT('',(-1.948293466279,-1.125,0.429939080863));
#10988 = VECTOR('',#10989,1.);
#10989 = DIRECTION('',(1.144237745222E-17,1.,0.));
#10990 = CYLINDRICAL_SURFACE('',#10991,0.23);
#10991 = AXIS2_PLACEMENT_3D('',#10992,#10993,#10994);
#10992 = CARTESIAN_POINT('',(-1.721787683087,-1.125,0.39));
#10993 = DIRECTION('',(-1.144237745222E-17,-1.,0.));
#10994 = DIRECTION('',(-0.984807753012,1.126854202784E-17,0.173648177667
    ));
#10995 = ADVANCED_FACE('',(#10996),#11007,.F.);
#10996 = FACE_BOUND('',#10997,.F.);
#10997 = EDGE_LOOP('',(#10998,#11004,#11005,#11006));
#10998 = ORIENTED_EDGE('',*,*,#10999,.T.);
#10999 = EDGE_CURVE('',#9942,#9850,#11000,.T.);
#11000 = LINE('',#11001,#11002);
#11001 = CARTESIAN_POINT('',(-1.980759612349,-1.125,0.221317591117));
#11002 = VECTOR('',#11003,1.);
#11003 = DIRECTION('',(1.144237745222E-17,1.,0.));
#11004 = ORIENTED_EDGE('',*,*,#9858,.T.);
#11005 = ORIENTED_EDGE('',*,*,#10985,.F.);
#11006 = ORIENTED_EDGE('',*,*,#9950,.F.);
#11007 = PLANE('',#11008);
#11008 = AXIS2_PLACEMENT_3D('',#11009,#11010,#11011);
#11009 = CARTESIAN_POINT('',(-1.980759612349,-1.125,0.221317591117));
#11010 = DIRECTION('',(0.988106457441,-1.130628704902E-17,
    -0.153771352217));
#11011 = DIRECTION('',(0.153771352217,-1.759509853409E-18,0.988106457441
    ));
#11012 = ADVANCED_FACE('',(#11013),#11024,.F.);
#11013 = FACE_BOUND('',#11014,.F.);
#11014 = EDGE_LOOP('',(#11015,#11021,#11022,#11023));
#11015 = ORIENTED_EDGE('',*,*,#11016,.T.);
#11016 = EDGE_CURVE('',#9934,#9842,#11017,.T.);
#11017 = LINE('',#11018,#11019);
#11018 = CARTESIAN_POINT('',(-2.03,-1.125,0.18));
#11019 = VECTOR('',#11020,1.);
#11020 = DIRECTION('',(1.144237745222E-17,1.,0.));
#11021 = ORIENTED_EDGE('',*,*,#9849,.T.);
#11022 = ORIENTED_EDGE('',*,*,#10999,.F.);
#11023 = ORIENTED_EDGE('',*,*,#9941,.F.);
#11024 = CYLINDRICAL_SURFACE('',#11025,5.E-02);
#11025 = AXIS2_PLACEMENT_3D('',#11026,#11027,#11028);
#11026 = CARTESIAN_POINT('',(-2.03,-1.125,0.23));
#11027 = DIRECTION('',(-1.144237745222E-17,-1.,0.));
#11028 = DIRECTION('',(-8.881784197001E-15,1.016287272312E-31,-1.));
#11029 = ADVANCED_FACE('',(#11030),#11041,.F.);
#11030 = FACE_BOUND('',#11031,.F.);
#11031 = EDGE_LOOP('',(#11032,#11038,#11039,#11040));
#11032 = ORIENTED_EDGE('',*,*,#11033,.T.);
#11033 = EDGE_CURVE('',#9926,#9834,#11034,.T.);
#11034 = LINE('',#11035,#11036);
#11035 = CARTESIAN_POINT('',(-2.45,-1.125,0.18));
#11036 = VECTOR('',#11037,1.);
#11037 = DIRECTION('',(1.144237745222E-17,1.,0.));
#11038 = ORIENTED_EDGE('',*,*,#9841,.T.);
#11039 = ORIENTED_EDGE('',*,*,#11016,.F.);
#11040 = ORIENTED_EDGE('',*,*,#9933,.F.);
#11041 = PLANE('',#11042);
#11042 = AXIS2_PLACEMENT_3D('',#11043,#11044,#11045);
#11043 = CARTESIAN_POINT('',(-2.45,-1.125,0.18));
#11044 = DIRECTION('',(0.,0.,-1.));
#11045 = DIRECTION('',(1.,-1.144237745222E-17,0.));
#11046 = ADVANCED_FACE('',(#11047),#11058,.F.);
#11047 = FACE_BOUND('',#11048,.F.);
#11048 = EDGE_LOOP('',(#11049,#11055,#11056,#11057));
#11049 = ORIENTED_EDGE('',*,*,#11050,.T.);
#11050 = EDGE_CURVE('',#9918,#9826,#11051,.T.);
#11051 = LINE('',#11052,#11053);
#11052 = CARTESIAN_POINT('',(-2.45,-1.125,8.326672684689E-17));
#11053 = VECTOR('',#11054,1.);
#11054 = DIRECTION('',(1.144237745222E-17,1.,0.));
#11055 = ORIENTED_EDGE('',*,*,#9833,.T.);
#11056 = ORIENTED_EDGE('',*,*,#11033,.F.);
#11057 = ORIENTED_EDGE('',*,*,#9925,.F.);
#11058 = PLANE('',#11059);
#11059 = AXIS2_PLACEMENT_3D('',#11060,#11061,#11062);
#11060 = CARTESIAN_POINT('',(-2.45,-1.125,8.326672684689E-17));
#11061 = DIRECTION('',(1.,-1.144237745222E-17,0.));
#11062 = DIRECTION('',(0.,0.,1.));
#11063 = ADVANCED_FACE('',(#11064),#11075,.F.);
#11064 = FACE_BOUND('',#11065,.F.);
#11065 = EDGE_LOOP('',(#11066,#11072,#11073,#11074));
#11066 = ORIENTED_EDGE('',*,*,#11067,.T.);
#11067 = EDGE_CURVE('',#9909,#9817,#11068,.T.);
#11068 = LINE('',#11069,#11070);
#11069 = CARTESIAN_POINT('',(-2.03,-1.125,8.326672684689E-17));
#11070 = VECTOR('',#11071,1.);
#11071 = DIRECTION('',(1.144237745222E-17,1.,0.));
#11072 = ORIENTED_EDGE('',*,*,#9825,.T.);
#11073 = ORIENTED_EDGE('',*,*,#11050,.F.);
#11074 = ORIENTED_EDGE('',*,*,#9917,.F.);
#11075 = PLANE('',#11076);
#11076 = AXIS2_PLACEMENT_3D('',#11077,#11078,#11079);
#11077 = CARTESIAN_POINT('',(-2.03,-1.125,8.326672684689E-17));
#11078 = DIRECTION('',(0.,0.,1.));
#11079 = DIRECTION('',(-1.,1.144237745222E-17,0.));
#11080 = ADVANCED_FACE('',(#11081),#11092,.T.);
#11081 = FACE_BOUND('',#11082,.T.);
#11082 = EDGE_LOOP('',(#11083,#11084,#11085,#11086));
#11083 = ORIENTED_EDGE('',*,*,#9908,.T.);
#11084 = ORIENTED_EDGE('',*,*,#11067,.T.);
#11085 = ORIENTED_EDGE('',*,*,#9816,.F.);
#11086 = ORIENTED_EDGE('',*,*,#11087,.F.);
#11087 = EDGE_CURVE('',#9901,#9809,#11088,.T.);
#11088 = LINE('',#11089,#11090);
#11089 = CARTESIAN_POINT('',(-1.803494216807,-1.125,0.190060919137));
#11090 = VECTOR('',#11091,1.);
#11091 = DIRECTION('',(1.144237745222E-17,1.,0.));
#11092 = CYLINDRICAL_SURFACE('',#11093,0.23);
#11093 = AXIS2_PLACEMENT_3D('',#11094,#11095,#11096);
#11094 = CARTESIAN_POINT('',(-2.03,-1.125,0.23));
#11095 = DIRECTION('',(-1.144237745222E-17,-1.,0.));
#11096 = DIRECTION('',(0.984807753012,-1.126854202784E-17,
    -0.173648177667));
#11097 = ADVANCED_FACE('',(#11098),#11104,.F.);
#11098 = FACE_BOUND('',#11099,.F.);
#11099 = EDGE_LOOP('',(#11100,#11101,#11102,#11103));
#11100 = ORIENTED_EDGE('',*,*,#9983,.T.);
#11101 = ORIENTED_EDGE('',*,*,#9808,.T.);
#11102 = ORIENTED_EDGE('',*,*,#11087,.F.);
#11103 = ORIENTED_EDGE('',*,*,#9900,.F.);
#11104 = PLANE('',#11105);
#11105 = AXIS2_PLACEMENT_3D('',#11106,#11107,#11108);
#11106 = CARTESIAN_POINT('',(-1.771028070737,-1.125,0.398682408883));
#11107 = DIRECTION('',(-0.988106457441,1.130628704902E-17,0.153771352217
    ));
#11108 = DIRECTION('',(-0.153771352217,1.759509853409E-18,
    -0.988106457441));
#11109 = ADVANCED_FACE('',(#11110),#11121,.T.);
#11110 = FACE_BOUND('',#11111,.T.);
#11111 = EDGE_LOOP('',(#11112,#11113,#11114,#11120));
#11112 = ORIENTED_EDGE('',*,*,#10032,.T.);
#11113 = ORIENTED_EDGE('',*,*,#10426,.T.);
#11114 = ORIENTED_EDGE('',*,*,#11115,.F.);
#11115 = EDGE_CURVE('',#10492,#10419,#11116,.T.);
#11116 = LINE('',#11117,#11118);
#11117 = CARTESIAN_POINT('',(-1.427230769032,-1.427230769032,0.96));
#11118 = VECTOR('',#11119,1.);
#11119 = DIRECTION('',(1.,1.110223024625E-16,0.));
#11120 = ORIENTED_EDGE('',*,*,#10491,.F.);
#11121 = B_SPLINE_SURFACE_WITH_KNOTS('',1,1,(
    (#11122,#11123)
    ,(#11124,#11125
    )),.UNSPECIFIED.,.F.,.F.,.F.,(2,2),(2,2),(0.,2.999),(0.,1.),
  .PIECEWISE_BEZIER_KNOTS.);
#11122 = CARTESIAN_POINT('',(-1.4995,-1.4995,0.62));
#11123 = CARTESIAN_POINT('',(-1.427230769032,-1.427230769032,0.96));
#11124 = CARTESIAN_POINT('',(1.4995,-1.4995,0.62));
#11125 = CARTESIAN_POINT('',(1.427230769032,-1.427230769032,0.96));
#11126 = ADVANCED_FACE('',(#11127),#11159,.F.);
#11127 = FACE_BOUND('',#11128,.F.);
#11128 = EDGE_LOOP('',(#11129,#11137,#11145,#11151,#11152,#11153));
#11129 = ORIENTED_EDGE('',*,*,#11130,.F.);
#11130 = EDGE_CURVE('',#11131,#10103,#11133,.T.);
#11131 = VERTEX_POINT('',#11132);
#11132 = CARTESIAN_POINT('',(1.721787683087,-0.825,0.62));
#11133 = LINE('',#11134,#11135);
#11134 = CARTESIAN_POINT('',(1.721787683087,-0.825,0.62));
#11135 = VECTOR('',#11136,1.);
#11136 = DIRECTION('',(-1.,-1.110223024625E-16,0.));
#11137 = ORIENTED_EDGE('',*,*,#11138,.T.);
#11138 = EDGE_CURVE('',#11131,#11139,#11141,.T.);
#11139 = VERTEX_POINT('',#11140);
#11140 = CARTESIAN_POINT('',(1.721787683087,-1.125,0.62));
#11141 = LINE('',#11142,#11143);
#11142 = CARTESIAN_POINT('',(1.721787683087,-0.825,0.62));
#11143 = VECTOR('',#11144,1.);
#11144 = DIRECTION('',(1.110223024625E-16,-1.,0.));
#11145 = ORIENTED_EDGE('',*,*,#11146,.T.);
#11146 = EDGE_CURVE('',#11139,#10009,#11147,.T.);
#11147 = LINE('',#11148,#11149);
#11148 = CARTESIAN_POINT('',(1.721787683087,-1.125,0.62));
#11149 = VECTOR('',#11150,1.);
#11150 = DIRECTION('',(-1.,-1.110223024625E-16,0.));
#11151 = ORIENTED_EDGE('',*,*,#10016,.T.);
#11152 = ORIENTED_EDGE('',*,*,#10363,.T.);
#11153 = ORIENTED_EDGE('',*,*,#11154,.F.);
#11154 = EDGE_CURVE('',#10103,#10364,#11155,.T.);
#11155 = LINE('',#11156,#11157);
#11156 = CARTESIAN_POINT('',(1.721787683087,-0.825,0.62));
#11157 = VECTOR('',#11158,1.);
#11158 = DIRECTION('',(-1.,-1.110223024625E-16,0.));
#11159 = PLANE('',#11160);
#11160 = AXIS2_PLACEMENT_3D('',#11161,#11162,#11163);
#11161 = CARTESIAN_POINT('',(1.721787683087,-0.825,0.62));
#11162 = DIRECTION('',(0.,0.,-1.));
#11163 = DIRECTION('',(-1.,-1.110223024625E-16,-0.));
#11164 = ADVANCED_FACE('',(#11165),#11244,.T.);
#11165 = FACE_BOUND('',#11166,.T.);
#11166 = EDGE_LOOP('',(#11167,#11168,#11169,#11178,#11186,#11195,#11203,
    #11211,#11219,#11228,#11236,#11243));
#11167 = ORIENTED_EDGE('',*,*,#10056,.T.);
#11168 = ORIENTED_EDGE('',*,*,#10080,.T.);
#11169 = ORIENTED_EDGE('',*,*,#11170,.T.);
#11170 = EDGE_CURVE('',#10081,#11171,#11173,.T.);
#11171 = VERTEX_POINT('',#11172);
#11172 = CARTESIAN_POINT('',(1.771028070737,-1.125,0.398682408883));
#11173 = CIRCLE('',#11174,5.E-02);
#11174 = AXIS2_PLACEMENT_3D('',#11175,#11176,#11177);
#11175 = CARTESIAN_POINT('',(1.721787683087,-1.125,0.39));
#11176 = DIRECTION('',(-1.110223024625E-16,1.,0.));
#11177 = DIRECTION('',(4.440892098501E-15,4.930380657631E-31,1.));
#11178 = ORIENTED_EDGE('',*,*,#11179,.T.);
#11179 = EDGE_CURVE('',#11171,#11180,#11182,.T.);
#11180 = VERTEX_POINT('',#11181);
#11181 = CARTESIAN_POINT('',(1.803494216807,-1.125,0.190060919137));
#11182 = LINE('',#11183,#11184);
#11183 = CARTESIAN_POINT('',(1.771028070737,-1.125,0.398682408883));
#11184 = VECTOR('',#11185,1.);
#11185 = DIRECTION('',(0.153771352217,1.707204957595E-17,-0.988106457441
    ));
#11186 = ORIENTED_EDGE('',*,*,#11187,.T.);
#11187 = EDGE_CURVE('',#11180,#11188,#11190,.T.);
#11188 = VERTEX_POINT('',#11189);
#11189 = CARTESIAN_POINT('',(2.03,-1.125,8.326672684689E-17));
#11190 = CIRCLE('',#11191,0.23);
#11191 = AXIS2_PLACEMENT_3D('',#11192,#11193,#11194);
#11192 = CARTESIAN_POINT('',(2.03,-1.125,0.23));
#11193 = DIRECTION('',(1.110223024625E-16,-1.,0.));
#11194 = DIRECTION('',(-0.984807753012,-1.093356242223E-16,
    -0.173648177667));
#11195 = ORIENTED_EDGE('',*,*,#11196,.T.);
#11196 = EDGE_CURVE('',#11188,#11197,#11199,.T.);
#11197 = VERTEX_POINT('',#11198);
#11198 = CARTESIAN_POINT('',(2.45,-1.125,8.326672684689E-17));
#11199 = LINE('',#11200,#11201);
#11200 = CARTESIAN_POINT('',(2.03,-1.125,8.326672684689E-17));
#11201 = VECTOR('',#11202,1.);
#11202 = DIRECTION('',(1.,1.110223024625E-16,0.));
#11203 = ORIENTED_EDGE('',*,*,#11204,.T.);
#11204 = EDGE_CURVE('',#11197,#11205,#11207,.T.);
#11205 = VERTEX_POINT('',#11206);
#11206 = CARTESIAN_POINT('',(2.45,-1.125,0.18));
#11207 = LINE('',#11208,#11209);
#11208 = CARTESIAN_POINT('',(2.45,-1.125,8.326672684689E-17));
#11209 = VECTOR('',#11210,1.);
#11210 = DIRECTION('',(0.,0.,1.));
#11211 = ORIENTED_EDGE('',*,*,#11212,.T.);
#11212 = EDGE_CURVE('',#11205,#11213,#11215,.T.);
#11213 = VERTEX_POINT('',#11214);
#11214 = CARTESIAN_POINT('',(2.03,-1.125,0.18));
#11215 = LINE('',#11216,#11217);
#11216 = CARTESIAN_POINT('',(2.45,-1.125,0.18));
#11217 = VECTOR('',#11218,1.);
#11218 = DIRECTION('',(-1.,-1.110223024625E-16,0.));
#11219 = ORIENTED_EDGE('',*,*,#11220,.T.);
#11220 = EDGE_CURVE('',#11213,#11221,#11223,.T.);
#11221 = VERTEX_POINT('',#11222);
#11222 = CARTESIAN_POINT('',(1.980759612349,-1.125,0.221317591117));
#11223 = CIRCLE('',#11224,5.E-02);
#11224 = AXIS2_PLACEMENT_3D('',#11225,#11226,#11227);
#11225 = CARTESIAN_POINT('',(2.03,-1.125,0.23));
#11226 = DIRECTION('',(-1.110223024625E-16,1.,0.));
#11227 = DIRECTION('',(8.881784197001E-15,9.860761315261E-31,-1.));
#11228 = ORIENTED_EDGE('',*,*,#11229,.T.);
#11229 = EDGE_CURVE('',#11221,#11230,#11232,.T.);
#11230 = VERTEX_POINT('',#11231);
#11231 = CARTESIAN_POINT('',(1.948293466279,-1.125,0.429939080863));
#11232 = LINE('',#11233,#11234);
#11233 = CARTESIAN_POINT('',(1.980759612349,-1.125,0.221317591117));
#11234 = VECTOR('',#11235,1.);
#11235 = DIRECTION('',(-0.153771352217,-1.707204957595E-17,
    0.988106457441));
#11236 = ORIENTED_EDGE('',*,*,#11237,.T.);
#11237 = EDGE_CURVE('',#11230,#11139,#11238,.T.);
#11238 = CIRCLE('',#11239,0.23);
#11239 = AXIS2_PLACEMENT_3D('',#11240,#11241,#11242);
#11240 = CARTESIAN_POINT('',(1.721787683087,-1.125,0.39));
#11241 = DIRECTION('',(1.110223024625E-16,-1.,0.));
#11242 = DIRECTION('',(0.984807753012,1.093356242223E-16,0.173648177667)
  );
#11243 = ORIENTED_EDGE('',*,*,#11146,.T.);
#11244 = PLANE('',#11245);
#11245 = AXIS2_PLACEMENT_3D('',#11246,#11247,#11248);
#11246 = CARTESIAN_POINT('',(1.954356695028,-1.125,0.279475105629));
#11247 = DIRECTION('',(1.110223024625E-16,-1.,0.));
#11248 = DIRECTION('',(0.,0.,1.));
#11249 = ADVANCED_FACE('',(#11250),#11329,.F.);
#11250 = FACE_BOUND('',#11251,.F.);
#11251 = EDGE_LOOP('',(#11252,#11253,#11254,#11263,#11271,#11280,#11288,
    #11296,#11304,#11313,#11321,#11328));
#11252 = ORIENTED_EDGE('',*,*,#10102,.T.);
#11253 = ORIENTED_EDGE('',*,*,#10071,.T.);
#11254 = ORIENTED_EDGE('',*,*,#11255,.T.);
#11255 = EDGE_CURVE('',#10072,#11256,#11258,.T.);
#11256 = VERTEX_POINT('',#11257);
#11257 = CARTESIAN_POINT('',(1.771028070737,-0.825,0.398682408883));
#11258 = CIRCLE('',#11259,5.E-02);
#11259 = AXIS2_PLACEMENT_3D('',#11260,#11261,#11262);
#11260 = CARTESIAN_POINT('',(1.721787683087,-0.825,0.39));
#11261 = DIRECTION('',(-1.110223024625E-16,1.,0.));
#11262 = DIRECTION('',(4.440892098501E-15,4.930380657631E-31,1.));
#11263 = ORIENTED_EDGE('',*,*,#11264,.T.);
#11264 = EDGE_CURVE('',#11256,#11265,#11267,.T.);
#11265 = VERTEX_POINT('',#11266);
#11266 = CARTESIAN_POINT('',(1.803494216807,-0.825,0.190060919137));
#11267 = LINE('',#11268,#11269);
#11268 = CARTESIAN_POINT('',(1.771028070737,-0.825,0.398682408883));
#11269 = VECTOR('',#11270,1.);
#11270 = DIRECTION('',(0.153771352217,1.707204957595E-17,-0.988106457441
    ));
#11271 = ORIENTED_EDGE('',*,*,#11272,.T.);
#11272 = EDGE_CURVE('',#11265,#11273,#11275,.T.);
#11273 = VERTEX_POINT('',#11274);
#11274 = CARTESIAN_POINT('',(2.03,-0.825,8.326672684689E-17));
#11275 = CIRCLE('',#11276,0.23);
#11276 = AXIS2_PLACEMENT_3D('',#11277,#11278,#11279);
#11277 = CARTESIAN_POINT('',(2.03,-0.825,0.23));
#11278 = DIRECTION('',(1.110223024625E-16,-1.,0.));
#11279 = DIRECTION('',(-0.984807753012,-1.093356242223E-16,
    -0.173648177667));
#11280 = ORIENTED_EDGE('',*,*,#11281,.T.);
#11281 = EDGE_CURVE('',#11273,#11282,#11284,.T.);
#11282 = VERTEX_POINT('',#11283);
#11283 = CARTESIAN_POINT('',(2.45,-0.825,8.326672684689E-17));
#11284 = LINE('',#11285,#11286);
#11285 = CARTESIAN_POINT('',(2.03,-0.825,8.326672684689E-17));
#11286 = VECTOR('',#11287,1.);
#11287 = DIRECTION('',(1.,1.110223024625E-16,0.));
#11288 = ORIENTED_EDGE('',*,*,#11289,.T.);
#11289 = EDGE_CURVE('',#11282,#11290,#11292,.T.);
#11290 = VERTEX_POINT('',#11291);
#11291 = CARTESIAN_POINT('',(2.45,-0.825,0.18));
#11292 = LINE('',#11293,#11294);
#11293 = CARTESIAN_POINT('',(2.45,-0.825,8.326672684689E-17));
#11294 = VECTOR('',#11295,1.);
#11295 = DIRECTION('',(0.,0.,1.));
#11296 = ORIENTED_EDGE('',*,*,#11297,.T.);
#11297 = EDGE_CURVE('',#11290,#11298,#11300,.T.);
#11298 = VERTEX_POINT('',#11299);
#11299 = CARTESIAN_POINT('',(2.03,-0.825,0.18));
#11300 = LINE('',#11301,#11302);
#11301 = CARTESIAN_POINT('',(2.45,-0.825,0.18));
#11302 = VECTOR('',#11303,1.);
#11303 = DIRECTION('',(-1.,-1.110223024625E-16,0.));
#11304 = ORIENTED_EDGE('',*,*,#11305,.T.);
#11305 = EDGE_CURVE('',#11298,#11306,#11308,.T.);
#11306 = VERTEX_POINT('',#11307);
#11307 = CARTESIAN_POINT('',(1.980759612349,-0.825,0.221317591117));
#11308 = CIRCLE('',#11309,5.E-02);
#11309 = AXIS2_PLACEMENT_3D('',#11310,#11311,#11312);
#11310 = CARTESIAN_POINT('',(2.03,-0.825,0.23));
#11311 = DIRECTION('',(-1.110223024625E-16,1.,0.));
#11312 = DIRECTION('',(8.881784197001E-15,9.860761315261E-31,-1.));
#11313 = ORIENTED_EDGE('',*,*,#11314,.T.);
#11314 = EDGE_CURVE('',#11306,#11315,#11317,.T.);
#11315 = VERTEX_POINT('',#11316);
#11316 = CARTESIAN_POINT('',(1.948293466279,-0.825,0.429939080863));
#11317 = LINE('',#11318,#11319);
#11318 = CARTESIAN_POINT('',(1.980759612349,-0.825,0.221317591117));
#11319 = VECTOR('',#11320,1.);
#11320 = DIRECTION('',(-0.153771352217,-1.707204957595E-17,
    0.988106457441));
#11321 = ORIENTED_EDGE('',*,*,#11322,.T.);
#11322 = EDGE_CURVE('',#11315,#11131,#11323,.T.);
#11323 = CIRCLE('',#11324,0.23);
#11324 = AXIS2_PLACEMENT_3D('',#11325,#11326,#11327);
#11325 = CARTESIAN_POINT('',(1.721787683087,-0.825,0.39));
#11326 = DIRECTION('',(1.110223024625E-16,-1.,0.));
#11327 = DIRECTION('',(0.984807753012,1.093356242223E-16,0.173648177667)
  );
#11328 = ORIENTED_EDGE('',*,*,#11130,.T.);
#11329 = PLANE('',#11330);
#11330 = AXIS2_PLACEMENT_3D('',#11331,#11332,#11333);
#11331 = CARTESIAN_POINT('',(1.954356695028,-0.825,0.279475105629));
#11332 = DIRECTION('',(1.110223024625E-16,-1.,0.));
#11333 = DIRECTION('',(0.,0.,1.));
#11334 = ADVANCED_FACE('',(#11335),#11346,.F.);
#11335 = FACE_BOUND('',#11336,.F.);
#11336 = EDGE_LOOP('',(#11337,#11338,#11339,#11345));
#11337 = ORIENTED_EDGE('',*,*,#10088,.T.);
#11338 = ORIENTED_EDGE('',*,*,#11170,.T.);
#11339 = ORIENTED_EDGE('',*,*,#11340,.F.);
#11340 = EDGE_CURVE('',#11256,#11171,#11341,.T.);
#11341 = LINE('',#11342,#11343);
#11342 = CARTESIAN_POINT('',(1.771028070737,-0.825,0.398682408883));
#11343 = VECTOR('',#11344,1.);
#11344 = DIRECTION('',(1.110223024625E-16,-1.,0.));
#11345 = ORIENTED_EDGE('',*,*,#11255,.F.);
#11346 = CYLINDRICAL_SURFACE('',#11347,5.E-02);
#11347 = AXIS2_PLACEMENT_3D('',#11348,#11349,#11350);
#11348 = CARTESIAN_POINT('',(1.721787683087,-0.825,0.39));
#11349 = DIRECTION('',(-1.110223024625E-16,1.,0.));
#11350 = DIRECTION('',(4.440892098501E-15,4.930380657631E-31,1.));
#11351 = ADVANCED_FACE('',(#11352),#11363,.T.);
#11352 = FACE_BOUND('',#11353,.T.);
#11353 = EDGE_LOOP('',(#11354,#11355,#11361,#11362));
#11354 = ORIENTED_EDGE('',*,*,#10119,.T.);
#11355 = ORIENTED_EDGE('',*,*,#11356,.T.);
#11356 = EDGE_CURVE('',#10112,#10372,#11357,.T.);
#11357 = LINE('',#11358,#11359);
#11358 = CARTESIAN_POINT('',(1.721787683087,-0.475,0.62));
#11359 = VECTOR('',#11360,1.);
#11360 = DIRECTION('',(-1.,-1.110223024625E-16,0.));
#11361 = ORIENTED_EDGE('',*,*,#10371,.F.);
#11362 = ORIENTED_EDGE('',*,*,#11154,.F.);
#11363 = PLANE('',#11364);
#11364 = AXIS2_PLACEMENT_3D('',#11365,#11366,#11367);
#11365 = CARTESIAN_POINT('',(-1.49975,-5.273077658632E-17,0.62));
#11366 = DIRECTION('',(-4.563658129377E-25,1.721000270187E-32,1.));
#11367 = DIRECTION('',(1.183632748202E-16,-1.,1.721000275589E-32));
#11368 = ADVANCED_FACE('',(#11369),#11455,.T.);
#11369 = FACE_BOUND('',#11370,.T.);
#11370 = EDGE_LOOP('',(#11371,#11372,#11373,#11382,#11390,#11399,#11407,
    #11415,#11423,#11432,#11440,#11449));
#11371 = ORIENTED_EDGE('',*,*,#10111,.T.);
#11372 = ORIENTED_EDGE('',*,*,#10142,.T.);
#11373 = ORIENTED_EDGE('',*,*,#11374,.T.);
#11374 = EDGE_CURVE('',#10143,#11375,#11377,.T.);
#11375 = VERTEX_POINT('',#11376);
#11376 = CARTESIAN_POINT('',(1.771028070737,-0.475,0.398682408883));
#11377 = CIRCLE('',#11378,5.E-02);
#11378 = AXIS2_PLACEMENT_3D('',#11379,#11380,#11381);
#11379 = CARTESIAN_POINT('',(1.721787683087,-0.475,0.39));
#11380 = DIRECTION('',(-1.110223024625E-16,1.,0.));
#11381 = DIRECTION('',(4.440892098501E-15,4.930380657631E-31,1.));
#11382 = ORIENTED_EDGE('',*,*,#11383,.T.);
#11383 = EDGE_CURVE('',#11375,#11384,#11386,.T.);
#11384 = VERTEX_POINT('',#11385);
#11385 = CARTESIAN_POINT('',(1.803494216807,-0.475,0.190060919137));
#11386 = LINE('',#11387,#11388);
#11387 = CARTESIAN_POINT('',(1.771028070737,-0.475,0.398682408883));
#11388 = VECTOR('',#11389,1.);
#11389 = DIRECTION('',(0.153771352217,1.707204957595E-17,-0.988106457441
    ));
#11390 = ORIENTED_EDGE('',*,*,#11391,.T.);
#11391 = EDGE_CURVE('',#11384,#11392,#11394,.T.);
#11392 = VERTEX_POINT('',#11393);
#11393 = CARTESIAN_POINT('',(2.03,-0.475,8.326672684689E-17));
#11394 = CIRCLE('',#11395,0.23);
#11395 = AXIS2_PLACEMENT_3D('',#11396,#11397,#11398);
#11396 = CARTESIAN_POINT('',(2.03,-0.475,0.23));
#11397 = DIRECTION('',(1.110223024625E-16,-1.,0.));
#11398 = DIRECTION('',(-0.984807753012,-1.093356242223E-16,
    -0.173648177667));
#11399 = ORIENTED_EDGE('',*,*,#11400,.T.);
#11400 = EDGE_CURVE('',#11392,#11401,#11403,.T.);
#11401 = VERTEX_POINT('',#11402);
#11402 = CARTESIAN_POINT('',(2.45,-0.475,8.326672684689E-17));
#11403 = LINE('',#11404,#11405);
#11404 = CARTESIAN_POINT('',(2.03,-0.475,8.326672684689E-17));
#11405 = VECTOR('',#11406,1.);
#11406 = DIRECTION('',(1.,1.110223024625E-16,0.));
#11407 = ORIENTED_EDGE('',*,*,#11408,.T.);
#11408 = EDGE_CURVE('',#11401,#11409,#11411,.T.);
#11409 = VERTEX_POINT('',#11410);
#11410 = CARTESIAN_POINT('',(2.45,-0.475,0.18));
#11411 = LINE('',#11412,#11413);
#11412 = CARTESIAN_POINT('',(2.45,-0.475,8.326672684689E-17));
#11413 = VECTOR('',#11414,1.);
#11414 = DIRECTION('',(0.,0.,1.));
#11415 = ORIENTED_EDGE('',*,*,#11416,.T.);
#11416 = EDGE_CURVE('',#11409,#11417,#11419,.T.);
#11417 = VERTEX_POINT('',#11418);
#11418 = CARTESIAN_POINT('',(2.03,-0.475,0.18));
#11419 = LINE('',#11420,#11421);
#11420 = CARTESIAN_POINT('',(2.45,-0.475,0.18));
#11421 = VECTOR('',#11422,1.);
#11422 = DIRECTION('',(-1.,-1.110223024625E-16,0.));
#11423 = ORIENTED_EDGE('',*,*,#11424,.T.);
#11424 = EDGE_CURVE('',#11417,#11425,#11427,.T.);
#11425 = VERTEX_POINT('',#11426);
#11426 = CARTESIAN_POINT('',(1.980759612349,-0.475,0.221317591117));
#11427 = CIRCLE('',#11428,5.E-02);
#11428 = AXIS2_PLACEMENT_3D('',#11429,#11430,#11431);
#11429 = CARTESIAN_POINT('',(2.03,-0.475,0.23));
#11430 = DIRECTION('',(-1.110223024625E-16,1.,0.));
#11431 = DIRECTION('',(8.881784197001E-15,9.860761315261E-31,-1.));
#11432 = ORIENTED_EDGE('',*,*,#11433,.T.);
#11433 = EDGE_CURVE('',#11425,#11434,#11436,.T.);
#11434 = VERTEX_POINT('',#11435);
#11435 = CARTESIAN_POINT('',(1.948293466279,-0.475,0.429939080863));
#11436 = LINE('',#11437,#11438);
#11437 = CARTESIAN_POINT('',(1.980759612349,-0.475,0.221317591117));
#11438 = VECTOR('',#11439,1.);
#11439 = DIRECTION('',(-0.153771352217,-1.707204957595E-17,
    0.988106457441));
#11440 = ORIENTED_EDGE('',*,*,#11441,.T.);
#11441 = EDGE_CURVE('',#11434,#11442,#11444,.T.);
#11442 = VERTEX_POINT('',#11443);
#11443 = CARTESIAN_POINT('',(1.721787683087,-0.475,0.62));
#11444 = CIRCLE('',#11445,0.23);
#11445 = AXIS2_PLACEMENT_3D('',#11446,#11447,#11448);
#11446 = CARTESIAN_POINT('',(1.721787683087,-0.475,0.39));
#11447 = DIRECTION('',(1.110223024625E-16,-1.,0.));
#11448 = DIRECTION('',(0.984807753012,1.093356242223E-16,0.173648177667)
  );
#11449 = ORIENTED_EDGE('',*,*,#11450,.T.);
#11450 = EDGE_CURVE('',#11442,#10112,#11451,.T.);
#11451 = LINE('',#11452,#11453);
#11452 = CARTESIAN_POINT('',(1.721787683087,-0.475,0.62));
#11453 = VECTOR('',#11454,1.);
#11454 = DIRECTION('',(-1.,-1.110223024625E-16,0.));
#11455 = PLANE('',#11456);
#11456 = AXIS2_PLACEMENT_3D('',#11457,#11458,#11459);
#11457 = CARTESIAN_POINT('',(1.954356695028,-0.475,0.279475105629));
#11458 = DIRECTION('',(1.110223024625E-16,-1.,0.));
#11459 = DIRECTION('',(0.,0.,1.));
#11460 = ADVANCED_FACE('',(#11461),#11547,.F.);
#11461 = FACE_BOUND('',#11462,.F.);
#11462 = EDGE_LOOP('',(#11463,#11464,#11465,#11474,#11482,#11491,#11499,
    #11507,#11515,#11524,#11532,#11541));
#11463 = ORIENTED_EDGE('',*,*,#10164,.T.);
#11464 = ORIENTED_EDGE('',*,*,#10133,.T.);
#11465 = ORIENTED_EDGE('',*,*,#11466,.T.);
#11466 = EDGE_CURVE('',#10134,#11467,#11469,.T.);
#11467 = VERTEX_POINT('',#11468);
#11468 = CARTESIAN_POINT('',(1.771028070737,-0.175,0.398682408883));
#11469 = CIRCLE('',#11470,5.E-02);
#11470 = AXIS2_PLACEMENT_3D('',#11471,#11472,#11473);
#11471 = CARTESIAN_POINT('',(1.721787683087,-0.175,0.39));
#11472 = DIRECTION('',(-1.110223024625E-16,1.,0.));
#11473 = DIRECTION('',(4.440892098501E-15,4.930380657631E-31,1.));
#11474 = ORIENTED_EDGE('',*,*,#11475,.T.);
#11475 = EDGE_CURVE('',#11467,#11476,#11478,.T.);
#11476 = VERTEX_POINT('',#11477);
#11477 = CARTESIAN_POINT('',(1.803494216807,-0.175,0.190060919137));
#11478 = LINE('',#11479,#11480);
#11479 = CARTESIAN_POINT('',(1.771028070737,-0.175,0.398682408883));
#11480 = VECTOR('',#11481,1.);
#11481 = DIRECTION('',(0.153771352217,1.707204957595E-17,-0.988106457441
    ));
#11482 = ORIENTED_EDGE('',*,*,#11483,.T.);
#11483 = EDGE_CURVE('',#11476,#11484,#11486,.T.);
#11484 = VERTEX_POINT('',#11485);
#11485 = CARTESIAN_POINT('',(2.03,-0.175,8.326672684689E-17));
#11486 = CIRCLE('',#11487,0.23);
#11487 = AXIS2_PLACEMENT_3D('',#11488,#11489,#11490);
#11488 = CARTESIAN_POINT('',(2.03,-0.175,0.23));
#11489 = DIRECTION('',(1.110223024625E-16,-1.,0.));
#11490 = DIRECTION('',(-0.984807753012,-1.093356242223E-16,
    -0.173648177667));
#11491 = ORIENTED_EDGE('',*,*,#11492,.T.);
#11492 = EDGE_CURVE('',#11484,#11493,#11495,.T.);
#11493 = VERTEX_POINT('',#11494);
#11494 = CARTESIAN_POINT('',(2.45,-0.175,8.326672684689E-17));
#11495 = LINE('',#11496,#11497);
#11496 = CARTESIAN_POINT('',(2.03,-0.175,8.326672684689E-17));
#11497 = VECTOR('',#11498,1.);
#11498 = DIRECTION('',(1.,1.110223024625E-16,0.));
#11499 = ORIENTED_EDGE('',*,*,#11500,.T.);
#11500 = EDGE_CURVE('',#11493,#11501,#11503,.T.);
#11501 = VERTEX_POINT('',#11502);
#11502 = CARTESIAN_POINT('',(2.45,-0.175,0.18));
#11503 = LINE('',#11504,#11505);
#11504 = CARTESIAN_POINT('',(2.45,-0.175,8.326672684689E-17));
#11505 = VECTOR('',#11506,1.);
#11506 = DIRECTION('',(0.,0.,1.));
#11507 = ORIENTED_EDGE('',*,*,#11508,.T.);
#11508 = EDGE_CURVE('',#11501,#11509,#11511,.T.);
#11509 = VERTEX_POINT('',#11510);
#11510 = CARTESIAN_POINT('',(2.03,-0.175,0.18));
#11511 = LINE('',#11512,#11513);
#11512 = CARTESIAN_POINT('',(2.45,-0.175,0.18));
#11513 = VECTOR('',#11514,1.);
#11514 = DIRECTION('',(-1.,-1.110223024625E-16,0.));
#11515 = ORIENTED_EDGE('',*,*,#11516,.T.);
#11516 = EDGE_CURVE('',#11509,#11517,#11519,.T.);
#11517 = VERTEX_POINT('',#11518);
#11518 = CARTESIAN_POINT('',(1.980759612349,-0.175,0.221317591117));
#11519 = CIRCLE('',#11520,5.E-02);
#11520 = AXIS2_PLACEMENT_3D('',#11521,#11522,#11523);
#11521 = CARTESIAN_POINT('',(2.03,-0.175,0.23));
#11522 = DIRECTION('',(-1.110223024625E-16,1.,0.));
#11523 = DIRECTION('',(8.881784197001E-15,9.860761315261E-31,-1.));
#11524 = ORIENTED_EDGE('',*,*,#11525,.T.);
#11525 = EDGE_CURVE('',#11517,#11526,#11528,.T.);
#11526 = VERTEX_POINT('',#11527);
#11527 = CARTESIAN_POINT('',(1.948293466279,-0.175,0.429939080863));
#11528 = LINE('',#11529,#11530);
#11529 = CARTESIAN_POINT('',(1.980759612349,-0.175,0.221317591117));
#11530 = VECTOR('',#11531,1.);
#11531 = DIRECTION('',(-0.153771352217,-1.707204957595E-17,
    0.988106457441));
#11532 = ORIENTED_EDGE('',*,*,#11533,.T.);
#11533 = EDGE_CURVE('',#11526,#11534,#11536,.T.);
#11534 = VERTEX_POINT('',#11535);
#11535 = CARTESIAN_POINT('',(1.721787683087,-0.175,0.62));
#11536 = CIRCLE('',#11537,0.23);
#11537 = AXIS2_PLACEMENT_3D('',#11538,#11539,#11540);
#11538 = CARTESIAN_POINT('',(1.721787683087,-0.175,0.39));
#11539 = DIRECTION('',(1.110223024625E-16,-1.,0.));
#11540 = DIRECTION('',(0.984807753012,1.093356242223E-16,0.173648177667)
  );
#11541 = ORIENTED_EDGE('',*,*,#11542,.T.);
#11542 = EDGE_CURVE('',#11534,#10165,#11543,.T.);
#11543 = LINE('',#11544,#11545);
#11544 = CARTESIAN_POINT('',(1.721787683087,-0.175,0.62));
#11545 = VECTOR('',#11546,1.);
#11546 = DIRECTION('',(-1.,-1.110223024625E-16,0.));
#11547 = PLANE('',#11548);
#11548 = AXIS2_PLACEMENT_3D('',#11549,#11550,#11551);
#11549 = CARTESIAN_POINT('',(1.954356695028,-0.175,0.279475105629));
#11550 = DIRECTION('',(1.110223024625E-16,-1.,0.));
#11551 = DIRECTION('',(0.,0.,1.));
#11552 = ADVANCED_FACE('',(#11553),#11564,.F.);
#11553 = FACE_BOUND('',#11554,.F.);
#11554 = EDGE_LOOP('',(#11555,#11556,#11557,#11563));
#11555 = ORIENTED_EDGE('',*,*,#10150,.T.);
#11556 = ORIENTED_EDGE('',*,*,#11374,.T.);
#11557 = ORIENTED_EDGE('',*,*,#11558,.F.);
#11558 = EDGE_CURVE('',#11467,#11375,#11559,.T.);
#11559 = LINE('',#11560,#11561);
#11560 = CARTESIAN_POINT('',(1.771028070737,-0.175,0.398682408883));
#11561 = VECTOR('',#11562,1.);
#11562 = DIRECTION('',(1.110223024625E-16,-1.,0.));
#11563 = ORIENTED_EDGE('',*,*,#11466,.F.);
#11564 = CYLINDRICAL_SURFACE('',#11565,5.E-02);
#11565 = AXIS2_PLACEMENT_3D('',#11566,#11567,#11568);
#11566 = CARTESIAN_POINT('',(1.721787683087,-0.175,0.39));
#11567 = DIRECTION('',(-1.110223024625E-16,1.,0.));
#11568 = DIRECTION('',(4.440892098501E-15,4.930380657631E-31,1.));
#11569 = ADVANCED_FACE('',(#11570),#11586,.T.);
#11570 = FACE_BOUND('',#11571,.T.);
#11571 = EDGE_LOOP('',(#11572,#11573,#11579,#11580));
#11572 = ORIENTED_EDGE('',*,*,#10181,.T.);
#11573 = ORIENTED_EDGE('',*,*,#11574,.T.);
#11574 = EDGE_CURVE('',#10174,#10388,#11575,.T.);
#11575 = LINE('',#11576,#11577);
#11576 = CARTESIAN_POINT('',(1.721787683087,0.175,0.62));
#11577 = VECTOR('',#11578,1.);
#11578 = DIRECTION('',(-1.,-1.110223024625E-16,0.));
#11579 = ORIENTED_EDGE('',*,*,#10387,.F.);
#11580 = ORIENTED_EDGE('',*,*,#11581,.F.);
#11581 = EDGE_CURVE('',#10165,#10380,#11582,.T.);
#11582 = LINE('',#11583,#11584);
#11583 = CARTESIAN_POINT('',(1.721787683087,-0.175,0.62));
#11584 = VECTOR('',#11585,1.);
#11585 = DIRECTION('',(-1.,-1.110223024625E-16,0.));
#11586 = PLANE('',#11587);
#11587 = AXIS2_PLACEMENT_3D('',#11588,#11589,#11590);
#11588 = CARTESIAN_POINT('',(-1.49975,-5.273077658632E-17,0.62));
#11589 = DIRECTION('',(-4.563658129377E-25,1.721000270187E-32,1.));
#11590 = DIRECTION('',(1.183632748202E-16,-1.,1.721000275589E-32));
#11591 = ADVANCED_FACE('',(#11592),#11678,.T.);
#11592 = FACE_BOUND('',#11593,.T.);
#11593 = EDGE_LOOP('',(#11594,#11595,#11596,#11605,#11613,#11622,#11630,
    #11638,#11646,#11655,#11663,#11672));
#11594 = ORIENTED_EDGE('',*,*,#10173,.T.);
#11595 = ORIENTED_EDGE('',*,*,#10204,.T.);
#11596 = ORIENTED_EDGE('',*,*,#11597,.T.);
#11597 = EDGE_CURVE('',#10205,#11598,#11600,.T.);
#11598 = VERTEX_POINT('',#11599);
#11599 = CARTESIAN_POINT('',(1.771028070737,0.175,0.398682408883));
#11600 = CIRCLE('',#11601,5.E-02);
#11601 = AXIS2_PLACEMENT_3D('',#11602,#11603,#11604);
#11602 = CARTESIAN_POINT('',(1.721787683087,0.175,0.39));
#11603 = DIRECTION('',(-1.110223024625E-16,1.,0.));
#11604 = DIRECTION('',(4.440892098501E-15,4.930380657631E-31,1.));
#11605 = ORIENTED_EDGE('',*,*,#11606,.T.);
#11606 = EDGE_CURVE('',#11598,#11607,#11609,.T.);
#11607 = VERTEX_POINT('',#11608);
#11608 = CARTESIAN_POINT('',(1.803494216807,0.175,0.190060919137));
#11609 = LINE('',#11610,#11611);
#11610 = CARTESIAN_POINT('',(1.771028070737,0.175,0.398682408883));
#11611 = VECTOR('',#11612,1.);
#11612 = DIRECTION('',(0.153771352217,1.707204957595E-17,-0.988106457441
    ));
#11613 = ORIENTED_EDGE('',*,*,#11614,.T.);
#11614 = EDGE_CURVE('',#11607,#11615,#11617,.T.);
#11615 = VERTEX_POINT('',#11616);
#11616 = CARTESIAN_POINT('',(2.03,0.175,8.326672684689E-17));
#11617 = CIRCLE('',#11618,0.23);
#11618 = AXIS2_PLACEMENT_3D('',#11619,#11620,#11621);
#11619 = CARTESIAN_POINT('',(2.03,0.175,0.23));
#11620 = DIRECTION('',(1.110223024625E-16,-1.,0.));
#11621 = DIRECTION('',(-0.984807753012,-1.093356242223E-16,
    -0.173648177667));
#11622 = ORIENTED_EDGE('',*,*,#11623,.T.);
#11623 = EDGE_CURVE('',#11615,#11624,#11626,.T.);
#11624 = VERTEX_POINT('',#11625);
#11625 = CARTESIAN_POINT('',(2.45,0.175,8.326672684689E-17));
#11626 = LINE('',#11627,#11628);
#11627 = CARTESIAN_POINT('',(2.03,0.175,8.326672684689E-17));
#11628 = VECTOR('',#11629,1.);
#11629 = DIRECTION('',(1.,1.110223024625E-16,0.));
#11630 = ORIENTED_EDGE('',*,*,#11631,.T.);
#11631 = EDGE_CURVE('',#11624,#11632,#11634,.T.);
#11632 = VERTEX_POINT('',#11633);
#11633 = CARTESIAN_POINT('',(2.45,0.175,0.18));
#11634 = LINE('',#11635,#11636);
#11635 = CARTESIAN_POINT('',(2.45,0.175,8.326672684689E-17));
#11636 = VECTOR('',#11637,1.);
#11637 = DIRECTION('',(0.,0.,1.));
#11638 = ORIENTED_EDGE('',*,*,#11639,.T.);
#11639 = EDGE_CURVE('',#11632,#11640,#11642,.T.);
#11640 = VERTEX_POINT('',#11641);
#11641 = CARTESIAN_POINT('',(2.03,0.175,0.18));
#11642 = LINE('',#11643,#11644);
#11643 = CARTESIAN_POINT('',(2.45,0.175,0.18));
#11644 = VECTOR('',#11645,1.);
#11645 = DIRECTION('',(-1.,-1.110223024625E-16,0.));
#11646 = ORIENTED_EDGE('',*,*,#11647,.T.);
#11647 = EDGE_CURVE('',#11640,#11648,#11650,.T.);
#11648 = VERTEX_POINT('',#11649);
#11649 = CARTESIAN_POINT('',(1.980759612349,0.175,0.221317591117));
#11650 = CIRCLE('',#11651,5.E-02);
#11651 = AXIS2_PLACEMENT_3D('',#11652,#11653,#11654);
#11652 = CARTESIAN_POINT('',(2.03,0.175,0.23));
#11653 = DIRECTION('',(-1.110223024625E-16,1.,0.));
#11654 = DIRECTION('',(8.881784197001E-15,9.860761315261E-31,-1.));
#11655 = ORIENTED_EDGE('',*,*,#11656,.T.);
#11656 = EDGE_CURVE('',#11648,#11657,#11659,.T.);
#11657 = VERTEX_POINT('',#11658);
#11658 = CARTESIAN_POINT('',(1.948293466279,0.175,0.429939080863));
#11659 = LINE('',#11660,#11661);
#11660 = CARTESIAN_POINT('',(1.980759612349,0.175,0.221317591117));
#11661 = VECTOR('',#11662,1.);
#11662 = DIRECTION('',(-0.153771352217,-1.707204957595E-17,
    0.988106457441));
#11663 = ORIENTED_EDGE('',*,*,#11664,.T.);
#11664 = EDGE_CURVE('',#11657,#11665,#11667,.T.);
#11665 = VERTEX_POINT('',#11666);
#11666 = CARTESIAN_POINT('',(1.721787683087,0.175,0.62));
#11667 = CIRCLE('',#11668,0.23);
#11668 = AXIS2_PLACEMENT_3D('',#11669,#11670,#11671);
#11669 = CARTESIAN_POINT('',(1.721787683087,0.175,0.39));
#11670 = DIRECTION('',(1.110223024625E-16,-1.,0.));
#11671 = DIRECTION('',(0.984807753012,1.093356242223E-16,0.173648177667)
  );
#11672 = ORIENTED_EDGE('',*,*,#11673,.T.);
#11673 = EDGE_CURVE('',#11665,#10174,#11674,.T.);
#11674 = LINE('',#11675,#11676);
#11675 = CARTESIAN_POINT('',(1.721787683087,0.175,0.62));
#11676 = VECTOR('',#11677,1.);
#11677 = DIRECTION('',(-1.,-1.110223024625E-16,0.));
#11678 = PLANE('',#11679);
#11679 = AXIS2_PLACEMENT_3D('',#11680,#11681,#11682);
#11680 = CARTESIAN_POINT('',(1.954356695028,0.175,0.279475105629));
#11681 = DIRECTION('',(1.110223024625E-16,-1.,0.));
#11682 = DIRECTION('',(0.,0.,1.));
#11683 = ADVANCED_FACE('',(#11684),#11770,.F.);
#11684 = FACE_BOUND('',#11685,.F.);
#11685 = EDGE_LOOP('',(#11686,#11687,#11688,#11697,#11705,#11714,#11722,
    #11730,#11738,#11747,#11755,#11764));
#11686 = ORIENTED_EDGE('',*,*,#10226,.T.);
#11687 = ORIENTED_EDGE('',*,*,#10195,.T.);
#11688 = ORIENTED_EDGE('',*,*,#11689,.T.);
#11689 = EDGE_CURVE('',#10196,#11690,#11692,.T.);
#11690 = VERTEX_POINT('',#11691);
#11691 = CARTESIAN_POINT('',(1.771028070737,0.475,0.398682408883));
#11692 = CIRCLE('',#11693,5.E-02);
#11693 = AXIS2_PLACEMENT_3D('',#11694,#11695,#11696);
#11694 = CARTESIAN_POINT('',(1.721787683087,0.475,0.39));
#11695 = DIRECTION('',(-1.110223024625E-16,1.,0.));
#11696 = DIRECTION('',(4.440892098501E-15,4.930380657631E-31,1.));
#11697 = ORIENTED_EDGE('',*,*,#11698,.T.);
#11698 = EDGE_CURVE('',#11690,#11699,#11701,.T.);
#11699 = VERTEX_POINT('',#11700);
#11700 = CARTESIAN_POINT('',(1.803494216807,0.475,0.190060919137));
#11701 = LINE('',#11702,#11703);
#11702 = CARTESIAN_POINT('',(1.771028070737,0.475,0.398682408883));
#11703 = VECTOR('',#11704,1.);
#11704 = DIRECTION('',(0.153771352217,1.707204957595E-17,-0.988106457441
    ));
#11705 = ORIENTED_EDGE('',*,*,#11706,.T.);
#11706 = EDGE_CURVE('',#11699,#11707,#11709,.T.);
#11707 = VERTEX_POINT('',#11708);
#11708 = CARTESIAN_POINT('',(2.03,0.475,8.326672684689E-17));
#11709 = CIRCLE('',#11710,0.23);
#11710 = AXIS2_PLACEMENT_3D('',#11711,#11712,#11713);
#11711 = CARTESIAN_POINT('',(2.03,0.475,0.23));
#11712 = DIRECTION('',(1.110223024625E-16,-1.,0.));
#11713 = DIRECTION('',(-0.984807753012,-1.093356242223E-16,
    -0.173648177667));
#11714 = ORIENTED_EDGE('',*,*,#11715,.T.);
#11715 = EDGE_CURVE('',#11707,#11716,#11718,.T.);
#11716 = VERTEX_POINT('',#11717);
#11717 = CARTESIAN_POINT('',(2.45,0.475,8.326672684689E-17));
#11718 = LINE('',#11719,#11720);
#11719 = CARTESIAN_POINT('',(2.03,0.475,8.326672684689E-17));
#11720 = VECTOR('',#11721,1.);
#11721 = DIRECTION('',(1.,1.110223024625E-16,0.));
#11722 = ORIENTED_EDGE('',*,*,#11723,.T.);
#11723 = EDGE_CURVE('',#11716,#11724,#11726,.T.);
#11724 = VERTEX_POINT('',#11725);
#11725 = CARTESIAN_POINT('',(2.45,0.475,0.18));
#11726 = LINE('',#11727,#11728);
#11727 = CARTESIAN_POINT('',(2.45,0.475,8.326672684689E-17));
#11728 = VECTOR('',#11729,1.);
#11729 = DIRECTION('',(0.,0.,1.));
#11730 = ORIENTED_EDGE('',*,*,#11731,.T.);
#11731 = EDGE_CURVE('',#11724,#11732,#11734,.T.);
#11732 = VERTEX_POINT('',#11733);
#11733 = CARTESIAN_POINT('',(2.03,0.475,0.18));
#11734 = LINE('',#11735,#11736);
#11735 = CARTESIAN_POINT('',(2.45,0.475,0.18));
#11736 = VECTOR('',#11737,1.);
#11737 = DIRECTION('',(-1.,-1.110223024625E-16,0.));
#11738 = ORIENTED_EDGE('',*,*,#11739,.T.);
#11739 = EDGE_CURVE('',#11732,#11740,#11742,.T.);
#11740 = VERTEX_POINT('',#11741);
#11741 = CARTESIAN_POINT('',(1.980759612349,0.475,0.221317591117));
#11742 = CIRCLE('',#11743,5.E-02);
#11743 = AXIS2_PLACEMENT_3D('',#11744,#11745,#11746);
#11744 = CARTESIAN_POINT('',(2.03,0.475,0.23));
#11745 = DIRECTION('',(-1.110223024625E-16,1.,0.));
#11746 = DIRECTION('',(8.881784197001E-15,9.860761315261E-31,-1.));
#11747 = ORIENTED_EDGE('',*,*,#11748,.T.);
#11748 = EDGE_CURVE('',#11740,#11749,#11751,.T.);
#11749 = VERTEX_POINT('',#11750);
#11750 = CARTESIAN_POINT('',(1.948293466279,0.475,0.429939080863));
#11751 = LINE('',#11752,#11753);
#11752 = CARTESIAN_POINT('',(1.980759612349,0.475,0.221317591117));
#11753 = VECTOR('',#11754,1.);
#11754 = DIRECTION('',(-0.153771352217,-1.707204957595E-17,
    0.988106457441));
#11755 = ORIENTED_EDGE('',*,*,#11756,.T.);
#11756 = EDGE_CURVE('',#11749,#11757,#11759,.T.);
#11757 = VERTEX_POINT('',#11758);
#11758 = CARTESIAN_POINT('',(1.721787683087,0.475,0.62));
#11759 = CIRCLE('',#11760,0.23);
#11760 = AXIS2_PLACEMENT_3D('',#11761,#11762,#11763);
#11761 = CARTESIAN_POINT('',(1.721787683087,0.475,0.39));
#11762 = DIRECTION('',(1.110223024625E-16,-1.,0.));
#11763 = DIRECTION('',(0.984807753012,1.093356242223E-16,0.173648177667)
  );
#11764 = ORIENTED_EDGE('',*,*,#11765,.T.);
#11765 = EDGE_CURVE('',#11757,#10227,#11766,.T.);
#11766 = LINE('',#11767,#11768);
#11767 = CARTESIAN_POINT('',(1.721787683087,0.475,0.62));
#11768 = VECTOR('',#11769,1.);
#11769 = DIRECTION('',(-1.,-1.110223024625E-16,0.));
#11770 = PLANE('',#11771);
#11771 = AXIS2_PLACEMENT_3D('',#11772,#11773,#11774);
#11772 = CARTESIAN_POINT('',(1.954356695028,0.475,0.279475105629));
#11773 = DIRECTION('',(1.110223024625E-16,-1.,0.));
#11774 = DIRECTION('',(0.,0.,1.));
#11775 = ADVANCED_FACE('',(#11776),#11787,.F.);
#11776 = FACE_BOUND('',#11777,.F.);
#11777 = EDGE_LOOP('',(#11778,#11779,#11780,#11786));
#11778 = ORIENTED_EDGE('',*,*,#10212,.T.);
#11779 = ORIENTED_EDGE('',*,*,#11597,.T.);
#11780 = ORIENTED_EDGE('',*,*,#11781,.F.);
#11781 = EDGE_CURVE('',#11690,#11598,#11782,.T.);
#11782 = LINE('',#11783,#11784);
#11783 = CARTESIAN_POINT('',(1.771028070737,0.475,0.398682408883));
#11784 = VECTOR('',#11785,1.);
#11785 = DIRECTION('',(1.110223024625E-16,-1.,0.));
#11786 = ORIENTED_EDGE('',*,*,#11689,.F.);
#11787 = CYLINDRICAL_SURFACE('',#11788,5.E-02);
#11788 = AXIS2_PLACEMENT_3D('',#11789,#11790,#11791);
#11789 = CARTESIAN_POINT('',(1.721787683087,0.475,0.39));
#11790 = DIRECTION('',(-1.110223024625E-16,1.,0.));
#11791 = DIRECTION('',(4.440892098501E-15,4.930380657631E-31,1.));
#11792 = ADVANCED_FACE('',(#11793),#11804,.T.);
#11793 = FACE_BOUND('',#11794,.T.);
#11794 = EDGE_LOOP('',(#11795,#11796,#11797,#11798));
#11795 = ORIENTED_EDGE('',*,*,#10243,.T.);
#11796 = ORIENTED_EDGE('',*,*,#10339,.T.);
#11797 = ORIENTED_EDGE('',*,*,#10403,.F.);
#11798 = ORIENTED_EDGE('',*,*,#11799,.F.);
#11799 = EDGE_CURVE('',#10227,#10396,#11800,.T.);
#11800 = LINE('',#11801,#11802);
#11801 = CARTESIAN_POINT('',(1.721787683087,0.475,0.62));
#11802 = VECTOR('',#11803,1.);
#11803 = DIRECTION('',(-1.,-1.110223024625E-16,0.));
#11804 = PLANE('',#11805);
#11805 = AXIS2_PLACEMENT_3D('',#11806,#11807,#11808);
#11806 = CARTESIAN_POINT('',(-1.49975,-5.273077658632E-17,0.62));
#11807 = DIRECTION('',(-4.563658129377E-25,1.721000270187E-32,1.));
#11808 = DIRECTION('',(1.183632748202E-16,-1.,1.721000275589E-32));
#11809 = ADVANCED_FACE('',(#11810),#11889,.T.);
#11810 = FACE_BOUND('',#11811,.T.);
#11811 = EDGE_LOOP('',(#11812,#11813,#11814,#11823,#11831,#11840,#11848,
    #11856,#11864,#11873,#11881,#11888));
#11812 = ORIENTED_EDGE('',*,*,#10235,.T.);
#11813 = ORIENTED_EDGE('',*,*,#10266,.T.);
#11814 = ORIENTED_EDGE('',*,*,#11815,.T.);
#11815 = EDGE_CURVE('',#10267,#11816,#11818,.T.);
#11816 = VERTEX_POINT('',#11817);
#11817 = CARTESIAN_POINT('',(1.771028070737,0.825,0.398682408883));
#11818 = CIRCLE('',#11819,5.E-02);
#11819 = AXIS2_PLACEMENT_3D('',#11820,#11821,#11822);
#11820 = CARTESIAN_POINT('',(1.721787683087,0.825,0.39));
#11821 = DIRECTION('',(-1.110223024625E-16,1.,0.));
#11822 = DIRECTION('',(4.440892098501E-15,4.930380657631E-31,1.));
#11823 = ORIENTED_EDGE('',*,*,#11824,.T.);
#11824 = EDGE_CURVE('',#11816,#11825,#11827,.T.);
#11825 = VERTEX_POINT('',#11826);
#11826 = CARTESIAN_POINT('',(1.803494216807,0.825,0.190060919137));
#11827 = LINE('',#11828,#11829);
#11828 = CARTESIAN_POINT('',(1.771028070737,0.825,0.398682408883));
#11829 = VECTOR('',#11830,1.);
#11830 = DIRECTION('',(0.153771352217,1.707204957595E-17,-0.988106457441
    ));
#11831 = ORIENTED_EDGE('',*,*,#11832,.T.);
#11832 = EDGE_CURVE('',#11825,#11833,#11835,.T.);
#11833 = VERTEX_POINT('',#11834);
#11834 = CARTESIAN_POINT('',(2.03,0.825,8.326672684689E-17));
#11835 = CIRCLE('',#11836,0.23);
#11836 = AXIS2_PLACEMENT_3D('',#11837,#11838,#11839);
#11837 = CARTESIAN_POINT('',(2.03,0.825,0.23));
#11838 = DIRECTION('',(1.110223024625E-16,-1.,0.));
#11839 = DIRECTION('',(-0.984807753012,-1.093356242223E-16,
    -0.173648177667));
#11840 = ORIENTED_EDGE('',*,*,#11841,.T.);
#11841 = EDGE_CURVE('',#11833,#11842,#11844,.T.);
#11842 = VERTEX_POINT('',#11843);
#11843 = CARTESIAN_POINT('',(2.45,0.825,8.326672684689E-17));
#11844 = LINE('',#11845,#11846);
#11845 = CARTESIAN_POINT('',(2.03,0.825,8.326672684689E-17));
#11846 = VECTOR('',#11847,1.);
#11847 = DIRECTION('',(1.,1.110223024625E-16,0.));
#11848 = ORIENTED_EDGE('',*,*,#11849,.T.);
#11849 = EDGE_CURVE('',#11842,#11850,#11852,.T.);
#11850 = VERTEX_POINT('',#11851);
#11851 = CARTESIAN_POINT('',(2.45,0.825,0.18));
#11852 = LINE('',#11853,#11854);
#11853 = CARTESIAN_POINT('',(2.45,0.825,8.326672684689E-17));
#11854 = VECTOR('',#11855,1.);
#11855 = DIRECTION('',(0.,0.,1.));
#11856 = ORIENTED_EDGE('',*,*,#11857,.T.);
#11857 = EDGE_CURVE('',#11850,#11858,#11860,.T.);
#11858 = VERTEX_POINT('',#11859);
#11859 = CARTESIAN_POINT('',(2.03,0.825,0.18));
#11860 = LINE('',#11861,#11862);
#11861 = CARTESIAN_POINT('',(2.45,0.825,0.18));
#11862 = VECTOR('',#11863,1.);
#11863 = DIRECTION('',(-1.,-1.110223024625E-16,0.));
#11864 = ORIENTED_EDGE('',*,*,#11865,.T.);
#11865 = EDGE_CURVE('',#11858,#11866,#11868,.T.);
#11866 = VERTEX_POINT('',#11867);
#11867 = CARTESIAN_POINT('',(1.980759612349,0.825,0.221317591117));
#11868 = CIRCLE('',#11869,5.E-02);
#11869 = AXIS2_PLACEMENT_3D('',#11870,#11871,#11872);
#11870 = CARTESIAN_POINT('',(2.03,0.825,0.23));
#11871 = DIRECTION('',(-1.110223024625E-16,1.,0.));
#11872 = DIRECTION('',(8.881784197001E-15,9.860761315261E-31,-1.));
#11873 = ORIENTED_EDGE('',*,*,#11874,.T.);
#11874 = EDGE_CURVE('',#11866,#11875,#11877,.T.);
#11875 = VERTEX_POINT('',#11876);
#11876 = CARTESIAN_POINT('',(1.948293466279,0.825,0.429939080863));
#11877 = LINE('',#11878,#11879);
#11878 = CARTESIAN_POINT('',(1.980759612349,0.825,0.221317591117));
#11879 = VECTOR('',#11880,1.);
#11880 = DIRECTION('',(-0.153771352217,-1.707204957595E-17,
    0.988106457441));
#11881 = ORIENTED_EDGE('',*,*,#11882,.T.);
#11882 = EDGE_CURVE('',#11875,#10326,#11883,.T.);
#11883 = CIRCLE('',#11884,0.23);
#11884 = AXIS2_PLACEMENT_3D('',#11885,#11886,#11887);
#11885 = CARTESIAN_POINT('',(1.721787683087,0.825,0.39));
#11886 = DIRECTION('',(1.110223024625E-16,-1.,0.));
#11887 = DIRECTION('',(0.984807753012,1.093356242223E-16,0.173648177667)
  );
#11888 = ORIENTED_EDGE('',*,*,#10333,.T.);
#11889 = PLANE('',#11890);
#11890 = AXIS2_PLACEMENT_3D('',#11891,#11892,#11893);
#11891 = CARTESIAN_POINT('',(1.954356695028,0.825,0.279475105629));
#11892 = DIRECTION('',(1.110223024625E-16,-1.,0.));
#11893 = DIRECTION('',(0.,0.,1.));
#11894 = ADVANCED_FACE('',(#11895),#11974,.F.);
#11895 = FACE_BOUND('',#11896,.F.);
#11896 = EDGE_LOOP('',(#11897,#11898,#11899,#11908,#11916,#11925,#11933,
    #11941,#11949,#11958,#11966,#11973));
#11897 = ORIENTED_EDGE('',*,*,#10288,.T.);
#11898 = ORIENTED_EDGE('',*,*,#10257,.T.);
#11899 = ORIENTED_EDGE('',*,*,#11900,.T.);
#11900 = EDGE_CURVE('',#10258,#11901,#11903,.T.);
#11901 = VERTEX_POINT('',#11902);
#11902 = CARTESIAN_POINT('',(1.771028070737,1.125,0.398682408883));
#11903 = CIRCLE('',#11904,5.E-02);
#11904 = AXIS2_PLACEMENT_3D('',#11905,#11906,#11907);
#11905 = CARTESIAN_POINT('',(1.721787683087,1.125,0.39));
#11906 = DIRECTION('',(-1.110223024625E-16,1.,0.));
#11907 = DIRECTION('',(4.440892098501E-15,4.930380657631E-31,1.));
#11908 = ORIENTED_EDGE('',*,*,#11909,.T.);
#11909 = EDGE_CURVE('',#11901,#11910,#11912,.T.);
#11910 = VERTEX_POINT('',#11911);
#11911 = CARTESIAN_POINT('',(1.803494216807,1.125,0.190060919137));
#11912 = LINE('',#11913,#11914);
#11913 = CARTESIAN_POINT('',(1.771028070737,1.125,0.398682408883));
#11914 = VECTOR('',#11915,1.);
#11915 = DIRECTION('',(0.153771352217,1.707204957595E-17,-0.988106457441
    ));
#11916 = ORIENTED_EDGE('',*,*,#11917,.T.);
#11917 = EDGE_CURVE('',#11910,#11918,#11920,.T.);
#11918 = VERTEX_POINT('',#11919);
#11919 = CARTESIAN_POINT('',(2.03,1.125,8.326672684689E-17));
#11920 = CIRCLE('',#11921,0.23);
#11921 = AXIS2_PLACEMENT_3D('',#11922,#11923,#11924);
#11922 = CARTESIAN_POINT('',(2.03,1.125,0.23));
#11923 = DIRECTION('',(1.110223024625E-16,-1.,0.));
#11924 = DIRECTION('',(-0.984807753012,-1.093356242223E-16,
    -0.173648177667));
#11925 = ORIENTED_EDGE('',*,*,#11926,.T.);
#11926 = EDGE_CURVE('',#11918,#11927,#11929,.T.);
#11927 = VERTEX_POINT('',#11928);
#11928 = CARTESIAN_POINT('',(2.45,1.125,8.326672684689E-17));
#11929 = LINE('',#11930,#11931);
#11930 = CARTESIAN_POINT('',(2.03,1.125,8.326672684689E-17));
#11931 = VECTOR('',#11932,1.);
#11932 = DIRECTION('',(1.,1.110223024625E-16,0.));
#11933 = ORIENTED_EDGE('',*,*,#11934,.T.);
#11934 = EDGE_CURVE('',#11927,#11935,#11937,.T.);
#11935 = VERTEX_POINT('',#11936);
#11936 = CARTESIAN_POINT('',(2.45,1.125,0.18));
#11937 = LINE('',#11938,#11939);
#11938 = CARTESIAN_POINT('',(2.45,1.125,8.326672684689E-17));
#11939 = VECTOR('',#11940,1.);
#11940 = DIRECTION('',(0.,0.,1.));
#11941 = ORIENTED_EDGE('',*,*,#11942,.T.);
#11942 = EDGE_CURVE('',#11935,#11943,#11945,.T.);
#11943 = VERTEX_POINT('',#11944);
#11944 = CARTESIAN_POINT('',(2.03,1.125,0.18));
#11945 = LINE('',#11946,#11947);
#11946 = CARTESIAN_POINT('',(2.45,1.125,0.18));
#11947 = VECTOR('',#11948,1.);
#11948 = DIRECTION('',(-1.,-1.110223024625E-16,0.));
#11949 = ORIENTED_EDGE('',*,*,#11950,.T.);
#11950 = EDGE_CURVE('',#11943,#11951,#11953,.T.);
#11951 = VERTEX_POINT('',#11952);
#11952 = CARTESIAN_POINT('',(1.980759612349,1.125,0.221317591117));
#11953 = CIRCLE('',#11954,5.E-02);
#11954 = AXIS2_PLACEMENT_3D('',#11955,#11956,#11957);
#11955 = CARTESIAN_POINT('',(2.03,1.125,0.23));
#11956 = DIRECTION('',(-1.110223024625E-16,1.,0.));
#11957 = DIRECTION('',(8.881784197001E-15,9.860761315261E-31,-1.));
#11958 = ORIENTED_EDGE('',*,*,#11959,.T.);
#11959 = EDGE_CURVE('',#11951,#11960,#11962,.T.);
#11960 = VERTEX_POINT('',#11961);
#11961 = CARTESIAN_POINT('',(1.948293466279,1.125,0.429939080863));
#11962 = LINE('',#11963,#11964);
#11963 = CARTESIAN_POINT('',(1.980759612349,1.125,0.221317591117));
#11964 = VECTOR('',#11965,1.);
#11965 = DIRECTION('',(-0.153771352217,-1.707204957595E-17,
    0.988106457441));
#11966 = ORIENTED_EDGE('',*,*,#11967,.T.);
#11967 = EDGE_CURVE('',#11960,#10318,#11968,.T.);
#11968 = CIRCLE('',#11969,0.23);
#11969 = AXIS2_PLACEMENT_3D('',#11970,#11971,#11972);
#11970 = CARTESIAN_POINT('',(1.721787683087,1.125,0.39));
#11971 = DIRECTION('',(1.110223024625E-16,-1.,0.));
#11972 = DIRECTION('',(0.984807753012,1.093356242223E-16,0.173648177667)
  );
#11973 = ORIENTED_EDGE('',*,*,#10317,.T.);
#11974 = PLANE('',#11975);
#11975 = AXIS2_PLACEMENT_3D('',#11976,#11977,#11978);
#11976 = CARTESIAN_POINT('',(1.954356695028,1.125,0.279475105629));
#11977 = DIRECTION('',(1.110223024625E-16,-1.,0.));
#11978 = DIRECTION('',(0.,0.,1.));
#11979 = ADVANCED_FACE('',(#11980),#11991,.F.);
#11980 = FACE_BOUND('',#11981,.F.);
#11981 = EDGE_LOOP('',(#11982,#11983,#11984,#11990));
#11982 = ORIENTED_EDGE('',*,*,#10274,.T.);
#11983 = ORIENTED_EDGE('',*,*,#11815,.T.);
#11984 = ORIENTED_EDGE('',*,*,#11985,.F.);
#11985 = EDGE_CURVE('',#11901,#11816,#11986,.T.);
#11986 = LINE('',#11987,#11988);
#11987 = CARTESIAN_POINT('',(1.771028070737,1.125,0.398682408883));
#11988 = VECTOR('',#11989,1.);
#11989 = DIRECTION('',(1.110223024625E-16,-1.,0.));
#11990 = ORIENTED_EDGE('',*,*,#11900,.F.);
#11991 = CYLINDRICAL_SURFACE('',#11992,5.E-02);
#11992 = AXIS2_PLACEMENT_3D('',#11993,#11994,#11995);
#11993 = CARTESIAN_POINT('',(1.721787683087,1.125,0.39));
#11994 = DIRECTION('',(-1.110223024625E-16,1.,0.));
#11995 = DIRECTION('',(4.440892098501E-15,4.930380657631E-31,1.));
#11996 = ADVANCED_FACE('',(#11997),#12008,.T.);
#11997 = FACE_BOUND('',#11998,.T.);
#11998 = EDGE_LOOP('',(#11999,#12000,#12001,#12002));
#11999 = ORIENTED_EDGE('',*,*,#11967,.T.);
#12000 = ORIENTED_EDGE('',*,*,#10325,.T.);
#12001 = ORIENTED_EDGE('',*,*,#11882,.F.);
#12002 = ORIENTED_EDGE('',*,*,#12003,.F.);
#12003 = EDGE_CURVE('',#11960,#11875,#12004,.T.);
#12004 = LINE('',#12005,#12006);
#12005 = CARTESIAN_POINT('',(1.948293466279,1.125,0.429939080863));
#12006 = VECTOR('',#12007,1.);
#12007 = DIRECTION('',(1.110223024625E-16,-1.,0.));
#12008 = CYLINDRICAL_SURFACE('',#12009,0.23);
#12009 = AXIS2_PLACEMENT_3D('',#12010,#12011,#12012);
#12010 = CARTESIAN_POINT('',(1.721787683087,1.125,0.39));
#12011 = DIRECTION('',(-1.110223024625E-16,1.,0.));
#12012 = DIRECTION('',(0.984807753012,1.093356242223E-16,0.173648177667)
  );
#12013 = ADVANCED_FACE('',(#12014),#12027,.F.);
#12014 = FACE_BOUND('',#12015,.F.);
#12015 = EDGE_LOOP('',(#12016,#12017,#12023,#12024,#12025,#12026));
#12016 = ORIENTED_EDGE('',*,*,#11542,.F.);
#12017 = ORIENTED_EDGE('',*,*,#12018,.T.);
#12018 = EDGE_CURVE('',#11534,#11442,#12019,.T.);
#12019 = LINE('',#12020,#12021);
#12020 = CARTESIAN_POINT('',(1.721787683087,-0.175,0.62));
#12021 = VECTOR('',#12022,1.);
#12022 = DIRECTION('',(1.110223024625E-16,-1.,0.));
#12023 = ORIENTED_EDGE('',*,*,#11450,.T.);
#12024 = ORIENTED_EDGE('',*,*,#11356,.T.);
#12025 = ORIENTED_EDGE('',*,*,#10379,.T.);
#12026 = ORIENTED_EDGE('',*,*,#11581,.F.);
#12027 = PLANE('',#12028);
#12028 = AXIS2_PLACEMENT_3D('',#12029,#12030,#12031);
#12029 = CARTESIAN_POINT('',(1.721787683087,-0.175,0.62));
#12030 = DIRECTION('',(0.,0.,-1.));
#12031 = DIRECTION('',(-1.,-1.110223024625E-16,-0.));
#12032 = ADVANCED_FACE('',(#12033),#12046,.F.);
#12033 = FACE_BOUND('',#12034,.F.);
#12034 = EDGE_LOOP('',(#12035,#12036,#12042,#12043,#12044,#12045));
#12035 = ORIENTED_EDGE('',*,*,#11765,.F.);
#12036 = ORIENTED_EDGE('',*,*,#12037,.T.);
#12037 = EDGE_CURVE('',#11757,#11665,#12038,.T.);
#12038 = LINE('',#12039,#12040);
#12039 = CARTESIAN_POINT('',(1.721787683087,0.475,0.62));
#12040 = VECTOR('',#12041,1.);
#12041 = DIRECTION('',(1.110223024625E-16,-1.,0.));
#12042 = ORIENTED_EDGE('',*,*,#11673,.T.);
#12043 = ORIENTED_EDGE('',*,*,#11574,.T.);
#12044 = ORIENTED_EDGE('',*,*,#10395,.T.);
#12045 = ORIENTED_EDGE('',*,*,#11799,.F.);
#12046 = PLANE('',#12047);
#12047 = AXIS2_PLACEMENT_3D('',#12048,#12049,#12050);
#12048 = CARTESIAN_POINT('',(1.721787683087,0.475,0.62));
#12049 = DIRECTION('',(0.,0.,-1.));
#12050 = DIRECTION('',(-1.,-1.110223024625E-16,-0.));
#12051 = ADVANCED_FACE('',(#12052,#12058),#12069,.F.);
#12052 = FACE_BOUND('',#12053,.F.);
#12053 = EDGE_LOOP('',(#12054,#12055,#12056,#12057));
#12054 = ORIENTED_EDGE('',*,*,#10498,.F.);
#12055 = ORIENTED_EDGE('',*,*,#10447,.F.);
#12056 = ORIENTED_EDGE('',*,*,#10418,.F.);
#12057 = ORIENTED_EDGE('',*,*,#11115,.F.);
#12058 = FACE_BOUND('',#12059,.F.);
#12059 = EDGE_LOOP('',(#12060));
#12060 = ORIENTED_EDGE('',*,*,#12061,.F.);
#12061 = EDGE_CURVE('',#12062,#12062,#12064,.T.);
#12062 = VERTEX_POINT('',#12063);
#12063 = CARTESIAN_POINT('',(-0.927230769032,0.677230769032,0.96));
#12064 = CIRCLE('',#12065,0.25);
#12065 = AXIS2_PLACEMENT_3D('',#12066,#12067,#12068);
#12066 = CARTESIAN_POINT('',(-0.927230769032,0.927230769032,0.96));
#12067 = DIRECTION('',(0.,-0.,-1.));
#12068 = DIRECTION('',(1.110223024625E-16,-1.,0.));
#12069 = PLANE('',#12070);
#12070 = AXIS2_PLACEMENT_3D('',#12071,#12072,#12073);
#12071 = CARTESIAN_POINT('',(-1.427230769032,1.427230769032,0.96));
#12072 = DIRECTION('',(0.,0.,-1.));
#12073 = DIRECTION('',(0.707106781187,-0.707106781187,0.));
#12074 = ADVANCED_FACE('',(#12075),#12086,.T.);
#12075 = FACE_BOUND('',#12076,.T.);
#12076 = EDGE_LOOP('',(#12077,#12078,#12079,#12080));
#12077 = ORIENTED_EDGE('',*,*,#11322,.T.);
#12078 = ORIENTED_EDGE('',*,*,#11138,.T.);
#12079 = ORIENTED_EDGE('',*,*,#11237,.F.);
#12080 = ORIENTED_EDGE('',*,*,#12081,.F.);
#12081 = EDGE_CURVE('',#11315,#11230,#12082,.T.);
#12082 = LINE('',#12083,#12084);
#12083 = CARTESIAN_POINT('',(1.948293466279,-0.825,0.429939080863));
#12084 = VECTOR('',#12085,1.);
#12085 = DIRECTION('',(1.110223024625E-16,-1.,0.));
#12086 = CYLINDRICAL_SURFACE('',#12087,0.23);
#12087 = AXIS2_PLACEMENT_3D('',#12088,#12089,#12090);
#12088 = CARTESIAN_POINT('',(1.721787683087,-0.825,0.39));
#12089 = DIRECTION('',(-1.110223024625E-16,1.,0.));
#12090 = DIRECTION('',(0.984807753012,1.093356242223E-16,0.173648177667)
  );
#12091 = ADVANCED_FACE('',(#12092),#12103,.F.);
#12092 = FACE_BOUND('',#12093,.F.);
#12093 = EDGE_LOOP('',(#12094,#12100,#12101,#12102));
#12094 = ORIENTED_EDGE('',*,*,#12095,.T.);
#12095 = EDGE_CURVE('',#11306,#11221,#12096,.T.);
#12096 = LINE('',#12097,#12098);
#12097 = CARTESIAN_POINT('',(1.980759612349,-0.825,0.221317591117));
#12098 = VECTOR('',#12099,1.);
#12099 = DIRECTION('',(1.110223024625E-16,-1.,0.));
#12100 = ORIENTED_EDGE('',*,*,#11229,.T.);
#12101 = ORIENTED_EDGE('',*,*,#12081,.F.);
#12102 = ORIENTED_EDGE('',*,*,#11314,.F.);
#12103 = PLANE('',#12104);
#12104 = AXIS2_PLACEMENT_3D('',#12105,#12106,#12107);
#12105 = CARTESIAN_POINT('',(1.980759612349,-0.825,0.221317591117));
#12106 = DIRECTION('',(-0.988106457441,-1.097018539832E-16,
    -0.153771352217));
#12107 = DIRECTION('',(-0.153771352217,-1.707204957595E-17,
    0.988106457441));
#12108 = ADVANCED_FACE('',(#12109),#12120,.F.);
#12109 = FACE_BOUND('',#12110,.F.);
#12110 = EDGE_LOOP('',(#12111,#12117,#12118,#12119));
#12111 = ORIENTED_EDGE('',*,*,#12112,.T.);
#12112 = EDGE_CURVE('',#11298,#11213,#12113,.T.);
#12113 = LINE('',#12114,#12115);
#12114 = CARTESIAN_POINT('',(2.03,-0.825,0.18));
#12115 = VECTOR('',#12116,1.);
#12116 = DIRECTION('',(1.110223024625E-16,-1.,0.));
#12117 = ORIENTED_EDGE('',*,*,#11220,.T.);
#12118 = ORIENTED_EDGE('',*,*,#12095,.F.);
#12119 = ORIENTED_EDGE('',*,*,#11305,.F.);
#12120 = CYLINDRICAL_SURFACE('',#12121,5.E-02);
#12121 = AXIS2_PLACEMENT_3D('',#12122,#12123,#12124);
#12122 = CARTESIAN_POINT('',(2.03,-0.825,0.23));
#12123 = DIRECTION('',(-1.110223024625E-16,1.,0.));
#12124 = DIRECTION('',(8.881784197001E-15,9.860761315261E-31,-1.));
#12125 = ADVANCED_FACE('',(#12126),#12137,.F.);
#12126 = FACE_BOUND('',#12127,.F.);
#12127 = EDGE_LOOP('',(#12128,#12134,#12135,#12136));
#12128 = ORIENTED_EDGE('',*,*,#12129,.T.);
#12129 = EDGE_CURVE('',#11290,#11205,#12130,.T.);
#12130 = LINE('',#12131,#12132);
#12131 = CARTESIAN_POINT('',(2.45,-0.825,0.18));
#12132 = VECTOR('',#12133,1.);
#12133 = DIRECTION('',(1.110223024625E-16,-1.,0.));
#12134 = ORIENTED_EDGE('',*,*,#11212,.T.);
#12135 = ORIENTED_EDGE('',*,*,#12112,.F.);
#12136 = ORIENTED_EDGE('',*,*,#11297,.F.);
#12137 = PLANE('',#12138);
#12138 = AXIS2_PLACEMENT_3D('',#12139,#12140,#12141);
#12139 = CARTESIAN_POINT('',(2.45,-0.825,0.18));
#12140 = DIRECTION('',(0.,0.,-1.));
#12141 = DIRECTION('',(-1.,-1.110223024625E-16,-0.));
#12142 = ADVANCED_FACE('',(#12143),#12154,.F.);
#12143 = FACE_BOUND('',#12144,.F.);
#12144 = EDGE_LOOP('',(#12145,#12151,#12152,#12153));
#12145 = ORIENTED_EDGE('',*,*,#12146,.T.);
#12146 = EDGE_CURVE('',#11282,#11197,#12147,.T.);
#12147 = LINE('',#12148,#12149);
#12148 = CARTESIAN_POINT('',(2.45,-0.825,8.326672684689E-17));
#12149 = VECTOR('',#12150,1.);
#12150 = DIRECTION('',(1.110223024625E-16,-1.,0.));
#12151 = ORIENTED_EDGE('',*,*,#11204,.T.);
#12152 = ORIENTED_EDGE('',*,*,#12129,.F.);
#12153 = ORIENTED_EDGE('',*,*,#11289,.F.);
#12154 = PLANE('',#12155);
#12155 = AXIS2_PLACEMENT_3D('',#12156,#12157,#12158);
#12156 = CARTESIAN_POINT('',(2.45,-0.825,8.326672684689E-17));
#12157 = DIRECTION('',(-1.,-1.110223024625E-16,0.));
#12158 = DIRECTION('',(0.,0.,1.));
#12159 = ADVANCED_FACE('',(#12160),#12171,.F.);
#12160 = FACE_BOUND('',#12161,.F.);
#12161 = EDGE_LOOP('',(#12162,#12168,#12169,#12170));
#12162 = ORIENTED_EDGE('',*,*,#12163,.T.);
#12163 = EDGE_CURVE('',#11273,#11188,#12164,.T.);
#12164 = LINE('',#12165,#12166);
#12165 = CARTESIAN_POINT('',(2.03,-0.825,8.326672684689E-17));
#12166 = VECTOR('',#12167,1.);
#12167 = DIRECTION('',(1.110223024625E-16,-1.,0.));
#12168 = ORIENTED_EDGE('',*,*,#11196,.T.);
#12169 = ORIENTED_EDGE('',*,*,#12146,.F.);
#12170 = ORIENTED_EDGE('',*,*,#11281,.F.);
#12171 = PLANE('',#12172);
#12172 = AXIS2_PLACEMENT_3D('',#12173,#12174,#12175);
#12173 = CARTESIAN_POINT('',(2.03,-0.825,8.326672684689E-17));
#12174 = DIRECTION('',(0.,0.,1.));
#12175 = DIRECTION('',(1.,1.110223024625E-16,-0.));
#12176 = ADVANCED_FACE('',(#12177),#12188,.T.);
#12177 = FACE_BOUND('',#12178,.T.);
#12178 = EDGE_LOOP('',(#12179,#12180,#12181,#12182));
#12179 = ORIENTED_EDGE('',*,*,#11272,.T.);
#12180 = ORIENTED_EDGE('',*,*,#12163,.T.);
#12181 = ORIENTED_EDGE('',*,*,#11187,.F.);
#12182 = ORIENTED_EDGE('',*,*,#12183,.F.);
#12183 = EDGE_CURVE('',#11265,#11180,#12184,.T.);
#12184 = LINE('',#12185,#12186);
#12185 = CARTESIAN_POINT('',(1.803494216807,-0.825,0.190060919137));
#12186 = VECTOR('',#12187,1.);
#12187 = DIRECTION('',(1.110223024625E-16,-1.,0.));
#12188 = CYLINDRICAL_SURFACE('',#12189,0.23);
#12189 = AXIS2_PLACEMENT_3D('',#12190,#12191,#12192);
#12190 = CARTESIAN_POINT('',(2.03,-0.825,0.23));
#12191 = DIRECTION('',(-1.110223024625E-16,1.,0.));
#12192 = DIRECTION('',(-0.984807753012,-1.093356242223E-16,
    -0.173648177667));
#12193 = ADVANCED_FACE('',(#12194),#12200,.F.);
#12194 = FACE_BOUND('',#12195,.F.);
#12195 = EDGE_LOOP('',(#12196,#12197,#12198,#12199));
#12196 = ORIENTED_EDGE('',*,*,#11340,.T.);
#12197 = ORIENTED_EDGE('',*,*,#11179,.T.);
#12198 = ORIENTED_EDGE('',*,*,#12183,.F.);
#12199 = ORIENTED_EDGE('',*,*,#11264,.F.);
#12200 = PLANE('',#12201);
#12201 = AXIS2_PLACEMENT_3D('',#12202,#12203,#12204);
#12202 = CARTESIAN_POINT('',(1.771028070737,-0.825,0.398682408883));
#12203 = DIRECTION('',(0.988106457441,1.097018539832E-16,0.153771352217)
  );
#12204 = DIRECTION('',(0.153771352217,1.707204957595E-17,-0.988106457441
    ));
#12205 = ADVANCED_FACE('',(#12206),#12217,.T.);
#12206 = FACE_BOUND('',#12207,.T.);
#12207 = EDGE_LOOP('',(#12208,#12209,#12210,#12211));
#12208 = ORIENTED_EDGE('',*,*,#11533,.T.);
#12209 = ORIENTED_EDGE('',*,*,#12018,.T.);
#12210 = ORIENTED_EDGE('',*,*,#11441,.F.);
#12211 = ORIENTED_EDGE('',*,*,#12212,.F.);
#12212 = EDGE_CURVE('',#11526,#11434,#12213,.T.);
#12213 = LINE('',#12214,#12215);
#12214 = CARTESIAN_POINT('',(1.948293466279,-0.175,0.429939080863));
#12215 = VECTOR('',#12216,1.);
#12216 = DIRECTION('',(1.110223024625E-16,-1.,0.));
#12217 = CYLINDRICAL_SURFACE('',#12218,0.23);
#12218 = AXIS2_PLACEMENT_3D('',#12219,#12220,#12221);
#12219 = CARTESIAN_POINT('',(1.721787683087,-0.175,0.39));
#12220 = DIRECTION('',(-1.110223024625E-16,1.,0.));
#12221 = DIRECTION('',(0.984807753012,1.093356242223E-16,0.173648177667)
  );
#12222 = ADVANCED_FACE('',(#12223),#12234,.F.);
#12223 = FACE_BOUND('',#12224,.F.);
#12224 = EDGE_LOOP('',(#12225,#12231,#12232,#12233));
#12225 = ORIENTED_EDGE('',*,*,#12226,.T.);
#12226 = EDGE_CURVE('',#11517,#11425,#12227,.T.);
#12227 = LINE('',#12228,#12229);
#12228 = CARTESIAN_POINT('',(1.980759612349,-0.175,0.221317591117));
#12229 = VECTOR('',#12230,1.);
#12230 = DIRECTION('',(1.110223024625E-16,-1.,0.));
#12231 = ORIENTED_EDGE('',*,*,#11433,.T.);
#12232 = ORIENTED_EDGE('',*,*,#12212,.F.);
#12233 = ORIENTED_EDGE('',*,*,#11525,.F.);
#12234 = PLANE('',#12235);
#12235 = AXIS2_PLACEMENT_3D('',#12236,#12237,#12238);
#12236 = CARTESIAN_POINT('',(1.980759612349,-0.175,0.221317591117));
#12237 = DIRECTION('',(-0.988106457441,-1.097018539832E-16,
    -0.153771352217));
#12238 = DIRECTION('',(-0.153771352217,-1.707204957595E-17,
    0.988106457441));
#12239 = ADVANCED_FACE('',(#12240),#12251,.F.);
#12240 = FACE_BOUND('',#12241,.F.);
#12241 = EDGE_LOOP('',(#12242,#12248,#12249,#12250));
#12242 = ORIENTED_EDGE('',*,*,#12243,.T.);
#12243 = EDGE_CURVE('',#11509,#11417,#12244,.T.);
#12244 = LINE('',#12245,#12246);
#12245 = CARTESIAN_POINT('',(2.03,-0.175,0.18));
#12246 = VECTOR('',#12247,1.);
#12247 = DIRECTION('',(1.110223024625E-16,-1.,0.));
#12248 = ORIENTED_EDGE('',*,*,#11424,.T.);
#12249 = ORIENTED_EDGE('',*,*,#12226,.F.);
#12250 = ORIENTED_EDGE('',*,*,#11516,.F.);
#12251 = CYLINDRICAL_SURFACE('',#12252,5.E-02);
#12252 = AXIS2_PLACEMENT_3D('',#12253,#12254,#12255);
#12253 = CARTESIAN_POINT('',(2.03,-0.175,0.23));
#12254 = DIRECTION('',(-1.110223024625E-16,1.,0.));
#12255 = DIRECTION('',(8.881784197001E-15,9.860761315261E-31,-1.));
#12256 = ADVANCED_FACE('',(#12257),#12268,.F.);
#12257 = FACE_BOUND('',#12258,.F.);
#12258 = EDGE_LOOP('',(#12259,#12265,#12266,#12267));
#12259 = ORIENTED_EDGE('',*,*,#12260,.T.);
#12260 = EDGE_CURVE('',#11501,#11409,#12261,.T.);
#12261 = LINE('',#12262,#12263);
#12262 = CARTESIAN_POINT('',(2.45,-0.175,0.18));
#12263 = VECTOR('',#12264,1.);
#12264 = DIRECTION('',(1.110223024625E-16,-1.,0.));
#12265 = ORIENTED_EDGE('',*,*,#11416,.T.);
#12266 = ORIENTED_EDGE('',*,*,#12243,.F.);
#12267 = ORIENTED_EDGE('',*,*,#11508,.F.);
#12268 = PLANE('',#12269);
#12269 = AXIS2_PLACEMENT_3D('',#12270,#12271,#12272);
#12270 = CARTESIAN_POINT('',(2.45,-0.175,0.18));
#12271 = DIRECTION('',(0.,0.,-1.));
#12272 = DIRECTION('',(-1.,-1.110223024625E-16,-0.));
#12273 = ADVANCED_FACE('',(#12274),#12285,.F.);
#12274 = FACE_BOUND('',#12275,.F.);
#12275 = EDGE_LOOP('',(#12276,#12282,#12283,#12284));
#12276 = ORIENTED_EDGE('',*,*,#12277,.T.);
#12277 = EDGE_CURVE('',#11493,#11401,#12278,.T.);
#12278 = LINE('',#12279,#12280);
#12279 = CARTESIAN_POINT('',(2.45,-0.175,8.326672684689E-17));
#12280 = VECTOR('',#12281,1.);
#12281 = DIRECTION('',(1.110223024625E-16,-1.,0.));
#12282 = ORIENTED_EDGE('',*,*,#11408,.T.);
#12283 = ORIENTED_EDGE('',*,*,#12260,.F.);
#12284 = ORIENTED_EDGE('',*,*,#11500,.F.);
#12285 = PLANE('',#12286);
#12286 = AXIS2_PLACEMENT_3D('',#12287,#12288,#12289);
#12287 = CARTESIAN_POINT('',(2.45,-0.175,8.326672684689E-17));
#12288 = DIRECTION('',(-1.,-1.110223024625E-16,0.));
#12289 = DIRECTION('',(0.,0.,1.));
#12290 = ADVANCED_FACE('',(#12291),#12302,.F.);
#12291 = FACE_BOUND('',#12292,.F.);
#12292 = EDGE_LOOP('',(#12293,#12299,#12300,#12301));
#12293 = ORIENTED_EDGE('',*,*,#12294,.T.);
#12294 = EDGE_CURVE('',#11484,#11392,#12295,.T.);
#12295 = LINE('',#12296,#12297);
#12296 = CARTESIAN_POINT('',(2.03,-0.175,8.326672684689E-17));
#12297 = VECTOR('',#12298,1.);
#12298 = DIRECTION('',(1.110223024625E-16,-1.,0.));
#12299 = ORIENTED_EDGE('',*,*,#11400,.T.);
#12300 = ORIENTED_EDGE('',*,*,#12277,.F.);
#12301 = ORIENTED_EDGE('',*,*,#11492,.F.);
#12302 = PLANE('',#12303);
#12303 = AXIS2_PLACEMENT_3D('',#12304,#12305,#12306);
#12304 = CARTESIAN_POINT('',(2.03,-0.175,8.326672684689E-17));
#12305 = DIRECTION('',(0.,0.,1.));
#12306 = DIRECTION('',(1.,1.110223024625E-16,-0.));
#12307 = ADVANCED_FACE('',(#12308),#12319,.T.);
#12308 = FACE_BOUND('',#12309,.T.);
#12309 = EDGE_LOOP('',(#12310,#12311,#12312,#12313));
#12310 = ORIENTED_EDGE('',*,*,#11483,.T.);
#12311 = ORIENTED_EDGE('',*,*,#12294,.T.);
#12312 = ORIENTED_EDGE('',*,*,#11391,.F.);
#12313 = ORIENTED_EDGE('',*,*,#12314,.F.);
#12314 = EDGE_CURVE('',#11476,#11384,#12315,.T.);
#12315 = LINE('',#12316,#12317);
#12316 = CARTESIAN_POINT('',(1.803494216807,-0.175,0.190060919137));
#12317 = VECTOR('',#12318,1.);
#12318 = DIRECTION('',(1.110223024625E-16,-1.,0.));
#12319 = CYLINDRICAL_SURFACE('',#12320,0.23);
#12320 = AXIS2_PLACEMENT_3D('',#12321,#12322,#12323);
#12321 = CARTESIAN_POINT('',(2.03,-0.175,0.23));
#12322 = DIRECTION('',(-1.110223024625E-16,1.,0.));
#12323 = DIRECTION('',(-0.984807753012,-1.093356242223E-16,
    -0.173648177667));
#12324 = ADVANCED_FACE('',(#12325),#12331,.F.);
#12325 = FACE_BOUND('',#12326,.F.);
#12326 = EDGE_LOOP('',(#12327,#12328,#12329,#12330));
#12327 = ORIENTED_EDGE('',*,*,#11558,.T.);
#12328 = ORIENTED_EDGE('',*,*,#11383,.T.);
#12329 = ORIENTED_EDGE('',*,*,#12314,.F.);
#12330 = ORIENTED_EDGE('',*,*,#11475,.F.);
#12331 = PLANE('',#12332);
#12332 = AXIS2_PLACEMENT_3D('',#12333,#12334,#12335);
#12333 = CARTESIAN_POINT('',(1.771028070737,-0.175,0.398682408883));
#12334 = DIRECTION('',(0.988106457441,1.097018539832E-16,0.153771352217)
  );
#12335 = DIRECTION('',(0.153771352217,1.707204957595E-17,-0.988106457441
    ));
#12336 = ADVANCED_FACE('',(#12337),#12348,.T.);
#12337 = FACE_BOUND('',#12338,.T.);
#12338 = EDGE_LOOP('',(#12339,#12340,#12341,#12342));
#12339 = ORIENTED_EDGE('',*,*,#11756,.T.);
#12340 = ORIENTED_EDGE('',*,*,#12037,.T.);
#12341 = ORIENTED_EDGE('',*,*,#11664,.F.);
#12342 = ORIENTED_EDGE('',*,*,#12343,.F.);
#12343 = EDGE_CURVE('',#11749,#11657,#12344,.T.);
#12344 = LINE('',#12345,#12346);
#12345 = CARTESIAN_POINT('',(1.948293466279,0.475,0.429939080863));
#12346 = VECTOR('',#12347,1.);
#12347 = DIRECTION('',(1.110223024625E-16,-1.,0.));
#12348 = CYLINDRICAL_SURFACE('',#12349,0.23);
#12349 = AXIS2_PLACEMENT_3D('',#12350,#12351,#12352);
#12350 = CARTESIAN_POINT('',(1.721787683087,0.475,0.39));
#12351 = DIRECTION('',(-1.110223024625E-16,1.,0.));
#12352 = DIRECTION('',(0.984807753012,1.093356242223E-16,0.173648177667)
  );
#12353 = ADVANCED_FACE('',(#12354),#12365,.F.);
#12354 = FACE_BOUND('',#12355,.F.);
#12355 = EDGE_LOOP('',(#12356,#12362,#12363,#12364));
#12356 = ORIENTED_EDGE('',*,*,#12357,.T.);
#12357 = EDGE_CURVE('',#11740,#11648,#12358,.T.);
#12358 = LINE('',#12359,#12360);
#12359 = CARTESIAN_POINT('',(1.980759612349,0.475,0.221317591117));
#12360 = VECTOR('',#12361,1.);
#12361 = DIRECTION('',(1.110223024625E-16,-1.,0.));
#12362 = ORIENTED_EDGE('',*,*,#11656,.T.);
#12363 = ORIENTED_EDGE('',*,*,#12343,.F.);
#12364 = ORIENTED_EDGE('',*,*,#11748,.F.);
#12365 = PLANE('',#12366);
#12366 = AXIS2_PLACEMENT_3D('',#12367,#12368,#12369);
#12367 = CARTESIAN_POINT('',(1.980759612349,0.475,0.221317591117));
#12368 = DIRECTION('',(-0.988106457441,-1.097018539832E-16,
    -0.153771352217));
#12369 = DIRECTION('',(-0.153771352217,-1.707204957595E-17,
    0.988106457441));
#12370 = ADVANCED_FACE('',(#12371),#12382,.F.);
#12371 = FACE_BOUND('',#12372,.F.);
#12372 = EDGE_LOOP('',(#12373,#12379,#12380,#12381));
#12373 = ORIENTED_EDGE('',*,*,#12374,.T.);
#12374 = EDGE_CURVE('',#11732,#11640,#12375,.T.);
#12375 = LINE('',#12376,#12377);
#12376 = CARTESIAN_POINT('',(2.03,0.475,0.18));
#12377 = VECTOR('',#12378,1.);
#12378 = DIRECTION('',(1.110223024625E-16,-1.,0.));
#12379 = ORIENTED_EDGE('',*,*,#11647,.T.);
#12380 = ORIENTED_EDGE('',*,*,#12357,.F.);
#12381 = ORIENTED_EDGE('',*,*,#11739,.F.);
#12382 = CYLINDRICAL_SURFACE('',#12383,5.E-02);
#12383 = AXIS2_PLACEMENT_3D('',#12384,#12385,#12386);
#12384 = CARTESIAN_POINT('',(2.03,0.475,0.23));
#12385 = DIRECTION('',(-1.110223024625E-16,1.,0.));
#12386 = DIRECTION('',(8.881784197001E-15,9.860761315261E-31,-1.));
#12387 = ADVANCED_FACE('',(#12388),#12399,.F.);
#12388 = FACE_BOUND('',#12389,.F.);
#12389 = EDGE_LOOP('',(#12390,#12396,#12397,#12398));
#12390 = ORIENTED_EDGE('',*,*,#12391,.T.);
#12391 = EDGE_CURVE('',#11724,#11632,#12392,.T.);
#12392 = LINE('',#12393,#12394);
#12393 = CARTESIAN_POINT('',(2.45,0.475,0.18));
#12394 = VECTOR('',#12395,1.);
#12395 = DIRECTION('',(1.110223024625E-16,-1.,0.));
#12396 = ORIENTED_EDGE('',*,*,#11639,.T.);
#12397 = ORIENTED_EDGE('',*,*,#12374,.F.);
#12398 = ORIENTED_EDGE('',*,*,#11731,.F.);
#12399 = PLANE('',#12400);
#12400 = AXIS2_PLACEMENT_3D('',#12401,#12402,#12403);
#12401 = CARTESIAN_POINT('',(2.45,0.475,0.18));
#12402 = DIRECTION('',(0.,0.,-1.));
#12403 = DIRECTION('',(-1.,-1.110223024625E-16,-0.));
#12404 = ADVANCED_FACE('',(#12405),#12416,.F.);
#12405 = FACE_BOUND('',#12406,.F.);
#12406 = EDGE_LOOP('',(#12407,#12413,#12414,#12415));
#12407 = ORIENTED_EDGE('',*,*,#12408,.T.);
#12408 = EDGE_CURVE('',#11716,#11624,#12409,.T.);
#12409 = LINE('',#12410,#12411);
#12410 = CARTESIAN_POINT('',(2.45,0.475,8.326672684689E-17));
#12411 = VECTOR('',#12412,1.);
#12412 = DIRECTION('',(1.110223024625E-16,-1.,0.));
#12413 = ORIENTED_EDGE('',*,*,#11631,.T.);
#12414 = ORIENTED_EDGE('',*,*,#12391,.F.);
#12415 = ORIENTED_EDGE('',*,*,#11723,.F.);
#12416 = PLANE('',#12417);
#12417 = AXIS2_PLACEMENT_3D('',#12418,#12419,#12420);
#12418 = CARTESIAN_POINT('',(2.45,0.475,8.326672684689E-17));
#12419 = DIRECTION('',(-1.,-1.110223024625E-16,0.));
#12420 = DIRECTION('',(0.,0.,1.));
#12421 = ADVANCED_FACE('',(#12422),#12433,.F.);
#12422 = FACE_BOUND('',#12423,.F.);
#12423 = EDGE_LOOP('',(#12424,#12430,#12431,#12432));
#12424 = ORIENTED_EDGE('',*,*,#12425,.T.);
#12425 = EDGE_CURVE('',#11707,#11615,#12426,.T.);
#12426 = LINE('',#12427,#12428);
#12427 = CARTESIAN_POINT('',(2.03,0.475,8.326672684689E-17));
#12428 = VECTOR('',#12429,1.);
#12429 = DIRECTION('',(1.110223024625E-16,-1.,0.));
#12430 = ORIENTED_EDGE('',*,*,#11623,.T.);
#12431 = ORIENTED_EDGE('',*,*,#12408,.F.);
#12432 = ORIENTED_EDGE('',*,*,#11715,.F.);
#12433 = PLANE('',#12434);
#12434 = AXIS2_PLACEMENT_3D('',#12435,#12436,#12437);
#12435 = CARTESIAN_POINT('',(2.03,0.475,8.326672684689E-17));
#12436 = DIRECTION('',(0.,0.,1.));
#12437 = DIRECTION('',(1.,1.110223024625E-16,-0.));
#12438 = ADVANCED_FACE('',(#12439),#12450,.T.);
#12439 = FACE_BOUND('',#12440,.T.);
#12440 = EDGE_LOOP('',(#12441,#12442,#12443,#12444));
#12441 = ORIENTED_EDGE('',*,*,#11706,.T.);
#12442 = ORIENTED_EDGE('',*,*,#12425,.T.);
#12443 = ORIENTED_EDGE('',*,*,#11614,.F.);
#12444 = ORIENTED_EDGE('',*,*,#12445,.F.);
#12445 = EDGE_CURVE('',#11699,#11607,#12446,.T.);
#12446 = LINE('',#12447,#12448);
#12447 = CARTESIAN_POINT('',(1.803494216807,0.475,0.190060919137));
#12448 = VECTOR('',#12449,1.);
#12449 = DIRECTION('',(1.110223024625E-16,-1.,0.));
#12450 = CYLINDRICAL_SURFACE('',#12451,0.23);
#12451 = AXIS2_PLACEMENT_3D('',#12452,#12453,#12454);
#12452 = CARTESIAN_POINT('',(2.03,0.475,0.23));
#12453 = DIRECTION('',(-1.110223024625E-16,1.,0.));
#12454 = DIRECTION('',(-0.984807753012,-1.093356242223E-16,
    -0.173648177667));
#12455 = ADVANCED_FACE('',(#12456),#12462,.F.);
#12456 = FACE_BOUND('',#12457,.F.);
#12457 = EDGE_LOOP('',(#12458,#12459,#12460,#12461));
#12458 = ORIENTED_EDGE('',*,*,#11781,.T.);
#12459 = ORIENTED_EDGE('',*,*,#11606,.T.);
#12460 = ORIENTED_EDGE('',*,*,#12445,.F.);
#12461 = ORIENTED_EDGE('',*,*,#11698,.F.);
#12462 = PLANE('',#12463);
#12463 = AXIS2_PLACEMENT_3D('',#12464,#12465,#12466);
#12464 = CARTESIAN_POINT('',(1.771028070737,0.475,0.398682408883));
#12465 = DIRECTION('',(0.988106457441,1.097018539832E-16,0.153771352217)
  );
#12466 = DIRECTION('',(0.153771352217,1.707204957595E-17,-0.988106457441
    ));
#12467 = ADVANCED_FACE('',(#12468),#12479,.F.);
#12468 = FACE_BOUND('',#12469,.F.);
#12469 = EDGE_LOOP('',(#12470,#12476,#12477,#12478));
#12470 = ORIENTED_EDGE('',*,*,#12471,.T.);
#12471 = EDGE_CURVE('',#11951,#11866,#12472,.T.);
#12472 = LINE('',#12473,#12474);
#12473 = CARTESIAN_POINT('',(1.980759612349,1.125,0.221317591117));
#12474 = VECTOR('',#12475,1.);
#12475 = DIRECTION('',(1.110223024625E-16,-1.,0.));
#12476 = ORIENTED_EDGE('',*,*,#11874,.T.);
#12477 = ORIENTED_EDGE('',*,*,#12003,.F.);
#12478 = ORIENTED_EDGE('',*,*,#11959,.F.);
#12479 = PLANE('',#12480);
#12480 = AXIS2_PLACEMENT_3D('',#12481,#12482,#12483);
#12481 = CARTESIAN_POINT('',(1.980759612349,1.125,0.221317591117));
#12482 = DIRECTION('',(-0.988106457441,-1.097018539832E-16,
    -0.153771352217));
#12483 = DIRECTION('',(-0.153771352217,-1.707204957595E-17,
    0.988106457441));
#12484 = ADVANCED_FACE('',(#12485),#12496,.F.);
#12485 = FACE_BOUND('',#12486,.F.);
#12486 = EDGE_LOOP('',(#12487,#12493,#12494,#12495));
#12487 = ORIENTED_EDGE('',*,*,#12488,.T.);
#12488 = EDGE_CURVE('',#11943,#11858,#12489,.T.);
#12489 = LINE('',#12490,#12491);
#12490 = CARTESIAN_POINT('',(2.03,1.125,0.18));
#12491 = VECTOR('',#12492,1.);
#12492 = DIRECTION('',(1.110223024625E-16,-1.,0.));
#12493 = ORIENTED_EDGE('',*,*,#11865,.T.);
#12494 = ORIENTED_EDGE('',*,*,#12471,.F.);
#12495 = ORIENTED_EDGE('',*,*,#11950,.F.);
#12496 = CYLINDRICAL_SURFACE('',#12497,5.E-02);
#12497 = AXIS2_PLACEMENT_3D('',#12498,#12499,#12500);
#12498 = CARTESIAN_POINT('',(2.03,1.125,0.23));
#12499 = DIRECTION('',(-1.110223024625E-16,1.,0.));
#12500 = DIRECTION('',(8.881784197001E-15,9.860761315261E-31,-1.));
#12501 = ADVANCED_FACE('',(#12502),#12513,.F.);
#12502 = FACE_BOUND('',#12503,.F.);
#12503 = EDGE_LOOP('',(#12504,#12510,#12511,#12512));
#12504 = ORIENTED_EDGE('',*,*,#12505,.T.);
#12505 = EDGE_CURVE('',#11935,#11850,#12506,.T.);
#12506 = LINE('',#12507,#12508);
#12507 = CARTESIAN_POINT('',(2.45,1.125,0.18));
#12508 = VECTOR('',#12509,1.);
#12509 = DIRECTION('',(1.110223024625E-16,-1.,0.));
#12510 = ORIENTED_EDGE('',*,*,#11857,.T.);
#12511 = ORIENTED_EDGE('',*,*,#12488,.F.);
#12512 = ORIENTED_EDGE('',*,*,#11942,.F.);
#12513 = PLANE('',#12514);
#12514 = AXIS2_PLACEMENT_3D('',#12515,#12516,#12517);
#12515 = CARTESIAN_POINT('',(2.45,1.125,0.18));
#12516 = DIRECTION('',(0.,0.,-1.));
#12517 = DIRECTION('',(-1.,-1.110223024625E-16,-0.));
#12518 = ADVANCED_FACE('',(#12519),#12530,.F.);
#12519 = FACE_BOUND('',#12520,.F.);
#12520 = EDGE_LOOP('',(#12521,#12527,#12528,#12529));
#12521 = ORIENTED_EDGE('',*,*,#12522,.T.);
#12522 = EDGE_CURVE('',#11927,#11842,#12523,.T.);
#12523 = LINE('',#12524,#12525);
#12524 = CARTESIAN_POINT('',(2.45,1.125,8.326672684689E-17));
#12525 = VECTOR('',#12526,1.);
#12526 = DIRECTION('',(1.110223024625E-16,-1.,0.));
#12527 = ORIENTED_EDGE('',*,*,#11849,.T.);
#12528 = ORIENTED_EDGE('',*,*,#12505,.F.);
#12529 = ORIENTED_EDGE('',*,*,#11934,.F.);
#12530 = PLANE('',#12531);
#12531 = AXIS2_PLACEMENT_3D('',#12532,#12533,#12534);
#12532 = CARTESIAN_POINT('',(2.45,1.125,8.326672684689E-17));
#12533 = DIRECTION('',(-1.,-1.110223024625E-16,0.));
#12534 = DIRECTION('',(0.,0.,1.));
#12535 = ADVANCED_FACE('',(#12536),#12547,.F.);
#12536 = FACE_BOUND('',#12537,.F.);
#12537 = EDGE_LOOP('',(#12538,#12544,#12545,#12546));
#12538 = ORIENTED_EDGE('',*,*,#12539,.T.);
#12539 = EDGE_CURVE('',#11918,#11833,#12540,.T.);
#12540 = LINE('',#12541,#12542);
#12541 = CARTESIAN_POINT('',(2.03,1.125,8.326672684689E-17));
#12542 = VECTOR('',#12543,1.);
#12543 = DIRECTION('',(1.110223024625E-16,-1.,0.));
#12544 = ORIENTED_EDGE('',*,*,#11841,.T.);
#12545 = ORIENTED_EDGE('',*,*,#12522,.F.);
#12546 = ORIENTED_EDGE('',*,*,#11926,.F.);
#12547 = PLANE('',#12548);
#12548 = AXIS2_PLACEMENT_3D('',#12549,#12550,#12551);
#12549 = CARTESIAN_POINT('',(2.03,1.125,8.326672684689E-17));
#12550 = DIRECTION('',(0.,0.,1.));
#12551 = DIRECTION('',(1.,1.110223024625E-16,-0.));
#12552 = ADVANCED_FACE('',(#12553),#12564,.T.);
#12553 = FACE_BOUND('',#12554,.T.);
#12554 = EDGE_LOOP('',(#12555,#12556,#12557,#12558));
#12555 = ORIENTED_EDGE('',*,*,#11917,.T.);
#12556 = ORIENTED_EDGE('',*,*,#12539,.T.);
#12557 = ORIENTED_EDGE('',*,*,#11832,.F.);
#12558 = ORIENTED_EDGE('',*,*,#12559,.F.);
#12559 = EDGE_CURVE('',#11910,#11825,#12560,.T.);
#12560 = LINE('',#12561,#12562);
#12561 = CARTESIAN_POINT('',(1.803494216807,1.125,0.190060919137));
#12562 = VECTOR('',#12563,1.);
#12563 = DIRECTION('',(1.110223024625E-16,-1.,0.));
#12564 = CYLINDRICAL_SURFACE('',#12565,0.23);
#12565 = AXIS2_PLACEMENT_3D('',#12566,#12567,#12568);
#12566 = CARTESIAN_POINT('',(2.03,1.125,0.23));
#12567 = DIRECTION('',(-1.110223024625E-16,1.,0.));
#12568 = DIRECTION('',(-0.984807753012,-1.093356242223E-16,
    -0.173648177667));
#12569 = ADVANCED_FACE('',(#12570),#12576,.F.);
#12570 = FACE_BOUND('',#12571,.F.);
#12571 = EDGE_LOOP('',(#12572,#12573,#12574,#12575));
#12572 = ORIENTED_EDGE('',*,*,#11985,.T.);
#12573 = ORIENTED_EDGE('',*,*,#11824,.T.);
#12574 = ORIENTED_EDGE('',*,*,#12559,.F.);
#12575 = ORIENTED_EDGE('',*,*,#11909,.F.);
#12576 = PLANE('',#12577);
#12577 = AXIS2_PLACEMENT_3D('',#12578,#12579,#12580);
#12578 = CARTESIAN_POINT('',(1.771028070737,1.125,0.398682408883));
#12579 = DIRECTION('',(0.988106457441,1.097018539832E-16,0.153771352217)
  );
#12580 = DIRECTION('',(0.153771352217,1.707204957595E-17,-0.988106457441
    ));
#12581 = ADVANCED_FACE('',(#12582),#12583,.F.);
#12582 = FACE_BOUND('',#12059,.T.);
#12583 = PLANE('',#12584);
#12584 = AXIS2_PLACEMENT_3D('',#12585,#12586,#12587);
#12585 = CARTESIAN_POINT('',(-0.927230769032,0.927230769032,0.96));
#12586 = DIRECTION('',(0.,0.,-1.));
#12587 = DIRECTION('',(1.110223024625E-16,-1.,0.));
#12588 = ( GEOMETRIC_REPRESENTATION_CONTEXT(3) 
GLOBAL_UNCERTAINTY_ASSIGNED_CONTEXT((#12592)) 
GLOBAL_UNIT_ASSIGNED_CONTEXT((#12589,#12590,#12591)) 
REPRESENTATION_CONTEXT('Context #1',
  '3D Context with UNIT and UNCERTAINTY') );
#12589 = ( LENGTH_UNIT() NAMED_UNIT(*) SI_UNIT(.MILLI.,.METRE.) );
#12590 = ( NAMED_UNIT(*) PLANE_ANGLE_UNIT() SI_UNIT($,.RADIAN.) );
#12591 = ( NAMED_UNIT(*) SI_UNIT($,.STERADIAN.) SOLID_ANGLE_UNIT() );
#12592 = UNCERTAINTY_MEASURE_WITH_UNIT(LENGTH_MEASURE(1.E-07),#12589,
  'distance_accuracy_value','confusion accuracy');
#12593 = CONTEXT_DEPENDENT_SHAPE_REPRESENTATION(#12594,#12596);
#12594 = ( REPRESENTATION_RELATIONSHIP('','',#8325,#8302) 
REPRESENTATION_RELATIONSHIP_WITH_TRANSFORMATION(#12595) 
SHAPE_REPRESENTATION_RELATIONSHIP() );
#12595 = ITEM_DEFINED_TRANSFORMATION('','',#11,#8303);
#12596 = PRODUCT_DEFINITION_SHAPE('Placement','Placement of an item',
  #12597);
#12597 = NEXT_ASSEMBLY_USAGE_OCCURRENCE('21','=>[0:1:1:17]','',#8297,
  #8320,$);
#12598 = PRODUCT_RELATED_PRODUCT_CATEGORY('part',$,(#8322));
#12599 = CONTEXT_DEPENDENT_SHAPE_REPRESENTATION(#12600,#12602);
#12600 = ( REPRESENTATION_RELATIONSHIP('','',#4103,#10) 
REPRESENTATION_RELATIONSHIP_WITH_TRANSFORMATION(#12601) 
SHAPE_REPRESENTATION_RELATIONSHIP() );
#12601 = ITEM_DEFINED_TRANSFORMATION('','',#11,#71);
#12602 = PRODUCT_DEFINITION_SHAPE('Placement','Placement of an item',
  #12603);
#12603 = NEXT_ASSEMBLY_USAGE_OCCURRENCE('23','R6','',#5,#4098,$);
#12604 = CONTEXT_DEPENDENT_SHAPE_REPRESENTATION(#12605,#12607);
#12605 = ( REPRESENTATION_RELATIONSHIP('','',#4103,#10) 
REPRESENTATION_RELATIONSHIP_WITH_TRANSFORMATION(#12606) 
SHAPE_REPRESENTATION_RELATIONSHIP() );
#12606 = ITEM_DEFINED_TRANSFORMATION('','',#11,#75);
#12607 = PRODUCT_DEFINITION_SHAPE('Placement','Placement of an item',
  #12608);
#12608 = NEXT_ASSEMBLY_USAGE_OCCURRENCE('24','R3','',#5,#4098,$);
#12609 = SHAPE_DEFINITION_REPRESENTATION(#12610,#12616);
#12610 = PRODUCT_DEFINITION_SHAPE('','',#12611);
#12611 = PRODUCT_DEFINITION('design','',#12612,#12615);
#12612 = PRODUCT_DEFINITION_FORMATION('','',#12613);
#12613 = PRODUCT('VibCB14_PCB','VibCB14_PCB','',(#12614));
#12614 = PRODUCT_CONTEXT('',#2,'mechanical');
#12615 = PRODUCT_DEFINITION_CONTEXT('part definition',#2,'design');
#12616 = ADVANCED_BREP_SHAPE_REPRESENTATION('',(#11,#12617),#14600);
#12617 = MANIFOLD_SOLID_BREP('',#12618);
#12618 = CLOSED_SHELL('',(#12619,#12659,#12690,#12721,#13255,#13789,
    #13801,#13818,#13835,#13852,#13869,#13886,#13903,#13920,#13937,
    #13954,#13971,#13988,#14005,#14022,#14039,#14056,#14073,#14090,
    #14107,#14124,#14141,#14158,#14175,#14192,#14209,#14226,#14243,
    #14260,#14277,#14294,#14311,#14328,#14345,#14362,#14379,#14396,
    #14413,#14430,#14447,#14464,#14481,#14498,#14515,#14532,#14549,
    #14566,#14583));
#12619 = ADVANCED_FACE('',(#12620),#12654,.T.);
#12620 = FACE_BOUND('',#12621,.T.);
#12621 = EDGE_LOOP('',(#12622,#12632,#12640,#12648));
#12622 = ORIENTED_EDGE('',*,*,#12623,.T.);
#12623 = EDGE_CURVE('',#12624,#12626,#12628,.T.);
#12624 = VERTEX_POINT('',#12625);
#12625 = CARTESIAN_POINT('',(154.,-118.5,0.));
#12626 = VERTEX_POINT('',#12627);
#12627 = CARTESIAN_POINT('',(154.,-118.5,1.51));
#12628 = LINE('',#12629,#12630);
#12629 = CARTESIAN_POINT('',(154.,-118.5,0.));
#12630 = VECTOR('',#12631,1.);
#12631 = DIRECTION('',(0.,0.,1.));
#12632 = ORIENTED_EDGE('',*,*,#12633,.T.);
#12633 = EDGE_CURVE('',#12626,#12634,#12636,.T.);
#12634 = VERTEX_POINT('',#12635);
#12635 = CARTESIAN_POINT('',(110.5,-118.5,1.51));
#12636 = LINE('',#12637,#12638);
#12637 = CARTESIAN_POINT('',(154.,-118.5,1.51));
#12638 = VECTOR('',#12639,1.);
#12639 = DIRECTION('',(-1.,0.,0.));
#12640 = ORIENTED_EDGE('',*,*,#12641,.F.);
#12641 = EDGE_CURVE('',#12642,#12634,#12644,.T.);
#12642 = VERTEX_POINT('',#12643);
#12643 = CARTESIAN_POINT('',(110.5,-118.5,0.));
#12644 = LINE('',#12645,#12646);
#12645 = CARTESIAN_POINT('',(110.5,-118.5,0.));
#12646 = VECTOR('',#12647,1.);
#12647 = DIRECTION('',(0.,0.,1.));
#12648 = ORIENTED_EDGE('',*,*,#12649,.F.);
#12649 = EDGE_CURVE('',#12624,#12642,#12650,.T.);
#12650 = LINE('',#12651,#12652);
#12651 = CARTESIAN_POINT('',(154.,-118.5,0.));
#12652 = VECTOR('',#12653,1.);
#12653 = DIRECTION('',(-1.,0.,0.));
#12654 = PLANE('',#12655);
#12655 = AXIS2_PLACEMENT_3D('',#12656,#12657,#12658);
#12656 = CARTESIAN_POINT('',(154.,-118.5,0.));
#12657 = DIRECTION('',(0.,-1.,0.));
#12658 = DIRECTION('',(-1.,0.,0.));
#12659 = ADVANCED_FACE('',(#12660),#12685,.T.);
#12660 = FACE_BOUND('',#12661,.T.);
#12661 = EDGE_LOOP('',(#12662,#12672,#12678,#12679));
#12662 = ORIENTED_EDGE('',*,*,#12663,.T.);
#12663 = EDGE_CURVE('',#12664,#12666,#12668,.T.);
#12664 = VERTEX_POINT('',#12665);
#12665 = CARTESIAN_POINT('',(154.,-71.,0.));
#12666 = VERTEX_POINT('',#12667);
#12667 = CARTESIAN_POINT('',(154.,-71.,1.51));
#12668 = LINE('',#12669,#12670);
#12669 = CARTESIAN_POINT('',(154.,-71.,0.));
#12670 = VECTOR('',#12671,1.);
#12671 = DIRECTION('',(0.,0.,1.));
#12672 = ORIENTED_EDGE('',*,*,#12673,.T.);
#12673 = EDGE_CURVE('',#12666,#12626,#12674,.T.);
#12674 = LINE('',#12675,#12676);
#12675 = CARTESIAN_POINT('',(154.,-71.,1.51));
#12676 = VECTOR('',#12677,1.);
#12677 = DIRECTION('',(0.,-1.,0.));
#12678 = ORIENTED_EDGE('',*,*,#12623,.F.);
#12679 = ORIENTED_EDGE('',*,*,#12680,.F.);
#12680 = EDGE_CURVE('',#12664,#12624,#12681,.T.);
#12681 = LINE('',#12682,#12683);
#12682 = CARTESIAN_POINT('',(154.,-71.,0.));
#12683 = VECTOR('',#12684,1.);
#12684 = DIRECTION('',(0.,-1.,0.));
#12685 = PLANE('',#12686);
#12686 = AXIS2_PLACEMENT_3D('',#12687,#12688,#12689);
#12687 = CARTESIAN_POINT('',(154.,-71.,0.));
#12688 = DIRECTION('',(1.,0.,-0.));
#12689 = DIRECTION('',(0.,-1.,0.));
#12690 = ADVANCED_FACE('',(#12691),#12716,.T.);
#12691 = FACE_BOUND('',#12692,.T.);
#12692 = EDGE_LOOP('',(#12693,#12694,#12702,#12710));
#12693 = ORIENTED_EDGE('',*,*,#12641,.T.);
#12694 = ORIENTED_EDGE('',*,*,#12695,.T.);
#12695 = EDGE_CURVE('',#12634,#12696,#12698,.T.);
#12696 = VERTEX_POINT('',#12697);
#12697 = CARTESIAN_POINT('',(110.5,-71.,1.51));
#12698 = LINE('',#12699,#12700);
#12699 = CARTESIAN_POINT('',(110.5,-118.5,1.51));
#12700 = VECTOR('',#12701,1.);
#12701 = DIRECTION('',(0.,1.,0.));
#12702 = ORIENTED_EDGE('',*,*,#12703,.F.);
#12703 = EDGE_CURVE('',#12704,#12696,#12706,.T.);
#12704 = VERTEX_POINT('',#12705);
#12705 = CARTESIAN_POINT('',(110.5,-71.,0.));
#12706 = LINE('',#12707,#12708);
#12707 = CARTESIAN_POINT('',(110.5,-71.,0.));
#12708 = VECTOR('',#12709,1.);
#12709 = DIRECTION('',(0.,0.,1.));
#12710 = ORIENTED_EDGE('',*,*,#12711,.F.);
#12711 = EDGE_CURVE('',#12642,#12704,#12712,.T.);
#12712 = LINE('',#12713,#12714);
#12713 = CARTESIAN_POINT('',(110.5,-118.5,0.));
#12714 = VECTOR('',#12715,1.);
#12715 = DIRECTION('',(0.,1.,0.));
#12716 = PLANE('',#12717);
#12717 = AXIS2_PLACEMENT_3D('',#12718,#12719,#12720);
#12718 = CARTESIAN_POINT('',(110.5,-118.5,0.));
#12719 = DIRECTION('',(-1.,0.,0.));
#12720 = DIRECTION('',(0.,1.,0.));
#12721 = ADVANCED_FACE('',(#12722,#12733,#12744,#12755,#12766,#12777,
    #12788,#12799,#12810,#12821,#12832,#12843,#12854,#12865,#12876,
    #12887,#12898,#12909,#12920,#12931,#12942,#12953,#12964,#12975,
    #12986,#12997,#13008,#13019,#13030,#13041,#13052,#13063,#13074,
    #13085,#13096,#13107,#13118,#13129,#13140,#13151,#13162,#13173,
    #13184,#13195,#13206,#13217,#13228,#13239),#13250,.F.);
#12722 = FACE_BOUND('',#12723,.F.);
#12723 = EDGE_LOOP('',(#12724,#12725,#12726,#12732));
#12724 = ORIENTED_EDGE('',*,*,#12649,.F.);
#12725 = ORIENTED_EDGE('',*,*,#12680,.F.);
#12726 = ORIENTED_EDGE('',*,*,#12727,.F.);
#12727 = EDGE_CURVE('',#12704,#12664,#12728,.T.);
#12728 = LINE('',#12729,#12730);
#12729 = CARTESIAN_POINT('',(110.5,-71.,0.));
#12730 = VECTOR('',#12731,1.);
#12731 = DIRECTION('',(1.,0.,0.));
#12732 = ORIENTED_EDGE('',*,*,#12711,.F.);
#12733 = FACE_BOUND('',#12734,.F.);
#12734 = EDGE_LOOP('',(#12735));
#12735 = ORIENTED_EDGE('',*,*,#12736,.T.);
#12736 = EDGE_CURVE('',#12737,#12737,#12739,.T.);
#12737 = VERTEX_POINT('',#12738);
#12738 = CARTESIAN_POINT('',(113.,-117.215,0.));
#12739 = CIRCLE('',#12740,0.635);
#12740 = AXIS2_PLACEMENT_3D('',#12741,#12742,#12743);
#12741 = CARTESIAN_POINT('',(113.,-116.58,0.));
#12742 = DIRECTION('',(-0.,0.,-1.));
#12743 = DIRECTION('',(-0.,-1.,0.));
#12744 = FACE_BOUND('',#12745,.F.);
#12745 = EDGE_LOOP('',(#12746));
#12746 = ORIENTED_EDGE('',*,*,#12747,.T.);
#12747 = EDGE_CURVE('',#12748,#12748,#12750,.T.);
#12748 = VERTEX_POINT('',#12749);
#12749 = CARTESIAN_POINT('',(113.,-114.675,0.));
#12750 = CIRCLE('',#12751,0.635);
#12751 = AXIS2_PLACEMENT_3D('',#12752,#12753,#12754);
#12752 = CARTESIAN_POINT('',(113.,-114.04,0.));
#12753 = DIRECTION('',(-0.,0.,-1.));
#12754 = DIRECTION('',(-0.,-1.,0.));
#12755 = FACE_BOUND('',#12756,.F.);
#12756 = EDGE_LOOP('',(#12757));
#12757 = ORIENTED_EDGE('',*,*,#12758,.T.);
#12758 = EDGE_CURVE('',#12759,#12759,#12761,.T.);
#12759 = VERTEX_POINT('',#12760);
#12760 = CARTESIAN_POINT('',(113.,-112.135,0.));
#12761 = CIRCLE('',#12762,0.635);
#12762 = AXIS2_PLACEMENT_3D('',#12763,#12764,#12765);
#12763 = CARTESIAN_POINT('',(113.,-111.5,0.));
#12764 = DIRECTION('',(-0.,0.,-1.));
#12765 = DIRECTION('',(-0.,-1.,0.));
#12766 = FACE_BOUND('',#12767,.F.);
#12767 = EDGE_LOOP('',(#12768));
#12768 = ORIENTED_EDGE('',*,*,#12769,.T.);
#12769 = EDGE_CURVE('',#12770,#12770,#12772,.T.);
#12770 = VERTEX_POINT('',#12771);
#12771 = CARTESIAN_POINT('',(113.,-109.595,0.));
#12772 = CIRCLE('',#12773,0.635);
#12773 = AXIS2_PLACEMENT_3D('',#12774,#12775,#12776);
#12774 = CARTESIAN_POINT('',(113.,-108.96,0.));
#12775 = DIRECTION('',(-0.,0.,-1.));
#12776 = DIRECTION('',(-0.,-1.,0.));
#12777 = FACE_BOUND('',#12778,.F.);
#12778 = EDGE_LOOP('',(#12779));
#12779 = ORIENTED_EDGE('',*,*,#12780,.T.);
#12780 = EDGE_CURVE('',#12781,#12781,#12783,.T.);
#12781 = VERTEX_POINT('',#12782);
#12782 = CARTESIAN_POINT('',(124.76,-117.35,0.));
#12783 = CIRCLE('',#12784,1.6);
#12784 = AXIS2_PLACEMENT_3D('',#12785,#12786,#12787);
#12785 = CARTESIAN_POINT('',(124.76,-115.75,0.));
#12786 = DIRECTION('',(-0.,0.,-1.));
#12787 = DIRECTION('',(8.881784197001E-15,-1.,-0.));
#12788 = FACE_BOUND('',#12789,.F.);
#12789 = EDGE_LOOP('',(#12790));
#12790 = ORIENTED_EDGE('',*,*,#12791,.T.);
#12791 = EDGE_CURVE('',#12792,#12792,#12794,.T.);
#12792 = VERTEX_POINT('',#12793);
#12793 = CARTESIAN_POINT('',(130.,-115.54,0.));
#12794 = CIRCLE('',#12795,0.5);
#12795 = AXIS2_PLACEMENT_3D('',#12796,#12797,#12798);
#12796 = CARTESIAN_POINT('',(130.,-115.04,0.));
#12797 = DIRECTION('',(-0.,0.,-1.));
#12798 = DIRECTION('',(-0.,-1.,0.));
#12799 = FACE_BOUND('',#12800,.F.);
#12800 = EDGE_LOOP('',(#12801));
#12801 = ORIENTED_EDGE('',*,*,#12802,.T.);
#12802 = EDGE_CURVE('',#12803,#12803,#12805,.T.);
#12803 = VERTEX_POINT('',#12804);
#12804 = CARTESIAN_POINT('',(130.,-113.,0.));
#12805 = CIRCLE('',#12806,0.5);
#12806 = AXIS2_PLACEMENT_3D('',#12807,#12808,#12809);
#12807 = CARTESIAN_POINT('',(130.,-112.5,0.));
#12808 = DIRECTION('',(-0.,0.,-1.));
#12809 = DIRECTION('',(-0.,-1.,0.));
#12810 = FACE_BOUND('',#12811,.F.);
#12811 = EDGE_LOOP('',(#12812));
#12812 = ORIENTED_EDGE('',*,*,#12813,.T.);
#12813 = EDGE_CURVE('',#12814,#12814,#12816,.T.);
#12814 = VERTEX_POINT('',#12815);
#12815 = CARTESIAN_POINT('',(131.86,-107.575,0.));
#12816 = CIRCLE('',#12817,0.375);
#12817 = AXIS2_PLACEMENT_3D('',#12818,#12819,#12820);
#12818 = CARTESIAN_POINT('',(131.86,-107.2,0.));
#12819 = DIRECTION('',(-0.,0.,-1.));
#12820 = DIRECTION('',(-0.,-1.,0.));
#12821 = FACE_BOUND('',#12822,.F.);
#12822 = EDGE_LOOP('',(#12823));
#12823 = ORIENTED_EDGE('',*,*,#12824,.T.);
#12824 = EDGE_CURVE('',#12825,#12825,#12827,.T.);
#12825 = VERTEX_POINT('',#12826);
#12826 = CARTESIAN_POINT('',(113.,-107.055,0.));
#12827 = CIRCLE('',#12828,0.635);
#12828 = AXIS2_PLACEMENT_3D('',#12829,#12830,#12831);
#12829 = CARTESIAN_POINT('',(113.,-106.42,0.));
#12830 = DIRECTION('',(-0.,0.,-1.));
#12831 = DIRECTION('',(-0.,-1.,0.));
#12832 = FACE_BOUND('',#12833,.F.);
#12833 = EDGE_LOOP('',(#12834));
#12834 = ORIENTED_EDGE('',*,*,#12835,.T.);
#12835 = EDGE_CURVE('',#12836,#12836,#12838,.T.);
#12836 = VERTEX_POINT('',#12837);
#12837 = CARTESIAN_POINT('',(113.,-104.515,0.));
#12838 = CIRCLE('',#12839,0.635);
#12839 = AXIS2_PLACEMENT_3D('',#12840,#12841,#12842);
#12840 = CARTESIAN_POINT('',(113.,-103.88,0.));
#12841 = DIRECTION('',(-0.,0.,-1.));
#12842 = DIRECTION('',(-0.,-1.,0.));
#12843 = FACE_BOUND('',#12844,.F.);
#12844 = EDGE_LOOP('',(#12845));
#12845 = ORIENTED_EDGE('',*,*,#12846,.T.);
#12846 = EDGE_CURVE('',#12847,#12847,#12849,.T.);
#12847 = VERTEX_POINT('',#12848);
#12848 = CARTESIAN_POINT('',(113.,-101.975,0.));
#12849 = CIRCLE('',#12850,0.635);
#12850 = AXIS2_PLACEMENT_3D('',#12851,#12852,#12853);
#12851 = CARTESIAN_POINT('',(113.,-101.34,0.));
#12852 = DIRECTION('',(-0.,0.,-1.));
#12853 = DIRECTION('',(-0.,-1.,0.));
#12854 = FACE_BOUND('',#12855,.F.);
#12855 = EDGE_LOOP('',(#12856));
#12856 = ORIENTED_EDGE('',*,*,#12857,.T.);
#12857 = EDGE_CURVE('',#12858,#12858,#12860,.T.);
#12858 = VERTEX_POINT('',#12859);
#12859 = CARTESIAN_POINT('',(113.,-99.435,0.));
#12860 = CIRCLE('',#12861,0.635);
#12861 = AXIS2_PLACEMENT_3D('',#12862,#12863,#12864);
#12862 = CARTESIAN_POINT('',(113.,-98.8,0.));
#12863 = DIRECTION('',(-0.,0.,-1.));
#12864 = DIRECTION('',(-0.,-1.,0.));
#12865 = FACE_BOUND('',#12866,.F.);
#12866 = EDGE_LOOP('',(#12867));
#12867 = ORIENTED_EDGE('',*,*,#12868,.T.);
#12868 = EDGE_CURVE('',#12869,#12869,#12871,.T.);
#12869 = VERTEX_POINT('',#12870);
#12870 = CARTESIAN_POINT('',(124.76,-101.23,0.));
#12871 = CIRCLE('',#12872,1.6);
#12872 = AXIS2_PLACEMENT_3D('',#12873,#12874,#12875);
#12873 = CARTESIAN_POINT('',(124.76,-99.63,0.));
#12874 = DIRECTION('',(-0.,0.,-1.));
#12875 = DIRECTION('',(8.881784197001E-15,-1.,-0.));
#12876 = FACE_BOUND('',#12877,.F.);
#12877 = EDGE_LOOP('',(#12878));
#12878 = ORIENTED_EDGE('',*,*,#12879,.T.);
#12879 = EDGE_CURVE('',#12880,#12880,#12882,.T.);
#12880 = VERTEX_POINT('',#12881);
#12881 = CARTESIAN_POINT('',(138.,-116.4,0.));
#12882 = CIRCLE('',#12883,0.4);
#12883 = AXIS2_PLACEMENT_3D('',#12884,#12885,#12886);
#12884 = CARTESIAN_POINT('',(138.,-116.,0.));
#12885 = DIRECTION('',(-0.,0.,-1.));
#12886 = DIRECTION('',(-0.,-1.,0.));
#12887 = FACE_BOUND('',#12888,.F.);
#12888 = EDGE_LOOP('',(#12889));
#12889 = ORIENTED_EDGE('',*,*,#12890,.T.);
#12890 = EDGE_CURVE('',#12891,#12891,#12893,.T.);
#12891 = VERTEX_POINT('',#12892);
#12892 = CARTESIAN_POINT('',(142.,-116.4,0.));
#12893 = CIRCLE('',#12894,0.4);
#12894 = AXIS2_PLACEMENT_3D('',#12895,#12896,#12897);
#12895 = CARTESIAN_POINT('',(142.,-116.,0.));
#12896 = DIRECTION('',(-0.,0.,-1.));
#12897 = DIRECTION('',(-0.,-1.,0.));
#12898 = FACE_BOUND('',#12899,.F.);
#12899 = EDGE_LOOP('',(#12900));
#12900 = ORIENTED_EDGE('',*,*,#12901,.T.);
#12901 = EDGE_CURVE('',#12902,#12902,#12904,.T.);
#12902 = VERTEX_POINT('',#12903);
#12903 = CARTESIAN_POINT('',(133.13,-107.575,0.));
#12904 = CIRCLE('',#12905,0.375);
#12905 = AXIS2_PLACEMENT_3D('',#12906,#12907,#12908);
#12906 = CARTESIAN_POINT('',(133.13,-107.2,0.));
#12907 = DIRECTION('',(-0.,0.,-1.));
#12908 = DIRECTION('',(-0.,-1.,0.));
#12909 = FACE_BOUND('',#12910,.F.);
#12910 = EDGE_LOOP('',(#12911));
#12911 = ORIENTED_EDGE('',*,*,#12912,.T.);
#12912 = EDGE_CURVE('',#12913,#12913,#12915,.T.);
#12913 = VERTEX_POINT('',#12914);
#12914 = CARTESIAN_POINT('',(134.4,-107.575,0.));
#12915 = CIRCLE('',#12916,0.375);
#12916 = AXIS2_PLACEMENT_3D('',#12917,#12918,#12919);
#12917 = CARTESIAN_POINT('',(134.4,-107.2,0.));
#12918 = DIRECTION('',(-0.,0.,-1.));
#12919 = DIRECTION('',(-0.,-1.,0.));
#12920 = FACE_BOUND('',#12921,.F.);
#12921 = EDGE_LOOP('',(#12922));
#12922 = ORIENTED_EDGE('',*,*,#12923,.T.);
#12923 = EDGE_CURVE('',#12924,#12924,#12926,.T.);
#12924 = VERTEX_POINT('',#12925);
#12925 = CARTESIAN_POINT('',(141.96,-104.95,0.));
#12926 = CIRCLE('',#12927,0.45);
#12927 = AXIS2_PLACEMENT_3D('',#12928,#12929,#12930);
#12928 = CARTESIAN_POINT('',(141.96,-104.5,0.));
#12929 = DIRECTION('',(-0.,0.,-1.));
#12930 = DIRECTION('',(6.315935428978E-14,-1.,-0.));
#12931 = FACE_BOUND('',#12932,.F.);
#12932 = EDGE_LOOP('',(#12933));
#12933 = ORIENTED_EDGE('',*,*,#12934,.T.);
#12934 = EDGE_CURVE('',#12935,#12935,#12937,.T.);
#12935 = VERTEX_POINT('',#12936);
#12936 = CARTESIAN_POINT('',(132.46,-99.,0.));
#12937 = CIRCLE('',#12938,0.5);
#12938 = AXIS2_PLACEMENT_3D('',#12939,#12940,#12941);
#12939 = CARTESIAN_POINT('',(132.46,-98.5,0.));
#12940 = DIRECTION('',(-0.,0.,-1.));
#12941 = DIRECTION('',(-0.,-1.,0.));
#12942 = FACE_BOUND('',#12943,.F.);
#12943 = EDGE_LOOP('',(#12944));
#12944 = ORIENTED_EDGE('',*,*,#12945,.T.);
#12945 = EDGE_CURVE('',#12946,#12946,#12948,.T.);
#12946 = VERTEX_POINT('',#12947);
#12947 = CARTESIAN_POINT('',(135.,-99.,0.));
#12948 = CIRCLE('',#12949,0.5);
#12949 = AXIS2_PLACEMENT_3D('',#12950,#12951,#12952);
#12950 = CARTESIAN_POINT('',(135.,-98.5,0.));
#12951 = DIRECTION('',(-0.,0.,-1.));
#12952 = DIRECTION('',(-0.,-1.,0.));
#12953 = FACE_BOUND('',#12954,.F.);
#12954 = EDGE_LOOP('',(#12955));
#12955 = ORIENTED_EDGE('',*,*,#12956,.T.);
#12956 = EDGE_CURVE('',#12957,#12957,#12959,.T.);
#12957 = VERTEX_POINT('',#12958);
#12958 = CARTESIAN_POINT('',(144.5,-104.95,0.));
#12959 = CIRCLE('',#12960,0.45);
#12960 = AXIS2_PLACEMENT_3D('',#12961,#12962,#12963);
#12961 = CARTESIAN_POINT('',(144.5,-104.5,0.));
#12962 = DIRECTION('',(-0.,0.,-1.));
#12963 = DIRECTION('',(-0.,-1.,0.));
#12964 = FACE_BOUND('',#12965,.F.);
#12965 = EDGE_LOOP('',(#12966));
#12966 = ORIENTED_EDGE('',*,*,#12967,.T.);
#12967 = EDGE_CURVE('',#12968,#12968,#12970,.T.);
#12968 = VERTEX_POINT('',#12969);
#12969 = CARTESIAN_POINT('',(146.5,-100.,0.));
#12970 = CIRCLE('',#12971,0.5);
#12971 = AXIS2_PLACEMENT_3D('',#12972,#12973,#12974);
#12972 = CARTESIAN_POINT('',(146.5,-99.5,0.));
#12973 = DIRECTION('',(-0.,0.,-1.));
#12974 = DIRECTION('',(-0.,-1.,0.));
#12975 = FACE_BOUND('',#12976,.F.);
#12976 = EDGE_LOOP('',(#12977));
#12977 = ORIENTED_EDGE('',*,*,#12978,.T.);
#12978 = EDGE_CURVE('',#12979,#12979,#12981,.T.);
#12979 = VERTEX_POINT('',#12980);
#12980 = CARTESIAN_POINT('',(143.,-98.9,0.));
#12981 = CIRCLE('',#12982,0.4);
#12982 = AXIS2_PLACEMENT_3D('',#12983,#12984,#12985);
#12983 = CARTESIAN_POINT('',(143.,-98.5,0.));
#12984 = DIRECTION('',(-0.,0.,-1.));
#12985 = DIRECTION('',(-0.,-1.,0.));
#12986 = FACE_BOUND('',#12987,.F.);
#12987 = EDGE_LOOP('',(#12988));
#12988 = ORIENTED_EDGE('',*,*,#12989,.T.);
#12989 = EDGE_CURVE('',#12990,#12990,#12992,.T.);
#12990 = VERTEX_POINT('',#12991);
#12991 = CARTESIAN_POINT('',(151.5,-100.,0.));
#12992 = CIRCLE('',#12993,0.5);
#12993 = AXIS2_PLACEMENT_3D('',#12994,#12995,#12996);
#12994 = CARTESIAN_POINT('',(151.5,-99.5,0.));
#12995 = DIRECTION('',(-0.,0.,-1.));
#12996 = DIRECTION('',(-0.,-1.,0.));
#12997 = FACE_BOUND('',#12998,.F.);
#12998 = EDGE_LOOP('',(#12999));
#12999 = ORIENTED_EDGE('',*,*,#13000,.T.);
#13000 = EDGE_CURVE('',#13001,#13001,#13003,.T.);
#13001 = VERTEX_POINT('',#13002);
#13002 = CARTESIAN_POINT('',(113.,-93.3,0.));
#13003 = CIRCLE('',#13004,0.42);
#13004 = AXIS2_PLACEMENT_3D('',#13005,#13006,#13007);
#13005 = CARTESIAN_POINT('',(113.,-92.88,0.));
#13006 = DIRECTION('',(-0.,0.,-1.));
#13007 = DIRECTION('',(-0.,-1.,0.));
#13008 = FACE_BOUND('',#13009,.F.);
#13009 = EDGE_LOOP('',(#13010));
#13010 = ORIENTED_EDGE('',*,*,#13011,.T.);
#13011 = EDGE_CURVE('',#13012,#13012,#13014,.T.);
#13012 = VERTEX_POINT('',#13013);
#13013 = CARTESIAN_POINT('',(113.,-90.76,0.));
#13014 = CIRCLE('',#13015,0.42);
#13015 = AXIS2_PLACEMENT_3D('',#13016,#13017,#13018);
#13016 = CARTESIAN_POINT('',(113.,-90.34,0.));
#13017 = DIRECTION('',(-0.,0.,-1.));
#13018 = DIRECTION('',(-0.,-1.,0.));
#13019 = FACE_BOUND('',#13020,.F.);
#13020 = EDGE_LOOP('',(#13021));
#13021 = ORIENTED_EDGE('',*,*,#13022,.T.);
#13022 = EDGE_CURVE('',#13023,#13023,#13025,.T.);
#13023 = VERTEX_POINT('',#13024);
#13024 = CARTESIAN_POINT('',(113.,-88.22,0.));
#13025 = CIRCLE('',#13026,0.42);
#13026 = AXIS2_PLACEMENT_3D('',#13027,#13028,#13029);
#13027 = CARTESIAN_POINT('',(113.,-87.8,0.));
#13028 = DIRECTION('',(-0.,0.,-1.));
#13029 = DIRECTION('',(-0.,-1.,0.));
#13030 = FACE_BOUND('',#13031,.F.);
#13031 = EDGE_LOOP('',(#13032));
#13032 = ORIENTED_EDGE('',*,*,#13033,.T.);
#13033 = EDGE_CURVE('',#13034,#13034,#13036,.T.);
#13034 = VERTEX_POINT('',#13035);
#13035 = CARTESIAN_POINT('',(128.24,-93.3,0.));
#13036 = CIRCLE('',#13037,0.42);
#13037 = AXIS2_PLACEMENT_3D('',#13038,#13039,#13040);
#13038 = CARTESIAN_POINT('',(128.24,-92.88,0.));
#13039 = DIRECTION('',(-0.,0.,-1.));
#13040 = DIRECTION('',(-0.,-1.,0.));
#13041 = FACE_BOUND('',#13042,.F.);
#13042 = EDGE_LOOP('',(#13043));
#13043 = ORIENTED_EDGE('',*,*,#13044,.T.);
#13044 = EDGE_CURVE('',#13045,#13045,#13047,.T.);
#13045 = VERTEX_POINT('',#13046);
#13046 = CARTESIAN_POINT('',(128.24,-90.76,0.));
#13047 = CIRCLE('',#13048,0.42);
#13048 = AXIS2_PLACEMENT_3D('',#13049,#13050,#13051);
#13049 = CARTESIAN_POINT('',(128.24,-90.34,0.));
#13050 = DIRECTION('',(-0.,0.,-1.));
#13051 = DIRECTION('',(-0.,-1.,0.));
#13052 = FACE_BOUND('',#13053,.F.);
#13053 = EDGE_LOOP('',(#13054));
#13054 = ORIENTED_EDGE('',*,*,#13055,.T.);
#13055 = EDGE_CURVE('',#13056,#13056,#13058,.T.);
#13056 = VERTEX_POINT('',#13057);
#13057 = CARTESIAN_POINT('',(128.24,-88.22,0.));
#13058 = CIRCLE('',#13059,0.42);
#13059 = AXIS2_PLACEMENT_3D('',#13060,#13061,#13062);
#13060 = CARTESIAN_POINT('',(128.24,-87.8,0.));
#13061 = DIRECTION('',(-0.,0.,-1.));
#13062 = DIRECTION('',(-0.,-1.,0.));
#13063 = FACE_BOUND('',#13064,.F.);
#13064 = EDGE_LOOP('',(#13065));
#13065 = ORIENTED_EDGE('',*,*,#13066,.T.);
#13066 = EDGE_CURVE('',#13067,#13067,#13069,.T.);
#13067 = VERTEX_POINT('',#13068);
#13068 = CARTESIAN_POINT('',(113.,-85.68,0.));
#13069 = CIRCLE('',#13070,0.42);
#13070 = AXIS2_PLACEMENT_3D('',#13071,#13072,#13073);
#13071 = CARTESIAN_POINT('',(113.,-85.26,0.));
#13072 = DIRECTION('',(-0.,0.,-1.));
#13073 = DIRECTION('',(-0.,-1.,0.));
#13074 = FACE_BOUND('',#13075,.F.);
#13075 = EDGE_LOOP('',(#13076));
#13076 = ORIENTED_EDGE('',*,*,#13077,.T.);
#13077 = EDGE_CURVE('',#13078,#13078,#13080,.T.);
#13078 = VERTEX_POINT('',#13079);
#13079 = CARTESIAN_POINT('',(113.,-83.14,0.));
#13080 = CIRCLE('',#13081,0.42);
#13081 = AXIS2_PLACEMENT_3D('',#13082,#13083,#13084);
#13082 = CARTESIAN_POINT('',(113.,-82.72,0.));
#13083 = DIRECTION('',(-0.,0.,-1.));
#13084 = DIRECTION('',(-0.,-1.,0.));
#13085 = FACE_BOUND('',#13086,.F.);
#13086 = EDGE_LOOP('',(#13087));
#13087 = ORIENTED_EDGE('',*,*,#13088,.T.);
#13088 = EDGE_CURVE('',#13089,#13089,#13091,.T.);
#13089 = VERTEX_POINT('',#13090);
#13090 = CARTESIAN_POINT('',(113.,-80.6,0.));
#13091 = CIRCLE('',#13092,0.42);
#13092 = AXIS2_PLACEMENT_3D('',#13093,#13094,#13095);
#13093 = CARTESIAN_POINT('',(113.,-80.18,0.));
#13094 = DIRECTION('',(-0.,0.,-1.));
#13095 = DIRECTION('',(-0.,-1.,0.));
#13096 = FACE_BOUND('',#13097,.F.);
#13097 = EDGE_LOOP('',(#13098));
#13098 = ORIENTED_EDGE('',*,*,#13099,.T.);
#13099 = EDGE_CURVE('',#13100,#13100,#13102,.T.);
#13100 = VERTEX_POINT('',#13101);
#13101 = CARTESIAN_POINT('',(113.,-78.06,0.));
#13102 = CIRCLE('',#13103,0.42);
#13103 = AXIS2_PLACEMENT_3D('',#13104,#13105,#13106);
#13104 = CARTESIAN_POINT('',(113.,-77.64,0.));
#13105 = DIRECTION('',(-0.,0.,-1.));
#13106 = DIRECTION('',(-0.,-1.,0.));
#13107 = FACE_BOUND('',#13108,.F.);
#13108 = EDGE_LOOP('',(#13109));
#13109 = ORIENTED_EDGE('',*,*,#13110,.T.);
#13110 = EDGE_CURVE('',#13111,#13111,#13113,.T.);
#13111 = VERTEX_POINT('',#13112);
#13112 = CARTESIAN_POINT('',(113.,-75.52,0.));
#13113 = CIRCLE('',#13114,0.42);
#13114 = AXIS2_PLACEMENT_3D('',#13115,#13116,#13117);
#13115 = CARTESIAN_POINT('',(113.,-75.1,0.));
#13116 = DIRECTION('',(-0.,0.,-1.));
#13117 = DIRECTION('',(-0.,-1.,0.));
#13118 = FACE_BOUND('',#13119,.F.);
#13119 = EDGE_LOOP('',(#13120));
#13120 = ORIENTED_EDGE('',*,*,#13121,.T.);
#13121 = EDGE_CURVE('',#13122,#13122,#13124,.T.);
#13122 = VERTEX_POINT('',#13123);
#13123 = CARTESIAN_POINT('',(128.24,-85.68,0.));
#13124 = CIRCLE('',#13125,0.42);
#13125 = AXIS2_PLACEMENT_3D('',#13126,#13127,#13128);
#13126 = CARTESIAN_POINT('',(128.24,-85.26,0.));
#13127 = DIRECTION('',(-0.,0.,-1.));
#13128 = DIRECTION('',(-0.,-1.,0.));
#13129 = FACE_BOUND('',#13130,.F.);
#13130 = EDGE_LOOP('',(#13131));
#13131 = ORIENTED_EDGE('',*,*,#13132,.T.);
#13132 = EDGE_CURVE('',#13133,#13133,#13135,.T.);
#13133 = VERTEX_POINT('',#13134);
#13134 = CARTESIAN_POINT('',(128.24,-83.14,0.));
#13135 = CIRCLE('',#13136,0.42);
#13136 = AXIS2_PLACEMENT_3D('',#13137,#13138,#13139);
#13137 = CARTESIAN_POINT('',(128.24,-82.72,0.));
#13138 = DIRECTION('',(-0.,0.,-1.));
#13139 = DIRECTION('',(-0.,-1.,0.));
#13140 = FACE_BOUND('',#13141,.F.);
#13141 = EDGE_LOOP('',(#13142));
#13142 = ORIENTED_EDGE('',*,*,#13143,.T.);
#13143 = EDGE_CURVE('',#13144,#13144,#13146,.T.);
#13144 = VERTEX_POINT('',#13145);
#13145 = CARTESIAN_POINT('',(128.24,-80.6,0.));
#13146 = CIRCLE('',#13147,0.42);
#13147 = AXIS2_PLACEMENT_3D('',#13148,#13149,#13150);
#13148 = CARTESIAN_POINT('',(128.24,-80.18,0.));
#13149 = DIRECTION('',(-0.,0.,-1.));
#13150 = DIRECTION('',(-0.,-1.,0.));
#13151 = FACE_BOUND('',#13152,.F.);
#13152 = EDGE_LOOP('',(#13153));
#13153 = ORIENTED_EDGE('',*,*,#13154,.T.);
#13154 = EDGE_CURVE('',#13155,#13155,#13157,.T.);
#13155 = VERTEX_POINT('',#13156);
#13156 = CARTESIAN_POINT('',(128.24,-78.06,0.));
#13157 = CIRCLE('',#13158,0.42);
#13158 = AXIS2_PLACEMENT_3D('',#13159,#13160,#13161);
#13159 = CARTESIAN_POINT('',(128.24,-77.64,0.));
#13160 = DIRECTION('',(-0.,0.,-1.));
#13161 = DIRECTION('',(-0.,-1.,0.));
#13162 = FACE_BOUND('',#13163,.F.);
#13163 = EDGE_LOOP('',(#13164));
#13164 = ORIENTED_EDGE('',*,*,#13165,.T.);
#13165 = EDGE_CURVE('',#13166,#13166,#13168,.T.);
#13166 = VERTEX_POINT('',#13167);
#13167 = CARTESIAN_POINT('',(128.24,-75.52,0.));
#13168 = CIRCLE('',#13169,0.42);
#13169 = AXIS2_PLACEMENT_3D('',#13170,#13171,#13172);
#13170 = CARTESIAN_POINT('',(128.24,-75.1,0.));
#13171 = DIRECTION('',(-0.,0.,-1.));
#13172 = DIRECTION('',(-0.,-1.,0.));
#13173 = FACE_BOUND('',#13174,.F.);
#13174 = EDGE_LOOP('',(#13175));
#13175 = ORIENTED_EDGE('',*,*,#13176,.T.);
#13176 = EDGE_CURVE('',#13177,#13177,#13179,.T.);
#13177 = VERTEX_POINT('',#13178);
#13178 = CARTESIAN_POINT('',(143.,-93.9,0.));
#13179 = CIRCLE('',#13180,0.4);
#13180 = AXIS2_PLACEMENT_3D('',#13181,#13182,#13183);
#13181 = CARTESIAN_POINT('',(143.,-93.5,0.));
#13182 = DIRECTION('',(-0.,0.,-1.));
#13183 = DIRECTION('',(-0.,-1.,0.));
#13184 = FACE_BOUND('',#13185,.F.);
#13185 = EDGE_LOOP('',(#13186));
#13186 = ORIENTED_EDGE('',*,*,#13187,.T.);
#13187 = EDGE_CURVE('',#13188,#13188,#13190,.T.);
#13188 = VERTEX_POINT('',#13189);
#13189 = CARTESIAN_POINT('',(146.5,-94.5,0.));
#13190 = CIRCLE('',#13191,0.5);
#13191 = AXIS2_PLACEMENT_3D('',#13192,#13193,#13194);
#13192 = CARTESIAN_POINT('',(146.5,-94.,0.));
#13193 = DIRECTION('',(-0.,0.,-1.));
#13194 = DIRECTION('',(-0.,-1.,0.));
#13195 = FACE_BOUND('',#13196,.F.);
#13196 = EDGE_LOOP('',(#13197));
#13197 = ORIENTED_EDGE('',*,*,#13198,.T.);
#13198 = EDGE_CURVE('',#13199,#13199,#13201,.T.);
#13199 = VERTEX_POINT('',#13200);
#13200 = CARTESIAN_POINT('',(151.5,-94.5,0.));
#13201 = CIRCLE('',#13202,0.5);
#13202 = AXIS2_PLACEMENT_3D('',#13203,#13204,#13205);
#13203 = CARTESIAN_POINT('',(151.5,-94.,0.));
#13204 = DIRECTION('',(-0.,0.,-1.));
#13205 = DIRECTION('',(-0.,-1.,0.));
#13206 = FACE_BOUND('',#13207,.F.);
#13207 = EDGE_LOOP('',(#13208));
#13208 = ORIENTED_EDGE('',*,*,#13209,.T.);
#13209 = EDGE_CURVE('',#13210,#13210,#13212,.T.);
#13210 = VERTEX_POINT('',#13211);
#13211 = CARTESIAN_POINT('',(143.,-90.4,0.));
#13212 = CIRCLE('',#13213,0.4);
#13213 = AXIS2_PLACEMENT_3D('',#13214,#13215,#13216);
#13214 = CARTESIAN_POINT('',(143.,-90.,0.));
#13215 = DIRECTION('',(-0.,0.,-1.));
#13216 = DIRECTION('',(-0.,-1.,0.));
#13217 = FACE_BOUND('',#13218,.F.);
#13218 = EDGE_LOOP('',(#13219));
#13219 = ORIENTED_EDGE('',*,*,#13220,.T.);
#13220 = EDGE_CURVE('',#13221,#13221,#13223,.T.);
#13221 = VERTEX_POINT('',#13222);
#13222 = CARTESIAN_POINT('',(146.5,-89.,0.));
#13223 = CIRCLE('',#13224,0.5);
#13224 = AXIS2_PLACEMENT_3D('',#13225,#13226,#13227);
#13225 = CARTESIAN_POINT('',(146.5,-88.5,0.));
#13226 = DIRECTION('',(-0.,0.,-1.));
#13227 = DIRECTION('',(-0.,-1.,0.));
#13228 = FACE_BOUND('',#13229,.F.);
#13229 = EDGE_LOOP('',(#13230));
#13230 = ORIENTED_EDGE('',*,*,#13231,.T.);
#13231 = EDGE_CURVE('',#13232,#13232,#13234,.T.);
#13232 = VERTEX_POINT('',#13233);
#13233 = CARTESIAN_POINT('',(151.5,-89.,0.));
#13234 = CIRCLE('',#13235,0.5);
#13235 = AXIS2_PLACEMENT_3D('',#13236,#13237,#13238);
#13236 = CARTESIAN_POINT('',(151.5,-88.5,0.));
#13237 = DIRECTION('',(-0.,0.,-1.));
#13238 = DIRECTION('',(-0.,-1.,0.));
#13239 = FACE_BOUND('',#13240,.F.);
#13240 = EDGE_LOOP('',(#13241));
#13241 = ORIENTED_EDGE('',*,*,#13242,.T.);
#13242 = EDGE_CURVE('',#13243,#13243,#13245,.T.);
#13243 = VERTEX_POINT('',#13244);
#13244 = CARTESIAN_POINT('',(143.,-85.4,0.));
#13245 = CIRCLE('',#13246,0.4);
#13246 = AXIS2_PLACEMENT_3D('',#13247,#13248,#13249);
#13247 = CARTESIAN_POINT('',(143.,-85.,0.));
#13248 = DIRECTION('',(-0.,0.,-1.));
#13249 = DIRECTION('',(-0.,-1.,0.));
#13250 = PLANE('',#13251);
#13251 = AXIS2_PLACEMENT_3D('',#13252,#13253,#13254);
#13252 = CARTESIAN_POINT('',(0.,0.,0.));
#13253 = DIRECTION('',(0.,0.,1.));
#13254 = DIRECTION('',(1.,0.,-0.));
#13255 = ADVANCED_FACE('',(#13256,#13267,#13278,#13289,#13300,#13311,
    #13322,#13333,#13344,#13355,#13366,#13377,#13388,#13399,#13410,
    #13421,#13432,#13443,#13454,#13465,#13476,#13487,#13498,#13509,
    #13520,#13531,#13542,#13553,#13564,#13575,#13586,#13597,#13608,
    #13619,#13630,#13641,#13652,#13663,#13674,#13685,#13696,#13707,
    #13718,#13729,#13740,#13751,#13762,#13773),#13784,.T.);
#13256 = FACE_BOUND('',#13257,.T.);
#13257 = EDGE_LOOP('',(#13258,#13259,#13260,#13266));
#13258 = ORIENTED_EDGE('',*,*,#12633,.F.);
#13259 = ORIENTED_EDGE('',*,*,#12673,.F.);
#13260 = ORIENTED_EDGE('',*,*,#13261,.F.);
#13261 = EDGE_CURVE('',#12696,#12666,#13262,.T.);
#13262 = LINE('',#13263,#13264);
#13263 = CARTESIAN_POINT('',(110.5,-71.,1.51));
#13264 = VECTOR('',#13265,1.);
#13265 = DIRECTION('',(1.,0.,0.));
#13266 = ORIENTED_EDGE('',*,*,#12695,.F.);
#13267 = FACE_BOUND('',#13268,.T.);
#13268 = EDGE_LOOP('',(#13269));
#13269 = ORIENTED_EDGE('',*,*,#13270,.T.);
#13270 = EDGE_CURVE('',#13271,#13271,#13273,.T.);
#13271 = VERTEX_POINT('',#13272);
#13272 = CARTESIAN_POINT('',(113.,-117.215,1.51));
#13273 = CIRCLE('',#13274,0.635);
#13274 = AXIS2_PLACEMENT_3D('',#13275,#13276,#13277);
#13275 = CARTESIAN_POINT('',(113.,-116.58,1.51));
#13276 = DIRECTION('',(-0.,0.,-1.));
#13277 = DIRECTION('',(-0.,-1.,0.));
#13278 = FACE_BOUND('',#13279,.T.);
#13279 = EDGE_LOOP('',(#13280));
#13280 = ORIENTED_EDGE('',*,*,#13281,.T.);
#13281 = EDGE_CURVE('',#13282,#13282,#13284,.T.);
#13282 = VERTEX_POINT('',#13283);
#13283 = CARTESIAN_POINT('',(113.,-114.675,1.51));
#13284 = CIRCLE('',#13285,0.635);
#13285 = AXIS2_PLACEMENT_3D('',#13286,#13287,#13288);
#13286 = CARTESIAN_POINT('',(113.,-114.04,1.51));
#13287 = DIRECTION('',(-0.,0.,-1.));
#13288 = DIRECTION('',(-0.,-1.,0.));
#13289 = FACE_BOUND('',#13290,.T.);
#13290 = EDGE_LOOP('',(#13291));
#13291 = ORIENTED_EDGE('',*,*,#13292,.T.);
#13292 = EDGE_CURVE('',#13293,#13293,#13295,.T.);
#13293 = VERTEX_POINT('',#13294);
#13294 = CARTESIAN_POINT('',(113.,-112.135,1.51));
#13295 = CIRCLE('',#13296,0.635);
#13296 = AXIS2_PLACEMENT_3D('',#13297,#13298,#13299);
#13297 = CARTESIAN_POINT('',(113.,-111.5,1.51));
#13298 = DIRECTION('',(-0.,0.,-1.));
#13299 = DIRECTION('',(-0.,-1.,0.));
#13300 = FACE_BOUND('',#13301,.T.);
#13301 = EDGE_LOOP('',(#13302));
#13302 = ORIENTED_EDGE('',*,*,#13303,.T.);
#13303 = EDGE_CURVE('',#13304,#13304,#13306,.T.);
#13304 = VERTEX_POINT('',#13305);
#13305 = CARTESIAN_POINT('',(113.,-109.595,1.51));
#13306 = CIRCLE('',#13307,0.635);
#13307 = AXIS2_PLACEMENT_3D('',#13308,#13309,#13310);
#13308 = CARTESIAN_POINT('',(113.,-108.96,1.51));
#13309 = DIRECTION('',(-0.,0.,-1.));
#13310 = DIRECTION('',(-0.,-1.,0.));
#13311 = FACE_BOUND('',#13312,.T.);
#13312 = EDGE_LOOP('',(#13313));
#13313 = ORIENTED_EDGE('',*,*,#13314,.T.);
#13314 = EDGE_CURVE('',#13315,#13315,#13317,.T.);
#13315 = VERTEX_POINT('',#13316);
#13316 = CARTESIAN_POINT('',(124.76,-117.35,1.51));
#13317 = CIRCLE('',#13318,1.6);
#13318 = AXIS2_PLACEMENT_3D('',#13319,#13320,#13321);
#13319 = CARTESIAN_POINT('',(124.76,-115.75,1.51));
#13320 = DIRECTION('',(-0.,0.,-1.));
#13321 = DIRECTION('',(8.881784197001E-15,-1.,-0.));
#13322 = FACE_BOUND('',#13323,.T.);
#13323 = EDGE_LOOP('',(#13324));
#13324 = ORIENTED_EDGE('',*,*,#13325,.T.);
#13325 = EDGE_CURVE('',#13326,#13326,#13328,.T.);
#13326 = VERTEX_POINT('',#13327);
#13327 = CARTESIAN_POINT('',(130.,-115.54,1.51));
#13328 = CIRCLE('',#13329,0.5);
#13329 = AXIS2_PLACEMENT_3D('',#13330,#13331,#13332);
#13330 = CARTESIAN_POINT('',(130.,-115.04,1.51));
#13331 = DIRECTION('',(-0.,0.,-1.));
#13332 = DIRECTION('',(-0.,-1.,0.));
#13333 = FACE_BOUND('',#13334,.T.);
#13334 = EDGE_LOOP('',(#13335));
#13335 = ORIENTED_EDGE('',*,*,#13336,.T.);
#13336 = EDGE_CURVE('',#13337,#13337,#13339,.T.);
#13337 = VERTEX_POINT('',#13338);
#13338 = CARTESIAN_POINT('',(130.,-113.,1.51));
#13339 = CIRCLE('',#13340,0.5);
#13340 = AXIS2_PLACEMENT_3D('',#13341,#13342,#13343);
#13341 = CARTESIAN_POINT('',(130.,-112.5,1.51));
#13342 = DIRECTION('',(-0.,0.,-1.));
#13343 = DIRECTION('',(-0.,-1.,0.));
#13344 = FACE_BOUND('',#13345,.T.);
#13345 = EDGE_LOOP('',(#13346));
#13346 = ORIENTED_EDGE('',*,*,#13347,.T.);
#13347 = EDGE_CURVE('',#13348,#13348,#13350,.T.);
#13348 = VERTEX_POINT('',#13349);
#13349 = CARTESIAN_POINT('',(131.86,-107.575,1.51));
#13350 = CIRCLE('',#13351,0.375);
#13351 = AXIS2_PLACEMENT_3D('',#13352,#13353,#13354);
#13352 = CARTESIAN_POINT('',(131.86,-107.2,1.51));
#13353 = DIRECTION('',(-0.,0.,-1.));
#13354 = DIRECTION('',(-0.,-1.,0.));
#13355 = FACE_BOUND('',#13356,.T.);
#13356 = EDGE_LOOP('',(#13357));
#13357 = ORIENTED_EDGE('',*,*,#13358,.T.);
#13358 = EDGE_CURVE('',#13359,#13359,#13361,.T.);
#13359 = VERTEX_POINT('',#13360);
#13360 = CARTESIAN_POINT('',(113.,-107.055,1.51));
#13361 = CIRCLE('',#13362,0.635);
#13362 = AXIS2_PLACEMENT_3D('',#13363,#13364,#13365);
#13363 = CARTESIAN_POINT('',(113.,-106.42,1.51));
#13364 = DIRECTION('',(-0.,0.,-1.));
#13365 = DIRECTION('',(-0.,-1.,0.));
#13366 = FACE_BOUND('',#13367,.T.);
#13367 = EDGE_LOOP('',(#13368));
#13368 = ORIENTED_EDGE('',*,*,#13369,.T.);
#13369 = EDGE_CURVE('',#13370,#13370,#13372,.T.);
#13370 = VERTEX_POINT('',#13371);
#13371 = CARTESIAN_POINT('',(113.,-104.515,1.51));
#13372 = CIRCLE('',#13373,0.635);
#13373 = AXIS2_PLACEMENT_3D('',#13374,#13375,#13376);
#13374 = CARTESIAN_POINT('',(113.,-103.88,1.51));
#13375 = DIRECTION('',(-0.,0.,-1.));
#13376 = DIRECTION('',(-0.,-1.,0.));
#13377 = FACE_BOUND('',#13378,.T.);
#13378 = EDGE_LOOP('',(#13379));
#13379 = ORIENTED_EDGE('',*,*,#13380,.T.);
#13380 = EDGE_CURVE('',#13381,#13381,#13383,.T.);
#13381 = VERTEX_POINT('',#13382);
#13382 = CARTESIAN_POINT('',(113.,-101.975,1.51));
#13383 = CIRCLE('',#13384,0.635);
#13384 = AXIS2_PLACEMENT_3D('',#13385,#13386,#13387);
#13385 = CARTESIAN_POINT('',(113.,-101.34,1.51));
#13386 = DIRECTION('',(-0.,0.,-1.));
#13387 = DIRECTION('',(-0.,-1.,0.));
#13388 = FACE_BOUND('',#13389,.T.);
#13389 = EDGE_LOOP('',(#13390));
#13390 = ORIENTED_EDGE('',*,*,#13391,.T.);
#13391 = EDGE_CURVE('',#13392,#13392,#13394,.T.);
#13392 = VERTEX_POINT('',#13393);
#13393 = CARTESIAN_POINT('',(113.,-99.435,1.51));
#13394 = CIRCLE('',#13395,0.635);
#13395 = AXIS2_PLACEMENT_3D('',#13396,#13397,#13398);
#13396 = CARTESIAN_POINT('',(113.,-98.8,1.51));
#13397 = DIRECTION('',(-0.,0.,-1.));
#13398 = DIRECTION('',(-0.,-1.,0.));
#13399 = FACE_BOUND('',#13400,.T.);
#13400 = EDGE_LOOP('',(#13401));
#13401 = ORIENTED_EDGE('',*,*,#13402,.T.);
#13402 = EDGE_CURVE('',#13403,#13403,#13405,.T.);
#13403 = VERTEX_POINT('',#13404);
#13404 = CARTESIAN_POINT('',(124.76,-101.23,1.51));
#13405 = CIRCLE('',#13406,1.6);
#13406 = AXIS2_PLACEMENT_3D('',#13407,#13408,#13409);
#13407 = CARTESIAN_POINT('',(124.76,-99.63,1.51));
#13408 = DIRECTION('',(-0.,0.,-1.));
#13409 = DIRECTION('',(8.881784197001E-15,-1.,-0.));
#13410 = FACE_BOUND('',#13411,.T.);
#13411 = EDGE_LOOP('',(#13412));
#13412 = ORIENTED_EDGE('',*,*,#13413,.T.);
#13413 = EDGE_CURVE('',#13414,#13414,#13416,.T.);
#13414 = VERTEX_POINT('',#13415);
#13415 = CARTESIAN_POINT('',(138.,-116.4,1.51));
#13416 = CIRCLE('',#13417,0.4);
#13417 = AXIS2_PLACEMENT_3D('',#13418,#13419,#13420);
#13418 = CARTESIAN_POINT('',(138.,-116.,1.51));
#13419 = DIRECTION('',(-0.,0.,-1.));
#13420 = DIRECTION('',(-0.,-1.,0.));
#13421 = FACE_BOUND('',#13422,.T.);
#13422 = EDGE_LOOP('',(#13423));
#13423 = ORIENTED_EDGE('',*,*,#13424,.T.);
#13424 = EDGE_CURVE('',#13425,#13425,#13427,.T.);
#13425 = VERTEX_POINT('',#13426);
#13426 = CARTESIAN_POINT('',(142.,-116.4,1.51));
#13427 = CIRCLE('',#13428,0.4);
#13428 = AXIS2_PLACEMENT_3D('',#13429,#13430,#13431);
#13429 = CARTESIAN_POINT('',(142.,-116.,1.51));
#13430 = DIRECTION('',(-0.,0.,-1.));
#13431 = DIRECTION('',(-0.,-1.,0.));
#13432 = FACE_BOUND('',#13433,.T.);
#13433 = EDGE_LOOP('',(#13434));
#13434 = ORIENTED_EDGE('',*,*,#13435,.T.);
#13435 = EDGE_CURVE('',#13436,#13436,#13438,.T.);
#13436 = VERTEX_POINT('',#13437);
#13437 = CARTESIAN_POINT('',(133.13,-107.575,1.51));
#13438 = CIRCLE('',#13439,0.375);
#13439 = AXIS2_PLACEMENT_3D('',#13440,#13441,#13442);
#13440 = CARTESIAN_POINT('',(133.13,-107.2,1.51));
#13441 = DIRECTION('',(-0.,0.,-1.));
#13442 = DIRECTION('',(-0.,-1.,0.));
#13443 = FACE_BOUND('',#13444,.T.);
#13444 = EDGE_LOOP('',(#13445));
#13445 = ORIENTED_EDGE('',*,*,#13446,.T.);
#13446 = EDGE_CURVE('',#13447,#13447,#13449,.T.);
#13447 = VERTEX_POINT('',#13448);
#13448 = CARTESIAN_POINT('',(134.4,-107.575,1.51));
#13449 = CIRCLE('',#13450,0.375);
#13450 = AXIS2_PLACEMENT_3D('',#13451,#13452,#13453);
#13451 = CARTESIAN_POINT('',(134.4,-107.2,1.51));
#13452 = DIRECTION('',(-0.,0.,-1.));
#13453 = DIRECTION('',(-0.,-1.,0.));
#13454 = FACE_BOUND('',#13455,.T.);
#13455 = EDGE_LOOP('',(#13456));
#13456 = ORIENTED_EDGE('',*,*,#13457,.T.);
#13457 = EDGE_CURVE('',#13458,#13458,#13460,.T.);
#13458 = VERTEX_POINT('',#13459);
#13459 = CARTESIAN_POINT('',(141.96,-104.95,1.51));
#13460 = CIRCLE('',#13461,0.45);
#13461 = AXIS2_PLACEMENT_3D('',#13462,#13463,#13464);
#13462 = CARTESIAN_POINT('',(141.96,-104.5,1.51));
#13463 = DIRECTION('',(-0.,0.,-1.));
#13464 = DIRECTION('',(6.315935428978E-14,-1.,-0.));
#13465 = FACE_BOUND('',#13466,.T.);
#13466 = EDGE_LOOP('',(#13467));
#13467 = ORIENTED_EDGE('',*,*,#13468,.T.);
#13468 = EDGE_CURVE('',#13469,#13469,#13471,.T.);
#13469 = VERTEX_POINT('',#13470);
#13470 = CARTESIAN_POINT('',(132.46,-99.,1.51));
#13471 = CIRCLE('',#13472,0.5);
#13472 = AXIS2_PLACEMENT_3D('',#13473,#13474,#13475);
#13473 = CARTESIAN_POINT('',(132.46,-98.5,1.51));
#13474 = DIRECTION('',(-0.,0.,-1.));
#13475 = DIRECTION('',(-0.,-1.,0.));
#13476 = FACE_BOUND('',#13477,.T.);
#13477 = EDGE_LOOP('',(#13478));
#13478 = ORIENTED_EDGE('',*,*,#13479,.T.);
#13479 = EDGE_CURVE('',#13480,#13480,#13482,.T.);
#13480 = VERTEX_POINT('',#13481);
#13481 = CARTESIAN_POINT('',(135.,-99.,1.51));
#13482 = CIRCLE('',#13483,0.5);
#13483 = AXIS2_PLACEMENT_3D('',#13484,#13485,#13486);
#13484 = CARTESIAN_POINT('',(135.,-98.5,1.51));
#13485 = DIRECTION('',(-0.,0.,-1.));
#13486 = DIRECTION('',(-0.,-1.,0.));
#13487 = FACE_BOUND('',#13488,.T.);
#13488 = EDGE_LOOP('',(#13489));
#13489 = ORIENTED_EDGE('',*,*,#13490,.T.);
#13490 = EDGE_CURVE('',#13491,#13491,#13493,.T.);
#13491 = VERTEX_POINT('',#13492);
#13492 = CARTESIAN_POINT('',(144.5,-104.95,1.51));
#13493 = CIRCLE('',#13494,0.45);
#13494 = AXIS2_PLACEMENT_3D('',#13495,#13496,#13497);
#13495 = CARTESIAN_POINT('',(144.5,-104.5,1.51));
#13496 = DIRECTION('',(-0.,0.,-1.));
#13497 = DIRECTION('',(-0.,-1.,0.));
#13498 = FACE_BOUND('',#13499,.T.);
#13499 = EDGE_LOOP('',(#13500));
#13500 = ORIENTED_EDGE('',*,*,#13501,.T.);
#13501 = EDGE_CURVE('',#13502,#13502,#13504,.T.);
#13502 = VERTEX_POINT('',#13503);
#13503 = CARTESIAN_POINT('',(146.5,-100.,1.51));
#13504 = CIRCLE('',#13505,0.5);
#13505 = AXIS2_PLACEMENT_3D('',#13506,#13507,#13508);
#13506 = CARTESIAN_POINT('',(146.5,-99.5,1.51));
#13507 = DIRECTION('',(-0.,0.,-1.));
#13508 = DIRECTION('',(-0.,-1.,0.));
#13509 = FACE_BOUND('',#13510,.T.);
#13510 = EDGE_LOOP('',(#13511));
#13511 = ORIENTED_EDGE('',*,*,#13512,.T.);
#13512 = EDGE_CURVE('',#13513,#13513,#13515,.T.);
#13513 = VERTEX_POINT('',#13514);
#13514 = CARTESIAN_POINT('',(143.,-98.9,1.51));
#13515 = CIRCLE('',#13516,0.4);
#13516 = AXIS2_PLACEMENT_3D('',#13517,#13518,#13519);
#13517 = CARTESIAN_POINT('',(143.,-98.5,1.51));
#13518 = DIRECTION('',(-0.,0.,-1.));
#13519 = DIRECTION('',(-0.,-1.,0.));
#13520 = FACE_BOUND('',#13521,.T.);
#13521 = EDGE_LOOP('',(#13522));
#13522 = ORIENTED_EDGE('',*,*,#13523,.T.);
#13523 = EDGE_CURVE('',#13524,#13524,#13526,.T.);
#13524 = VERTEX_POINT('',#13525);
#13525 = CARTESIAN_POINT('',(151.5,-100.,1.51));
#13526 = CIRCLE('',#13527,0.5);
#13527 = AXIS2_PLACEMENT_3D('',#13528,#13529,#13530);
#13528 = CARTESIAN_POINT('',(151.5,-99.5,1.51));
#13529 = DIRECTION('',(-0.,0.,-1.));
#13530 = DIRECTION('',(-0.,-1.,0.));
#13531 = FACE_BOUND('',#13532,.T.);
#13532 = EDGE_LOOP('',(#13533));
#13533 = ORIENTED_EDGE('',*,*,#13534,.T.);
#13534 = EDGE_CURVE('',#13535,#13535,#13537,.T.);
#13535 = VERTEX_POINT('',#13536);
#13536 = CARTESIAN_POINT('',(113.,-93.3,1.51));
#13537 = CIRCLE('',#13538,0.42);
#13538 = AXIS2_PLACEMENT_3D('',#13539,#13540,#13541);
#13539 = CARTESIAN_POINT('',(113.,-92.88,1.51));
#13540 = DIRECTION('',(-0.,0.,-1.));
#13541 = DIRECTION('',(-0.,-1.,0.));
#13542 = FACE_BOUND('',#13543,.T.);
#13543 = EDGE_LOOP('',(#13544));
#13544 = ORIENTED_EDGE('',*,*,#13545,.T.);
#13545 = EDGE_CURVE('',#13546,#13546,#13548,.T.);
#13546 = VERTEX_POINT('',#13547);
#13547 = CARTESIAN_POINT('',(113.,-90.76,1.51));
#13548 = CIRCLE('',#13549,0.42);
#13549 = AXIS2_PLACEMENT_3D('',#13550,#13551,#13552);
#13550 = CARTESIAN_POINT('',(113.,-90.34,1.51));
#13551 = DIRECTION('',(-0.,0.,-1.));
#13552 = DIRECTION('',(-0.,-1.,0.));
#13553 = FACE_BOUND('',#13554,.T.);
#13554 = EDGE_LOOP('',(#13555));
#13555 = ORIENTED_EDGE('',*,*,#13556,.T.);
#13556 = EDGE_CURVE('',#13557,#13557,#13559,.T.);
#13557 = VERTEX_POINT('',#13558);
#13558 = CARTESIAN_POINT('',(113.,-88.22,1.51));
#13559 = CIRCLE('',#13560,0.42);
#13560 = AXIS2_PLACEMENT_3D('',#13561,#13562,#13563);
#13561 = CARTESIAN_POINT('',(113.,-87.8,1.51));
#13562 = DIRECTION('',(-0.,0.,-1.));
#13563 = DIRECTION('',(-0.,-1.,0.));
#13564 = FACE_BOUND('',#13565,.T.);
#13565 = EDGE_LOOP('',(#13566));
#13566 = ORIENTED_EDGE('',*,*,#13567,.T.);
#13567 = EDGE_CURVE('',#13568,#13568,#13570,.T.);
#13568 = VERTEX_POINT('',#13569);
#13569 = CARTESIAN_POINT('',(128.24,-93.3,1.51));
#13570 = CIRCLE('',#13571,0.42);
#13571 = AXIS2_PLACEMENT_3D('',#13572,#13573,#13574);
#13572 = CARTESIAN_POINT('',(128.24,-92.88,1.51));
#13573 = DIRECTION('',(-0.,0.,-1.));
#13574 = DIRECTION('',(-0.,-1.,0.));
#13575 = FACE_BOUND('',#13576,.T.);
#13576 = EDGE_LOOP('',(#13577));
#13577 = ORIENTED_EDGE('',*,*,#13578,.T.);
#13578 = EDGE_CURVE('',#13579,#13579,#13581,.T.);
#13579 = VERTEX_POINT('',#13580);
#13580 = CARTESIAN_POINT('',(128.24,-90.76,1.51));
#13581 = CIRCLE('',#13582,0.42);
#13582 = AXIS2_PLACEMENT_3D('',#13583,#13584,#13585);
#13583 = CARTESIAN_POINT('',(128.24,-90.34,1.51));
#13584 = DIRECTION('',(-0.,0.,-1.));
#13585 = DIRECTION('',(-0.,-1.,0.));
#13586 = FACE_BOUND('',#13587,.T.);
#13587 = EDGE_LOOP('',(#13588));
#13588 = ORIENTED_EDGE('',*,*,#13589,.T.);
#13589 = EDGE_CURVE('',#13590,#13590,#13592,.T.);
#13590 = VERTEX_POINT('',#13591);
#13591 = CARTESIAN_POINT('',(128.24,-88.22,1.51));
#13592 = CIRCLE('',#13593,0.42);
#13593 = AXIS2_PLACEMENT_3D('',#13594,#13595,#13596);
#13594 = CARTESIAN_POINT('',(128.24,-87.8,1.51));
#13595 = DIRECTION('',(-0.,0.,-1.));
#13596 = DIRECTION('',(-0.,-1.,0.));
#13597 = FACE_BOUND('',#13598,.T.);
#13598 = EDGE_LOOP('',(#13599));
#13599 = ORIENTED_EDGE('',*,*,#13600,.T.);
#13600 = EDGE_CURVE('',#13601,#13601,#13603,.T.);
#13601 = VERTEX_POINT('',#13602);
#13602 = CARTESIAN_POINT('',(113.,-85.68,1.51));
#13603 = CIRCLE('',#13604,0.42);
#13604 = AXIS2_PLACEMENT_3D('',#13605,#13606,#13607);
#13605 = CARTESIAN_POINT('',(113.,-85.26,1.51));
#13606 = DIRECTION('',(-0.,0.,-1.));
#13607 = DIRECTION('',(-0.,-1.,0.));
#13608 = FACE_BOUND('',#13609,.T.);
#13609 = EDGE_LOOP('',(#13610));
#13610 = ORIENTED_EDGE('',*,*,#13611,.T.);
#13611 = EDGE_CURVE('',#13612,#13612,#13614,.T.);
#13612 = VERTEX_POINT('',#13613);
#13613 = CARTESIAN_POINT('',(113.,-83.14,1.51));
#13614 = CIRCLE('',#13615,0.42);
#13615 = AXIS2_PLACEMENT_3D('',#13616,#13617,#13618);
#13616 = CARTESIAN_POINT('',(113.,-82.72,1.51));
#13617 = DIRECTION('',(-0.,0.,-1.));
#13618 = DIRECTION('',(-0.,-1.,0.));
#13619 = FACE_BOUND('',#13620,.T.);
#13620 = EDGE_LOOP('',(#13621));
#13621 = ORIENTED_EDGE('',*,*,#13622,.T.);
#13622 = EDGE_CURVE('',#13623,#13623,#13625,.T.);
#13623 = VERTEX_POINT('',#13624);
#13624 = CARTESIAN_POINT('',(113.,-80.6,1.51));
#13625 = CIRCLE('',#13626,0.42);
#13626 = AXIS2_PLACEMENT_3D('',#13627,#13628,#13629);
#13627 = CARTESIAN_POINT('',(113.,-80.18,1.51));
#13628 = DIRECTION('',(-0.,0.,-1.));
#13629 = DIRECTION('',(-0.,-1.,0.));
#13630 = FACE_BOUND('',#13631,.T.);
#13631 = EDGE_LOOP('',(#13632));
#13632 = ORIENTED_EDGE('',*,*,#13633,.T.);
#13633 = EDGE_CURVE('',#13634,#13634,#13636,.T.);
#13634 = VERTEX_POINT('',#13635);
#13635 = CARTESIAN_POINT('',(113.,-78.06,1.51));
#13636 = CIRCLE('',#13637,0.42);
#13637 = AXIS2_PLACEMENT_3D('',#13638,#13639,#13640);
#13638 = CARTESIAN_POINT('',(113.,-77.64,1.51));
#13639 = DIRECTION('',(-0.,0.,-1.));
#13640 = DIRECTION('',(-0.,-1.,0.));
#13641 = FACE_BOUND('',#13642,.T.);
#13642 = EDGE_LOOP('',(#13643));
#13643 = ORIENTED_EDGE('',*,*,#13644,.T.);
#13644 = EDGE_CURVE('',#13645,#13645,#13647,.T.);
#13645 = VERTEX_POINT('',#13646);
#13646 = CARTESIAN_POINT('',(113.,-75.52,1.51));
#13647 = CIRCLE('',#13648,0.42);
#13648 = AXIS2_PLACEMENT_3D('',#13649,#13650,#13651);
#13649 = CARTESIAN_POINT('',(113.,-75.1,1.51));
#13650 = DIRECTION('',(-0.,0.,-1.));
#13651 = DIRECTION('',(-0.,-1.,0.));
#13652 = FACE_BOUND('',#13653,.T.);
#13653 = EDGE_LOOP('',(#13654));
#13654 = ORIENTED_EDGE('',*,*,#13655,.T.);
#13655 = EDGE_CURVE('',#13656,#13656,#13658,.T.);
#13656 = VERTEX_POINT('',#13657);
#13657 = CARTESIAN_POINT('',(128.24,-85.68,1.51));
#13658 = CIRCLE('',#13659,0.42);
#13659 = AXIS2_PLACEMENT_3D('',#13660,#13661,#13662);
#13660 = CARTESIAN_POINT('',(128.24,-85.26,1.51));
#13661 = DIRECTION('',(-0.,0.,-1.));
#13662 = DIRECTION('',(-0.,-1.,0.));
#13663 = FACE_BOUND('',#13664,.T.);
#13664 = EDGE_LOOP('',(#13665));
#13665 = ORIENTED_EDGE('',*,*,#13666,.T.);
#13666 = EDGE_CURVE('',#13667,#13667,#13669,.T.);
#13667 = VERTEX_POINT('',#13668);
#13668 = CARTESIAN_POINT('',(128.24,-83.14,1.51));
#13669 = CIRCLE('',#13670,0.42);
#13670 = AXIS2_PLACEMENT_3D('',#13671,#13672,#13673);
#13671 = CARTESIAN_POINT('',(128.24,-82.72,1.51));
#13672 = DIRECTION('',(-0.,0.,-1.));
#13673 = DIRECTION('',(-0.,-1.,0.));
#13674 = FACE_BOUND('',#13675,.T.);
#13675 = EDGE_LOOP('',(#13676));
#13676 = ORIENTED_EDGE('',*,*,#13677,.T.);
#13677 = EDGE_CURVE('',#13678,#13678,#13680,.T.);
#13678 = VERTEX_POINT('',#13679);
#13679 = CARTESIAN_POINT('',(128.24,-80.6,1.51));
#13680 = CIRCLE('',#13681,0.42);
#13681 = AXIS2_PLACEMENT_3D('',#13682,#13683,#13684);
#13682 = CARTESIAN_POINT('',(128.24,-80.18,1.51));
#13683 = DIRECTION('',(-0.,0.,-1.));
#13684 = DIRECTION('',(-0.,-1.,0.));
#13685 = FACE_BOUND('',#13686,.T.);
#13686 = EDGE_LOOP('',(#13687));
#13687 = ORIENTED_EDGE('',*,*,#13688,.T.);
#13688 = EDGE_CURVE('',#13689,#13689,#13691,.T.);
#13689 = VERTEX_POINT('',#13690);
#13690 = CARTESIAN_POINT('',(128.24,-78.06,1.51));
#13691 = CIRCLE('',#13692,0.42);
#13692 = AXIS2_PLACEMENT_3D('',#13693,#13694,#13695);
#13693 = CARTESIAN_POINT('',(128.24,-77.64,1.51));
#13694 = DIRECTION('',(-0.,0.,-1.));
#13695 = DIRECTION('',(-0.,-1.,0.));
#13696 = FACE_BOUND('',#13697,.T.);
#13697 = EDGE_LOOP('',(#13698));
#13698 = ORIENTED_EDGE('',*,*,#13699,.T.);
#13699 = EDGE_CURVE('',#13700,#13700,#13702,.T.);
#13700 = VERTEX_POINT('',#13701);
#13701 = CARTESIAN_POINT('',(128.24,-75.52,1.51));
#13702 = CIRCLE('',#13703,0.42);
#13703 = AXIS2_PLACEMENT_3D('',#13704,#13705,#13706);
#13704 = CARTESIAN_POINT('',(128.24,-75.1,1.51));
#13705 = DIRECTION('',(-0.,0.,-1.));
#13706 = DIRECTION('',(-0.,-1.,0.));
#13707 = FACE_BOUND('',#13708,.T.);
#13708 = EDGE_LOOP('',(#13709));
#13709 = ORIENTED_EDGE('',*,*,#13710,.T.);
#13710 = EDGE_CURVE('',#13711,#13711,#13713,.T.);
#13711 = VERTEX_POINT('',#13712);
#13712 = CARTESIAN_POINT('',(143.,-93.9,1.51));
#13713 = CIRCLE('',#13714,0.4);
#13714 = AXIS2_PLACEMENT_3D('',#13715,#13716,#13717);
#13715 = CARTESIAN_POINT('',(143.,-93.5,1.51));
#13716 = DIRECTION('',(-0.,0.,-1.));
#13717 = DIRECTION('',(-0.,-1.,0.));
#13718 = FACE_BOUND('',#13719,.T.);
#13719 = EDGE_LOOP('',(#13720));
#13720 = ORIENTED_EDGE('',*,*,#13721,.T.);
#13721 = EDGE_CURVE('',#13722,#13722,#13724,.T.);
#13722 = VERTEX_POINT('',#13723);
#13723 = CARTESIAN_POINT('',(146.5,-94.5,1.51));
#13724 = CIRCLE('',#13725,0.5);
#13725 = AXIS2_PLACEMENT_3D('',#13726,#13727,#13728);
#13726 = CARTESIAN_POINT('',(146.5,-94.,1.51));
#13727 = DIRECTION('',(-0.,0.,-1.));
#13728 = DIRECTION('',(-0.,-1.,0.));
#13729 = FACE_BOUND('',#13730,.T.);
#13730 = EDGE_LOOP('',(#13731));
#13731 = ORIENTED_EDGE('',*,*,#13732,.T.);
#13732 = EDGE_CURVE('',#13733,#13733,#13735,.T.);
#13733 = VERTEX_POINT('',#13734);
#13734 = CARTESIAN_POINT('',(151.5,-94.5,1.51));
#13735 = CIRCLE('',#13736,0.5);
#13736 = AXIS2_PLACEMENT_3D('',#13737,#13738,#13739);
#13737 = CARTESIAN_POINT('',(151.5,-94.,1.51));
#13738 = DIRECTION('',(-0.,0.,-1.));
#13739 = DIRECTION('',(-0.,-1.,0.));
#13740 = FACE_BOUND('',#13741,.T.);
#13741 = EDGE_LOOP('',(#13742));
#13742 = ORIENTED_EDGE('',*,*,#13743,.T.);
#13743 = EDGE_CURVE('',#13744,#13744,#13746,.T.);
#13744 = VERTEX_POINT('',#13745);
#13745 = CARTESIAN_POINT('',(143.,-90.4,1.51));
#13746 = CIRCLE('',#13747,0.4);
#13747 = AXIS2_PLACEMENT_3D('',#13748,#13749,#13750);
#13748 = CARTESIAN_POINT('',(143.,-90.,1.51));
#13749 = DIRECTION('',(-0.,0.,-1.));
#13750 = DIRECTION('',(-0.,-1.,0.));
#13751 = FACE_BOUND('',#13752,.T.);
#13752 = EDGE_LOOP('',(#13753));
#13753 = ORIENTED_EDGE('',*,*,#13754,.T.);
#13754 = EDGE_CURVE('',#13755,#13755,#13757,.T.);
#13755 = VERTEX_POINT('',#13756);
#13756 = CARTESIAN_POINT('',(146.5,-89.,1.51));
#13757 = CIRCLE('',#13758,0.5);
#13758 = AXIS2_PLACEMENT_3D('',#13759,#13760,#13761);
#13759 = CARTESIAN_POINT('',(146.5,-88.5,1.51));
#13760 = DIRECTION('',(-0.,0.,-1.));
#13761 = DIRECTION('',(-0.,-1.,0.));
#13762 = FACE_BOUND('',#13763,.T.);
#13763 = EDGE_LOOP('',(#13764));
#13764 = ORIENTED_EDGE('',*,*,#13765,.T.);
#13765 = EDGE_CURVE('',#13766,#13766,#13768,.T.);
#13766 = VERTEX_POINT('',#13767);
#13767 = CARTESIAN_POINT('',(151.5,-89.,1.51));
#13768 = CIRCLE('',#13769,0.5);
#13769 = AXIS2_PLACEMENT_3D('',#13770,#13771,#13772);
#13770 = CARTESIAN_POINT('',(151.5,-88.5,1.51));
#13771 = DIRECTION('',(-0.,0.,-1.));
#13772 = DIRECTION('',(-0.,-1.,0.));
#13773 = FACE_BOUND('',#13774,.T.);
#13774 = EDGE_LOOP('',(#13775));
#13775 = ORIENTED_EDGE('',*,*,#13776,.T.);
#13776 = EDGE_CURVE('',#13777,#13777,#13779,.T.);
#13777 = VERTEX_POINT('',#13778);
#13778 = CARTESIAN_POINT('',(143.,-85.4,1.51));
#13779 = CIRCLE('',#13780,0.4);
#13780 = AXIS2_PLACEMENT_3D('',#13781,#13782,#13783);
#13781 = CARTESIAN_POINT('',(143.,-85.,1.51));
#13782 = DIRECTION('',(-0.,0.,-1.));
#13783 = DIRECTION('',(-0.,-1.,0.));
#13784 = PLANE('',#13785);
#13785 = AXIS2_PLACEMENT_3D('',#13786,#13787,#13788);
#13786 = CARTESIAN_POINT('',(0.,0.,1.51));
#13787 = DIRECTION('',(0.,0.,1.));
#13788 = DIRECTION('',(1.,0.,-0.));
#13789 = ADVANCED_FACE('',(#13790),#13796,.T.);
#13790 = FACE_BOUND('',#13791,.T.);
#13791 = EDGE_LOOP('',(#13792,#13793,#13794,#13795));
#13792 = ORIENTED_EDGE('',*,*,#12703,.T.);
#13793 = ORIENTED_EDGE('',*,*,#13261,.T.);
#13794 = ORIENTED_EDGE('',*,*,#12663,.F.);
#13795 = ORIENTED_EDGE('',*,*,#12727,.F.);
#13796 = PLANE('',#13797);
#13797 = AXIS2_PLACEMENT_3D('',#13798,#13799,#13800);
#13798 = CARTESIAN_POINT('',(110.5,-71.,0.));
#13799 = DIRECTION('',(0.,1.,0.));
#13800 = DIRECTION('',(1.,0.,0.));
#13801 = ADVANCED_FACE('',(#13802),#13813,.F.);
#13802 = FACE_BOUND('',#13803,.T.);
#13803 = EDGE_LOOP('',(#13804,#13805,#13811,#13812));
#13804 = ORIENTED_EDGE('',*,*,#12736,.T.);
#13805 = ORIENTED_EDGE('',*,*,#13806,.T.);
#13806 = EDGE_CURVE('',#12737,#13271,#13807,.T.);
#13807 = LINE('',#13808,#13809);
#13808 = CARTESIAN_POINT('',(113.,-117.215,-4.6E-02));
#13809 = VECTOR('',#13810,1.);
#13810 = DIRECTION('',(0.,0.,1.));
#13811 = ORIENTED_EDGE('',*,*,#13270,.F.);
#13812 = ORIENTED_EDGE('',*,*,#13806,.F.);
#13813 = CYLINDRICAL_SURFACE('',#13814,0.635);
#13814 = AXIS2_PLACEMENT_3D('',#13815,#13816,#13817);
#13815 = CARTESIAN_POINT('',(113.,-116.58,-4.6E-02));
#13816 = DIRECTION('',(-0.,-0.,-1.));
#13817 = DIRECTION('',(-0.,-1.,0.));
#13818 = ADVANCED_FACE('',(#13819),#13830,.F.);
#13819 = FACE_BOUND('',#13820,.T.);
#13820 = EDGE_LOOP('',(#13821,#13822,#13828,#13829));
#13821 = ORIENTED_EDGE('',*,*,#12747,.T.);
#13822 = ORIENTED_EDGE('',*,*,#13823,.T.);
#13823 = EDGE_CURVE('',#12748,#13282,#13824,.T.);
#13824 = LINE('',#13825,#13826);
#13825 = CARTESIAN_POINT('',(113.,-114.675,-4.6E-02));
#13826 = VECTOR('',#13827,1.);
#13827 = DIRECTION('',(0.,0.,1.));
#13828 = ORIENTED_EDGE('',*,*,#13281,.F.);
#13829 = ORIENTED_EDGE('',*,*,#13823,.F.);
#13830 = CYLINDRICAL_SURFACE('',#13831,0.635);
#13831 = AXIS2_PLACEMENT_3D('',#13832,#13833,#13834);
#13832 = CARTESIAN_POINT('',(113.,-114.04,-4.6E-02));
#13833 = DIRECTION('',(-0.,-0.,-1.));
#13834 = DIRECTION('',(-0.,-1.,0.));
#13835 = ADVANCED_FACE('',(#13836),#13847,.F.);
#13836 = FACE_BOUND('',#13837,.T.);
#13837 = EDGE_LOOP('',(#13838,#13839,#13845,#13846));
#13838 = ORIENTED_EDGE('',*,*,#12758,.T.);
#13839 = ORIENTED_EDGE('',*,*,#13840,.T.);
#13840 = EDGE_CURVE('',#12759,#13293,#13841,.T.);
#13841 = LINE('',#13842,#13843);
#13842 = CARTESIAN_POINT('',(113.,-112.135,-4.6E-02));
#13843 = VECTOR('',#13844,1.);
#13844 = DIRECTION('',(0.,0.,1.));
#13845 = ORIENTED_EDGE('',*,*,#13292,.F.);
#13846 = ORIENTED_EDGE('',*,*,#13840,.F.);
#13847 = CYLINDRICAL_SURFACE('',#13848,0.635);
#13848 = AXIS2_PLACEMENT_3D('',#13849,#13850,#13851);
#13849 = CARTESIAN_POINT('',(113.,-111.5,-4.6E-02));
#13850 = DIRECTION('',(-0.,-0.,-1.));
#13851 = DIRECTION('',(-0.,-1.,0.));
#13852 = ADVANCED_FACE('',(#13853),#13864,.F.);
#13853 = FACE_BOUND('',#13854,.T.);
#13854 = EDGE_LOOP('',(#13855,#13856,#13862,#13863));
#13855 = ORIENTED_EDGE('',*,*,#12769,.T.);
#13856 = ORIENTED_EDGE('',*,*,#13857,.T.);
#13857 = EDGE_CURVE('',#12770,#13304,#13858,.T.);
#13858 = LINE('',#13859,#13860);
#13859 = CARTESIAN_POINT('',(113.,-109.595,-4.6E-02));
#13860 = VECTOR('',#13861,1.);
#13861 = DIRECTION('',(0.,0.,1.));
#13862 = ORIENTED_EDGE('',*,*,#13303,.F.);
#13863 = ORIENTED_EDGE('',*,*,#13857,.F.);
#13864 = CYLINDRICAL_SURFACE('',#13865,0.635);
#13865 = AXIS2_PLACEMENT_3D('',#13866,#13867,#13868);
#13866 = CARTESIAN_POINT('',(113.,-108.96,-4.6E-02));
#13867 = DIRECTION('',(-0.,-0.,-1.));
#13868 = DIRECTION('',(-0.,-1.,0.));
#13869 = ADVANCED_FACE('',(#13870),#13881,.F.);
#13870 = FACE_BOUND('',#13871,.T.);
#13871 = EDGE_LOOP('',(#13872,#13873,#13879,#13880));
#13872 = ORIENTED_EDGE('',*,*,#12780,.T.);
#13873 = ORIENTED_EDGE('',*,*,#13874,.T.);
#13874 = EDGE_CURVE('',#12781,#13315,#13875,.T.);
#13875 = LINE('',#13876,#13877);
#13876 = CARTESIAN_POINT('',(124.76,-117.35,-4.6E-02));
#13877 = VECTOR('',#13878,1.);
#13878 = DIRECTION('',(0.,0.,1.));
#13879 = ORIENTED_EDGE('',*,*,#13314,.F.);
#13880 = ORIENTED_EDGE('',*,*,#13874,.F.);
#13881 = CYLINDRICAL_SURFACE('',#13882,1.6);
#13882 = AXIS2_PLACEMENT_3D('',#13883,#13884,#13885);
#13883 = CARTESIAN_POINT('',(124.76,-115.75,-4.6E-02));
#13884 = DIRECTION('',(-0.,0.,-1.));
#13885 = DIRECTION('',(8.881784197001E-15,-1.,-0.));
#13886 = ADVANCED_FACE('',(#13887),#13898,.F.);
#13887 = FACE_BOUND('',#13888,.T.);
#13888 = EDGE_LOOP('',(#13889,#13890,#13896,#13897));
#13889 = ORIENTED_EDGE('',*,*,#12791,.T.);
#13890 = ORIENTED_EDGE('',*,*,#13891,.T.);
#13891 = EDGE_CURVE('',#12792,#13326,#13892,.T.);
#13892 = LINE('',#13893,#13894);
#13893 = CARTESIAN_POINT('',(130.,-115.54,-4.6E-02));
#13894 = VECTOR('',#13895,1.);
#13895 = DIRECTION('',(0.,0.,1.));
#13896 = ORIENTED_EDGE('',*,*,#13325,.F.);
#13897 = ORIENTED_EDGE('',*,*,#13891,.F.);
#13898 = CYLINDRICAL_SURFACE('',#13899,0.5);
#13899 = AXIS2_PLACEMENT_3D('',#13900,#13901,#13902);
#13900 = CARTESIAN_POINT('',(130.,-115.04,-4.6E-02));
#13901 = DIRECTION('',(-0.,-0.,-1.));
#13902 = DIRECTION('',(-0.,-1.,0.));
#13903 = ADVANCED_FACE('',(#13904),#13915,.F.);
#13904 = FACE_BOUND('',#13905,.T.);
#13905 = EDGE_LOOP('',(#13906,#13907,#13913,#13914));
#13906 = ORIENTED_EDGE('',*,*,#12802,.T.);
#13907 = ORIENTED_EDGE('',*,*,#13908,.T.);
#13908 = EDGE_CURVE('',#12803,#13337,#13909,.T.);
#13909 = LINE('',#13910,#13911);
#13910 = CARTESIAN_POINT('',(130.,-113.,-4.6E-02));
#13911 = VECTOR('',#13912,1.);
#13912 = DIRECTION('',(0.,0.,1.));
#13913 = ORIENTED_EDGE('',*,*,#13336,.F.);
#13914 = ORIENTED_EDGE('',*,*,#13908,.F.);
#13915 = CYLINDRICAL_SURFACE('',#13916,0.5);
#13916 = AXIS2_PLACEMENT_3D('',#13917,#13918,#13919);
#13917 = CARTESIAN_POINT('',(130.,-112.5,-4.6E-02));
#13918 = DIRECTION('',(-0.,-0.,-1.));
#13919 = DIRECTION('',(-0.,-1.,0.));
#13920 = ADVANCED_FACE('',(#13921),#13932,.F.);
#13921 = FACE_BOUND('',#13922,.T.);
#13922 = EDGE_LOOP('',(#13923,#13924,#13930,#13931));
#13923 = ORIENTED_EDGE('',*,*,#12813,.T.);
#13924 = ORIENTED_EDGE('',*,*,#13925,.T.);
#13925 = EDGE_CURVE('',#12814,#13348,#13926,.T.);
#13926 = LINE('',#13927,#13928);
#13927 = CARTESIAN_POINT('',(131.86,-107.575,-4.6E-02));
#13928 = VECTOR('',#13929,1.);
#13929 = DIRECTION('',(0.,0.,1.));
#13930 = ORIENTED_EDGE('',*,*,#13347,.F.);
#13931 = ORIENTED_EDGE('',*,*,#13925,.F.);
#13932 = CYLINDRICAL_SURFACE('',#13933,0.375);
#13933 = AXIS2_PLACEMENT_3D('',#13934,#13935,#13936);
#13934 = CARTESIAN_POINT('',(131.86,-107.2,-4.6E-02));
#13935 = DIRECTION('',(-0.,-0.,-1.));
#13936 = DIRECTION('',(-0.,-1.,0.));
#13937 = ADVANCED_FACE('',(#13938),#13949,.F.);
#13938 = FACE_BOUND('',#13939,.T.);
#13939 = EDGE_LOOP('',(#13940,#13941,#13947,#13948));
#13940 = ORIENTED_EDGE('',*,*,#12824,.T.);
#13941 = ORIENTED_EDGE('',*,*,#13942,.T.);
#13942 = EDGE_CURVE('',#12825,#13359,#13943,.T.);
#13943 = LINE('',#13944,#13945);
#13944 = CARTESIAN_POINT('',(113.,-107.055,-4.6E-02));
#13945 = VECTOR('',#13946,1.);
#13946 = DIRECTION('',(0.,0.,1.));
#13947 = ORIENTED_EDGE('',*,*,#13358,.F.);
#13948 = ORIENTED_EDGE('',*,*,#13942,.F.);
#13949 = CYLINDRICAL_SURFACE('',#13950,0.635);
#13950 = AXIS2_PLACEMENT_3D('',#13951,#13952,#13953);
#13951 = CARTESIAN_POINT('',(113.,-106.42,-4.6E-02));
#13952 = DIRECTION('',(-0.,-0.,-1.));
#13953 = DIRECTION('',(-0.,-1.,0.));
#13954 = ADVANCED_FACE('',(#13955),#13966,.F.);
#13955 = FACE_BOUND('',#13956,.T.);
#13956 = EDGE_LOOP('',(#13957,#13958,#13964,#13965));
#13957 = ORIENTED_EDGE('',*,*,#12835,.T.);
#13958 = ORIENTED_EDGE('',*,*,#13959,.T.);
#13959 = EDGE_CURVE('',#12836,#13370,#13960,.T.);
#13960 = LINE('',#13961,#13962);
#13961 = CARTESIAN_POINT('',(113.,-104.515,-4.6E-02));
#13962 = VECTOR('',#13963,1.);
#13963 = DIRECTION('',(0.,0.,1.));
#13964 = ORIENTED_EDGE('',*,*,#13369,.F.);
#13965 = ORIENTED_EDGE('',*,*,#13959,.F.);
#13966 = CYLINDRICAL_SURFACE('',#13967,0.635);
#13967 = AXIS2_PLACEMENT_3D('',#13968,#13969,#13970);
#13968 = CARTESIAN_POINT('',(113.,-103.88,-4.6E-02));
#13969 = DIRECTION('',(-0.,-0.,-1.));
#13970 = DIRECTION('',(-0.,-1.,0.));
#13971 = ADVANCED_FACE('',(#13972),#13983,.F.);
#13972 = FACE_BOUND('',#13973,.T.);
#13973 = EDGE_LOOP('',(#13974,#13975,#13981,#13982));
#13974 = ORIENTED_EDGE('',*,*,#12846,.T.);
#13975 = ORIENTED_EDGE('',*,*,#13976,.T.);
#13976 = EDGE_CURVE('',#12847,#13381,#13977,.T.);
#13977 = LINE('',#13978,#13979);
#13978 = CARTESIAN_POINT('',(113.,-101.975,-4.6E-02));
#13979 = VECTOR('',#13980,1.);
#13980 = DIRECTION('',(0.,0.,1.));
#13981 = ORIENTED_EDGE('',*,*,#13380,.F.);
#13982 = ORIENTED_EDGE('',*,*,#13976,.F.);
#13983 = CYLINDRICAL_SURFACE('',#13984,0.635);
#13984 = AXIS2_PLACEMENT_3D('',#13985,#13986,#13987);
#13985 = CARTESIAN_POINT('',(113.,-101.34,-4.6E-02));
#13986 = DIRECTION('',(-0.,-0.,-1.));
#13987 = DIRECTION('',(-0.,-1.,0.));
#13988 = ADVANCED_FACE('',(#13989),#14000,.F.);
#13989 = FACE_BOUND('',#13990,.T.);
#13990 = EDGE_LOOP('',(#13991,#13992,#13998,#13999));
#13991 = ORIENTED_EDGE('',*,*,#12857,.T.);
#13992 = ORIENTED_EDGE('',*,*,#13993,.T.);
#13993 = EDGE_CURVE('',#12858,#13392,#13994,.T.);
#13994 = LINE('',#13995,#13996);
#13995 = CARTESIAN_POINT('',(113.,-99.435,-4.6E-02));
#13996 = VECTOR('',#13997,1.);
#13997 = DIRECTION('',(0.,0.,1.));
#13998 = ORIENTED_EDGE('',*,*,#13391,.F.);
#13999 = ORIENTED_EDGE('',*,*,#13993,.F.);
#14000 = CYLINDRICAL_SURFACE('',#14001,0.635);
#14001 = AXIS2_PLACEMENT_3D('',#14002,#14003,#14004);
#14002 = CARTESIAN_POINT('',(113.,-98.8,-4.6E-02));
#14003 = DIRECTION('',(-0.,-0.,-1.));
#14004 = DIRECTION('',(-0.,-1.,0.));
#14005 = ADVANCED_FACE('',(#14006),#14017,.F.);
#14006 = FACE_BOUND('',#14007,.T.);
#14007 = EDGE_LOOP('',(#14008,#14009,#14015,#14016));
#14008 = ORIENTED_EDGE('',*,*,#12868,.T.);
#14009 = ORIENTED_EDGE('',*,*,#14010,.T.);
#14010 = EDGE_CURVE('',#12869,#13403,#14011,.T.);
#14011 = LINE('',#14012,#14013);
#14012 = CARTESIAN_POINT('',(124.76,-101.23,-4.6E-02));
#14013 = VECTOR('',#14014,1.);
#14014 = DIRECTION('',(0.,0.,1.));
#14015 = ORIENTED_EDGE('',*,*,#13402,.F.);
#14016 = ORIENTED_EDGE('',*,*,#14010,.F.);
#14017 = CYLINDRICAL_SURFACE('',#14018,1.6);
#14018 = AXIS2_PLACEMENT_3D('',#14019,#14020,#14021);
#14019 = CARTESIAN_POINT('',(124.76,-99.63,-4.6E-02));
#14020 = DIRECTION('',(-0.,0.,-1.));
#14021 = DIRECTION('',(8.881784197001E-15,-1.,-0.));
#14022 = ADVANCED_FACE('',(#14023),#14034,.F.);
#14023 = FACE_BOUND('',#14024,.T.);
#14024 = EDGE_LOOP('',(#14025,#14026,#14032,#14033));
#14025 = ORIENTED_EDGE('',*,*,#12879,.T.);
#14026 = ORIENTED_EDGE('',*,*,#14027,.T.);
#14027 = EDGE_CURVE('',#12880,#13414,#14028,.T.);
#14028 = LINE('',#14029,#14030);
#14029 = CARTESIAN_POINT('',(138.,-116.4,-4.6E-02));
#14030 = VECTOR('',#14031,1.);
#14031 = DIRECTION('',(0.,0.,1.));
#14032 = ORIENTED_EDGE('',*,*,#13413,.F.);
#14033 = ORIENTED_EDGE('',*,*,#14027,.F.);
#14034 = CYLINDRICAL_SURFACE('',#14035,0.4);
#14035 = AXIS2_PLACEMENT_3D('',#14036,#14037,#14038);
#14036 = CARTESIAN_POINT('',(138.,-116.,-4.6E-02));
#14037 = DIRECTION('',(-0.,-0.,-1.));
#14038 = DIRECTION('',(-0.,-1.,0.));
#14039 = ADVANCED_FACE('',(#14040),#14051,.F.);
#14040 = FACE_BOUND('',#14041,.T.);
#14041 = EDGE_LOOP('',(#14042,#14043,#14049,#14050));
#14042 = ORIENTED_EDGE('',*,*,#12890,.T.);
#14043 = ORIENTED_EDGE('',*,*,#14044,.T.);
#14044 = EDGE_CURVE('',#12891,#13425,#14045,.T.);
#14045 = LINE('',#14046,#14047);
#14046 = CARTESIAN_POINT('',(142.,-116.4,-4.6E-02));
#14047 = VECTOR('',#14048,1.);
#14048 = DIRECTION('',(0.,0.,1.));
#14049 = ORIENTED_EDGE('',*,*,#13424,.F.);
#14050 = ORIENTED_EDGE('',*,*,#14044,.F.);
#14051 = CYLINDRICAL_SURFACE('',#14052,0.4);
#14052 = AXIS2_PLACEMENT_3D('',#14053,#14054,#14055);
#14053 = CARTESIAN_POINT('',(142.,-116.,-4.6E-02));
#14054 = DIRECTION('',(-0.,-0.,-1.));
#14055 = DIRECTION('',(-0.,-1.,0.));
#14056 = ADVANCED_FACE('',(#14057),#14068,.F.);
#14057 = FACE_BOUND('',#14058,.T.);
#14058 = EDGE_LOOP('',(#14059,#14060,#14066,#14067));
#14059 = ORIENTED_EDGE('',*,*,#12901,.T.);
#14060 = ORIENTED_EDGE('',*,*,#14061,.T.);
#14061 = EDGE_CURVE('',#12902,#13436,#14062,.T.);
#14062 = LINE('',#14063,#14064);
#14063 = CARTESIAN_POINT('',(133.13,-107.575,-4.6E-02));
#14064 = VECTOR('',#14065,1.);
#14065 = DIRECTION('',(0.,0.,1.));
#14066 = ORIENTED_EDGE('',*,*,#13435,.F.);
#14067 = ORIENTED_EDGE('',*,*,#14061,.F.);
#14068 = CYLINDRICAL_SURFACE('',#14069,0.375);
#14069 = AXIS2_PLACEMENT_3D('',#14070,#14071,#14072);
#14070 = CARTESIAN_POINT('',(133.13,-107.2,-4.6E-02));
#14071 = DIRECTION('',(-0.,-0.,-1.));
#14072 = DIRECTION('',(-0.,-1.,0.));
#14073 = ADVANCED_FACE('',(#14074),#14085,.F.);
#14074 = FACE_BOUND('',#14075,.T.);
#14075 = EDGE_LOOP('',(#14076,#14077,#14083,#14084));
#14076 = ORIENTED_EDGE('',*,*,#12912,.T.);
#14077 = ORIENTED_EDGE('',*,*,#14078,.T.);
#14078 = EDGE_CURVE('',#12913,#13447,#14079,.T.);
#14079 = LINE('',#14080,#14081);
#14080 = CARTESIAN_POINT('',(134.4,-107.575,-4.6E-02));
#14081 = VECTOR('',#14082,1.);
#14082 = DIRECTION('',(0.,0.,1.));
#14083 = ORIENTED_EDGE('',*,*,#13446,.F.);
#14084 = ORIENTED_EDGE('',*,*,#14078,.F.);
#14085 = CYLINDRICAL_SURFACE('',#14086,0.375);
#14086 = AXIS2_PLACEMENT_3D('',#14087,#14088,#14089);
#14087 = CARTESIAN_POINT('',(134.4,-107.2,-4.6E-02));
#14088 = DIRECTION('',(-0.,-0.,-1.));
#14089 = DIRECTION('',(-0.,-1.,0.));
#14090 = ADVANCED_FACE('',(#14091),#14102,.F.);
#14091 = FACE_BOUND('',#14092,.T.);
#14092 = EDGE_LOOP('',(#14093,#14094,#14100,#14101));
#14093 = ORIENTED_EDGE('',*,*,#12923,.T.);
#14094 = ORIENTED_EDGE('',*,*,#14095,.T.);
#14095 = EDGE_CURVE('',#12924,#13458,#14096,.T.);
#14096 = LINE('',#14097,#14098);
#14097 = CARTESIAN_POINT('',(141.96,-104.95,-4.6E-02));
#14098 = VECTOR('',#14099,1.);
#14099 = DIRECTION('',(0.,0.,1.));
#14100 = ORIENTED_EDGE('',*,*,#13457,.F.);
#14101 = ORIENTED_EDGE('',*,*,#14095,.F.);
#14102 = CYLINDRICAL_SURFACE('',#14103,0.45);
#14103 = AXIS2_PLACEMENT_3D('',#14104,#14105,#14106);
#14104 = CARTESIAN_POINT('',(141.96,-104.5,-4.6E-02));
#14105 = DIRECTION('',(-0.,0.,-1.));
#14106 = DIRECTION('',(6.315935428978E-14,-1.,-0.));
#14107 = ADVANCED_FACE('',(#14108),#14119,.F.);
#14108 = FACE_BOUND('',#14109,.T.);
#14109 = EDGE_LOOP('',(#14110,#14111,#14117,#14118));
#14110 = ORIENTED_EDGE('',*,*,#12934,.T.);
#14111 = ORIENTED_EDGE('',*,*,#14112,.T.);
#14112 = EDGE_CURVE('',#12935,#13469,#14113,.T.);
#14113 = LINE('',#14114,#14115);
#14114 = CARTESIAN_POINT('',(132.46,-99.,-4.6E-02));
#14115 = VECTOR('',#14116,1.);
#14116 = DIRECTION('',(0.,0.,1.));
#14117 = ORIENTED_EDGE('',*,*,#13468,.F.);
#14118 = ORIENTED_EDGE('',*,*,#14112,.F.);
#14119 = CYLINDRICAL_SURFACE('',#14120,0.5);
#14120 = AXIS2_PLACEMENT_3D('',#14121,#14122,#14123);
#14121 = CARTESIAN_POINT('',(132.46,-98.5,-4.6E-02));
#14122 = DIRECTION('',(-0.,-0.,-1.));
#14123 = DIRECTION('',(-0.,-1.,0.));
#14124 = ADVANCED_FACE('',(#14125),#14136,.F.);
#14125 = FACE_BOUND('',#14126,.T.);
#14126 = EDGE_LOOP('',(#14127,#14128,#14134,#14135));
#14127 = ORIENTED_EDGE('',*,*,#12945,.T.);
#14128 = ORIENTED_EDGE('',*,*,#14129,.T.);
#14129 = EDGE_CURVE('',#12946,#13480,#14130,.T.);
#14130 = LINE('',#14131,#14132);
#14131 = CARTESIAN_POINT('',(135.,-99.,-4.6E-02));
#14132 = VECTOR('',#14133,1.);
#14133 = DIRECTION('',(0.,0.,1.));
#14134 = ORIENTED_EDGE('',*,*,#13479,.F.);
#14135 = ORIENTED_EDGE('',*,*,#14129,.F.);
#14136 = CYLINDRICAL_SURFACE('',#14137,0.5);
#14137 = AXIS2_PLACEMENT_3D('',#14138,#14139,#14140);
#14138 = CARTESIAN_POINT('',(135.,-98.5,-4.6E-02));
#14139 = DIRECTION('',(-0.,-0.,-1.));
#14140 = DIRECTION('',(-0.,-1.,0.));
#14141 = ADVANCED_FACE('',(#14142),#14153,.F.);
#14142 = FACE_BOUND('',#14143,.T.);
#14143 = EDGE_LOOP('',(#14144,#14145,#14151,#14152));
#14144 = ORIENTED_EDGE('',*,*,#12956,.T.);
#14145 = ORIENTED_EDGE('',*,*,#14146,.T.);
#14146 = EDGE_CURVE('',#12957,#13491,#14147,.T.);
#14147 = LINE('',#14148,#14149);
#14148 = CARTESIAN_POINT('',(144.5,-104.95,-4.6E-02));
#14149 = VECTOR('',#14150,1.);
#14150 = DIRECTION('',(0.,0.,1.));
#14151 = ORIENTED_EDGE('',*,*,#13490,.F.);
#14152 = ORIENTED_EDGE('',*,*,#14146,.F.);
#14153 = CYLINDRICAL_SURFACE('',#14154,0.45);
#14154 = AXIS2_PLACEMENT_3D('',#14155,#14156,#14157);
#14155 = CARTESIAN_POINT('',(144.5,-104.5,-4.6E-02));
#14156 = DIRECTION('',(-0.,-0.,-1.));
#14157 = DIRECTION('',(-0.,-1.,0.));
#14158 = ADVANCED_FACE('',(#14159),#14170,.F.);
#14159 = FACE_BOUND('',#14160,.T.);
#14160 = EDGE_LOOP('',(#14161,#14162,#14168,#14169));
#14161 = ORIENTED_EDGE('',*,*,#12967,.T.);
#14162 = ORIENTED_EDGE('',*,*,#14163,.T.);
#14163 = EDGE_CURVE('',#12968,#13502,#14164,.T.);
#14164 = LINE('',#14165,#14166);
#14165 = CARTESIAN_POINT('',(146.5,-100.,-4.6E-02));
#14166 = VECTOR('',#14167,1.);
#14167 = DIRECTION('',(0.,0.,1.));
#14168 = ORIENTED_EDGE('',*,*,#13501,.F.);
#14169 = ORIENTED_EDGE('',*,*,#14163,.F.);
#14170 = CYLINDRICAL_SURFACE('',#14171,0.5);
#14171 = AXIS2_PLACEMENT_3D('',#14172,#14173,#14174);
#14172 = CARTESIAN_POINT('',(146.5,-99.5,-4.6E-02));
#14173 = DIRECTION('',(-0.,-0.,-1.));
#14174 = DIRECTION('',(-0.,-1.,0.));
#14175 = ADVANCED_FACE('',(#14176),#14187,.F.);
#14176 = FACE_BOUND('',#14177,.T.);
#14177 = EDGE_LOOP('',(#14178,#14179,#14185,#14186));
#14178 = ORIENTED_EDGE('',*,*,#12978,.T.);
#14179 = ORIENTED_EDGE('',*,*,#14180,.T.);
#14180 = EDGE_CURVE('',#12979,#13513,#14181,.T.);
#14181 = LINE('',#14182,#14183);
#14182 = CARTESIAN_POINT('',(143.,-98.9,-4.6E-02));
#14183 = VECTOR('',#14184,1.);
#14184 = DIRECTION('',(0.,0.,1.));
#14185 = ORIENTED_EDGE('',*,*,#13512,.F.);
#14186 = ORIENTED_EDGE('',*,*,#14180,.F.);
#14187 = CYLINDRICAL_SURFACE('',#14188,0.4);
#14188 = AXIS2_PLACEMENT_3D('',#14189,#14190,#14191);
#14189 = CARTESIAN_POINT('',(143.,-98.5,-4.6E-02));
#14190 = DIRECTION('',(-0.,-0.,-1.));
#14191 = DIRECTION('',(-0.,-1.,0.));
#14192 = ADVANCED_FACE('',(#14193),#14204,.F.);
#14193 = FACE_BOUND('',#14194,.T.);
#14194 = EDGE_LOOP('',(#14195,#14196,#14202,#14203));
#14195 = ORIENTED_EDGE('',*,*,#12989,.T.);
#14196 = ORIENTED_EDGE('',*,*,#14197,.T.);
#14197 = EDGE_CURVE('',#12990,#13524,#14198,.T.);
#14198 = LINE('',#14199,#14200);
#14199 = CARTESIAN_POINT('',(151.5,-100.,-4.6E-02));
#14200 = VECTOR('',#14201,1.);
#14201 = DIRECTION('',(0.,0.,1.));
#14202 = ORIENTED_EDGE('',*,*,#13523,.F.);
#14203 = ORIENTED_EDGE('',*,*,#14197,.F.);
#14204 = CYLINDRICAL_SURFACE('',#14205,0.5);
#14205 = AXIS2_PLACEMENT_3D('',#14206,#14207,#14208);
#14206 = CARTESIAN_POINT('',(151.5,-99.5,-4.6E-02));
#14207 = DIRECTION('',(-0.,-0.,-1.));
#14208 = DIRECTION('',(-0.,-1.,0.));
#14209 = ADVANCED_FACE('',(#14210),#14221,.F.);
#14210 = FACE_BOUND('',#14211,.T.);
#14211 = EDGE_LOOP('',(#14212,#14213,#14219,#14220));
#14212 = ORIENTED_EDGE('',*,*,#13000,.T.);
#14213 = ORIENTED_EDGE('',*,*,#14214,.T.);
#14214 = EDGE_CURVE('',#13001,#13535,#14215,.T.);
#14215 = LINE('',#14216,#14217);
#14216 = CARTESIAN_POINT('',(113.,-93.3,-4.6E-02));
#14217 = VECTOR('',#14218,1.);
#14218 = DIRECTION('',(0.,0.,1.));
#14219 = ORIENTED_EDGE('',*,*,#13534,.F.);
#14220 = ORIENTED_EDGE('',*,*,#14214,.F.);
#14221 = CYLINDRICAL_SURFACE('',#14222,0.42);
#14222 = AXIS2_PLACEMENT_3D('',#14223,#14224,#14225);
#14223 = CARTESIAN_POINT('',(113.,-92.88,-4.6E-02));
#14224 = DIRECTION('',(-0.,-0.,-1.));
#14225 = DIRECTION('',(-0.,-1.,0.));
#14226 = ADVANCED_FACE('',(#14227),#14238,.F.);
#14227 = FACE_BOUND('',#14228,.T.);
#14228 = EDGE_LOOP('',(#14229,#14230,#14236,#14237));
#14229 = ORIENTED_EDGE('',*,*,#13011,.T.);
#14230 = ORIENTED_EDGE('',*,*,#14231,.T.);
#14231 = EDGE_CURVE('',#13012,#13546,#14232,.T.);
#14232 = LINE('',#14233,#14234);
#14233 = CARTESIAN_POINT('',(113.,-90.76,-4.6E-02));
#14234 = VECTOR('',#14235,1.);
#14235 = DIRECTION('',(0.,0.,1.));
#14236 = ORIENTED_EDGE('',*,*,#13545,.F.);
#14237 = ORIENTED_EDGE('',*,*,#14231,.F.);
#14238 = CYLINDRICAL_SURFACE('',#14239,0.42);
#14239 = AXIS2_PLACEMENT_3D('',#14240,#14241,#14242);
#14240 = CARTESIAN_POINT('',(113.,-90.34,-4.6E-02));
#14241 = DIRECTION('',(-0.,-0.,-1.));
#14242 = DIRECTION('',(-0.,-1.,0.));
#14243 = ADVANCED_FACE('',(#14244),#14255,.F.);
#14244 = FACE_BOUND('',#14245,.T.);
#14245 = EDGE_LOOP('',(#14246,#14247,#14253,#14254));
#14246 = ORIENTED_EDGE('',*,*,#13022,.T.);
#14247 = ORIENTED_EDGE('',*,*,#14248,.T.);
#14248 = EDGE_CURVE('',#13023,#13557,#14249,.T.);
#14249 = LINE('',#14250,#14251);
#14250 = CARTESIAN_POINT('',(113.,-88.22,-4.6E-02));
#14251 = VECTOR('',#14252,1.);
#14252 = DIRECTION('',(0.,0.,1.));
#14253 = ORIENTED_EDGE('',*,*,#13556,.F.);
#14254 = ORIENTED_EDGE('',*,*,#14248,.F.);
#14255 = CYLINDRICAL_SURFACE('',#14256,0.42);
#14256 = AXIS2_PLACEMENT_3D('',#14257,#14258,#14259);
#14257 = CARTESIAN_POINT('',(113.,-87.8,-4.6E-02));
#14258 = DIRECTION('',(-0.,-0.,-1.));
#14259 = DIRECTION('',(-0.,-1.,0.));
#14260 = ADVANCED_FACE('',(#14261),#14272,.F.);
#14261 = FACE_BOUND('',#14262,.T.);
#14262 = EDGE_LOOP('',(#14263,#14264,#14270,#14271));
#14263 = ORIENTED_EDGE('',*,*,#13033,.T.);
#14264 = ORIENTED_EDGE('',*,*,#14265,.T.);
#14265 = EDGE_CURVE('',#13034,#13568,#14266,.T.);
#14266 = LINE('',#14267,#14268);
#14267 = CARTESIAN_POINT('',(128.24,-93.3,-4.6E-02));
#14268 = VECTOR('',#14269,1.);
#14269 = DIRECTION('',(0.,0.,1.));
#14270 = ORIENTED_EDGE('',*,*,#13567,.F.);
#14271 = ORIENTED_EDGE('',*,*,#14265,.F.);
#14272 = CYLINDRICAL_SURFACE('',#14273,0.42);
#14273 = AXIS2_PLACEMENT_3D('',#14274,#14275,#14276);
#14274 = CARTESIAN_POINT('',(128.24,-92.88,-4.6E-02));
#14275 = DIRECTION('',(-0.,-0.,-1.));
#14276 = DIRECTION('',(-0.,-1.,0.));
#14277 = ADVANCED_FACE('',(#14278),#14289,.F.);
#14278 = FACE_BOUND('',#14279,.T.);
#14279 = EDGE_LOOP('',(#14280,#14281,#14287,#14288));
#14280 = ORIENTED_EDGE('',*,*,#13044,.T.);
#14281 = ORIENTED_EDGE('',*,*,#14282,.T.);
#14282 = EDGE_CURVE('',#13045,#13579,#14283,.T.);
#14283 = LINE('',#14284,#14285);
#14284 = CARTESIAN_POINT('',(128.24,-90.76,-4.6E-02));
#14285 = VECTOR('',#14286,1.);
#14286 = DIRECTION('',(0.,0.,1.));
#14287 = ORIENTED_EDGE('',*,*,#13578,.F.);
#14288 = ORIENTED_EDGE('',*,*,#14282,.F.);
#14289 = CYLINDRICAL_SURFACE('',#14290,0.42);
#14290 = AXIS2_PLACEMENT_3D('',#14291,#14292,#14293);
#14291 = CARTESIAN_POINT('',(128.24,-90.34,-4.6E-02));
#14292 = DIRECTION('',(-0.,-0.,-1.));
#14293 = DIRECTION('',(-0.,-1.,0.));
#14294 = ADVANCED_FACE('',(#14295),#14306,.F.);
#14295 = FACE_BOUND('',#14296,.T.);
#14296 = EDGE_LOOP('',(#14297,#14298,#14304,#14305));
#14297 = ORIENTED_EDGE('',*,*,#13055,.T.);
#14298 = ORIENTED_EDGE('',*,*,#14299,.T.);
#14299 = EDGE_CURVE('',#13056,#13590,#14300,.T.);
#14300 = LINE('',#14301,#14302);
#14301 = CARTESIAN_POINT('',(128.24,-88.22,-4.6E-02));
#14302 = VECTOR('',#14303,1.);
#14303 = DIRECTION('',(0.,0.,1.));
#14304 = ORIENTED_EDGE('',*,*,#13589,.F.);
#14305 = ORIENTED_EDGE('',*,*,#14299,.F.);
#14306 = CYLINDRICAL_SURFACE('',#14307,0.42);
#14307 = AXIS2_PLACEMENT_3D('',#14308,#14309,#14310);
#14308 = CARTESIAN_POINT('',(128.24,-87.8,-4.6E-02));
#14309 = DIRECTION('',(-0.,-0.,-1.));
#14310 = DIRECTION('',(-0.,-1.,0.));
#14311 = ADVANCED_FACE('',(#14312),#14323,.F.);
#14312 = FACE_BOUND('',#14313,.T.);
#14313 = EDGE_LOOP('',(#14314,#14315,#14321,#14322));
#14314 = ORIENTED_EDGE('',*,*,#13066,.T.);
#14315 = ORIENTED_EDGE('',*,*,#14316,.T.);
#14316 = EDGE_CURVE('',#13067,#13601,#14317,.T.);
#14317 = LINE('',#14318,#14319);
#14318 = CARTESIAN_POINT('',(113.,-85.68,-4.6E-02));
#14319 = VECTOR('',#14320,1.);
#14320 = DIRECTION('',(0.,0.,1.));
#14321 = ORIENTED_EDGE('',*,*,#13600,.F.);
#14322 = ORIENTED_EDGE('',*,*,#14316,.F.);
#14323 = CYLINDRICAL_SURFACE('',#14324,0.42);
#14324 = AXIS2_PLACEMENT_3D('',#14325,#14326,#14327);
#14325 = CARTESIAN_POINT('',(113.,-85.26,-4.6E-02));
#14326 = DIRECTION('',(-0.,-0.,-1.));
#14327 = DIRECTION('',(-0.,-1.,0.));
#14328 = ADVANCED_FACE('',(#14329),#14340,.F.);
#14329 = FACE_BOUND('',#14330,.T.);
#14330 = EDGE_LOOP('',(#14331,#14332,#14338,#14339));
#14331 = ORIENTED_EDGE('',*,*,#13077,.T.);
#14332 = ORIENTED_EDGE('',*,*,#14333,.T.);
#14333 = EDGE_CURVE('',#13078,#13612,#14334,.T.);
#14334 = LINE('',#14335,#14336);
#14335 = CARTESIAN_POINT('',(113.,-83.14,-4.6E-02));
#14336 = VECTOR('',#14337,1.);
#14337 = DIRECTION('',(0.,0.,1.));
#14338 = ORIENTED_EDGE('',*,*,#13611,.F.);
#14339 = ORIENTED_EDGE('',*,*,#14333,.F.);
#14340 = CYLINDRICAL_SURFACE('',#14341,0.42);
#14341 = AXIS2_PLACEMENT_3D('',#14342,#14343,#14344);
#14342 = CARTESIAN_POINT('',(113.,-82.72,-4.6E-02));
#14343 = DIRECTION('',(-0.,-0.,-1.));
#14344 = DIRECTION('',(-0.,-1.,0.));
#14345 = ADVANCED_FACE('',(#14346),#14357,.F.);
#14346 = FACE_BOUND('',#14347,.T.);
#14347 = EDGE_LOOP('',(#14348,#14349,#14355,#14356));
#14348 = ORIENTED_EDGE('',*,*,#13088,.T.);
#14349 = ORIENTED_EDGE('',*,*,#14350,.T.);
#14350 = EDGE_CURVE('',#13089,#13623,#14351,.T.);
#14351 = LINE('',#14352,#14353);
#14352 = CARTESIAN_POINT('',(113.,-80.6,-4.6E-02));
#14353 = VECTOR('',#14354,1.);
#14354 = DIRECTION('',(0.,0.,1.));
#14355 = ORIENTED_EDGE('',*,*,#13622,.F.);
#14356 = ORIENTED_EDGE('',*,*,#14350,.F.);
#14357 = CYLINDRICAL_SURFACE('',#14358,0.42);
#14358 = AXIS2_PLACEMENT_3D('',#14359,#14360,#14361);
#14359 = CARTESIAN_POINT('',(113.,-80.18,-4.6E-02));
#14360 = DIRECTION('',(-0.,-0.,-1.));
#14361 = DIRECTION('',(-0.,-1.,0.));
#14362 = ADVANCED_FACE('',(#14363),#14374,.F.);
#14363 = FACE_BOUND('',#14364,.T.);
#14364 = EDGE_LOOP('',(#14365,#14366,#14372,#14373));
#14365 = ORIENTED_EDGE('',*,*,#13099,.T.);
#14366 = ORIENTED_EDGE('',*,*,#14367,.T.);
#14367 = EDGE_CURVE('',#13100,#13634,#14368,.T.);
#14368 = LINE('',#14369,#14370);
#14369 = CARTESIAN_POINT('',(113.,-78.06,-4.6E-02));
#14370 = VECTOR('',#14371,1.);
#14371 = DIRECTION('',(0.,0.,1.));
#14372 = ORIENTED_EDGE('',*,*,#13633,.F.);
#14373 = ORIENTED_EDGE('',*,*,#14367,.F.);
#14374 = CYLINDRICAL_SURFACE('',#14375,0.42);
#14375 = AXIS2_PLACEMENT_3D('',#14376,#14377,#14378);
#14376 = CARTESIAN_POINT('',(113.,-77.64,-4.6E-02));
#14377 = DIRECTION('',(-0.,-0.,-1.));
#14378 = DIRECTION('',(-0.,-1.,0.));
#14379 = ADVANCED_FACE('',(#14380),#14391,.F.);
#14380 = FACE_BOUND('',#14381,.T.);
#14381 = EDGE_LOOP('',(#14382,#14383,#14389,#14390));
#14382 = ORIENTED_EDGE('',*,*,#13110,.T.);
#14383 = ORIENTED_EDGE('',*,*,#14384,.T.);
#14384 = EDGE_CURVE('',#13111,#13645,#14385,.T.);
#14385 = LINE('',#14386,#14387);
#14386 = CARTESIAN_POINT('',(113.,-75.52,-4.6E-02));
#14387 = VECTOR('',#14388,1.);
#14388 = DIRECTION('',(0.,0.,1.));
#14389 = ORIENTED_EDGE('',*,*,#13644,.F.);
#14390 = ORIENTED_EDGE('',*,*,#14384,.F.);
#14391 = CYLINDRICAL_SURFACE('',#14392,0.42);
#14392 = AXIS2_PLACEMENT_3D('',#14393,#14394,#14395);
#14393 = CARTESIAN_POINT('',(113.,-75.1,-4.6E-02));
#14394 = DIRECTION('',(-0.,-0.,-1.));
#14395 = DIRECTION('',(-0.,-1.,0.));
#14396 = ADVANCED_FACE('',(#14397),#14408,.F.);
#14397 = FACE_BOUND('',#14398,.T.);
#14398 = EDGE_LOOP('',(#14399,#14400,#14406,#14407));
#14399 = ORIENTED_EDGE('',*,*,#13121,.T.);
#14400 = ORIENTED_EDGE('',*,*,#14401,.T.);
#14401 = EDGE_CURVE('',#13122,#13656,#14402,.T.);
#14402 = LINE('',#14403,#14404);
#14403 = CARTESIAN_POINT('',(128.24,-85.68,-4.6E-02));
#14404 = VECTOR('',#14405,1.);
#14405 = DIRECTION('',(0.,0.,1.));
#14406 = ORIENTED_EDGE('',*,*,#13655,.F.);
#14407 = ORIENTED_EDGE('',*,*,#14401,.F.);
#14408 = CYLINDRICAL_SURFACE('',#14409,0.42);
#14409 = AXIS2_PLACEMENT_3D('',#14410,#14411,#14412);
#14410 = CARTESIAN_POINT('',(128.24,-85.26,-4.6E-02));
#14411 = DIRECTION('',(-0.,-0.,-1.));
#14412 = DIRECTION('',(-0.,-1.,0.));
#14413 = ADVANCED_FACE('',(#14414),#14425,.F.);
#14414 = FACE_BOUND('',#14415,.T.);
#14415 = EDGE_LOOP('',(#14416,#14417,#14423,#14424));
#14416 = ORIENTED_EDGE('',*,*,#13132,.T.);
#14417 = ORIENTED_EDGE('',*,*,#14418,.T.);
#14418 = EDGE_CURVE('',#13133,#13667,#14419,.T.);
#14419 = LINE('',#14420,#14421);
#14420 = CARTESIAN_POINT('',(128.24,-83.14,-4.6E-02));
#14421 = VECTOR('',#14422,1.);
#14422 = DIRECTION('',(0.,0.,1.));
#14423 = ORIENTED_EDGE('',*,*,#13666,.F.);
#14424 = ORIENTED_EDGE('',*,*,#14418,.F.);
#14425 = CYLINDRICAL_SURFACE('',#14426,0.42);
#14426 = AXIS2_PLACEMENT_3D('',#14427,#14428,#14429);
#14427 = CARTESIAN_POINT('',(128.24,-82.72,-4.6E-02));
#14428 = DIRECTION('',(-0.,-0.,-1.));
#14429 = DIRECTION('',(-0.,-1.,0.));
#14430 = ADVANCED_FACE('',(#14431),#14442,.F.);
#14431 = FACE_BOUND('',#14432,.T.);
#14432 = EDGE_LOOP('',(#14433,#14434,#14440,#14441));
#14433 = ORIENTED_EDGE('',*,*,#13143,.T.);
#14434 = ORIENTED_EDGE('',*,*,#14435,.T.);
#14435 = EDGE_CURVE('',#13144,#13678,#14436,.T.);
#14436 = LINE('',#14437,#14438);
#14437 = CARTESIAN_POINT('',(128.24,-80.6,-4.6E-02));
#14438 = VECTOR('',#14439,1.);
#14439 = DIRECTION('',(0.,0.,1.));
#14440 = ORIENTED_EDGE('',*,*,#13677,.F.);
#14441 = ORIENTED_EDGE('',*,*,#14435,.F.);
#14442 = CYLINDRICAL_SURFACE('',#14443,0.42);
#14443 = AXIS2_PLACEMENT_3D('',#14444,#14445,#14446);
#14444 = CARTESIAN_POINT('',(128.24,-80.18,-4.6E-02));
#14445 = DIRECTION('',(-0.,-0.,-1.));
#14446 = DIRECTION('',(-0.,-1.,0.));
#14447 = ADVANCED_FACE('',(#14448),#14459,.F.);
#14448 = FACE_BOUND('',#14449,.T.);
#14449 = EDGE_LOOP('',(#14450,#14451,#14457,#14458));
#14450 = ORIENTED_EDGE('',*,*,#13154,.T.);
#14451 = ORIENTED_EDGE('',*,*,#14452,.T.);
#14452 = EDGE_CURVE('',#13155,#13689,#14453,.T.);
#14453 = LINE('',#14454,#14455);
#14454 = CARTESIAN_POINT('',(128.24,-78.06,-4.6E-02));
#14455 = VECTOR('',#14456,1.);
#14456 = DIRECTION('',(0.,0.,1.));
#14457 = ORIENTED_EDGE('',*,*,#13688,.F.);
#14458 = ORIENTED_EDGE('',*,*,#14452,.F.);
#14459 = CYLINDRICAL_SURFACE('',#14460,0.42);
#14460 = AXIS2_PLACEMENT_3D('',#14461,#14462,#14463);
#14461 = CARTESIAN_POINT('',(128.24,-77.64,-4.6E-02));
#14462 = DIRECTION('',(-0.,-0.,-1.));
#14463 = DIRECTION('',(-0.,-1.,0.));
#14464 = ADVANCED_FACE('',(#14465),#14476,.F.);
#14465 = FACE_BOUND('',#14466,.T.);
#14466 = EDGE_LOOP('',(#14467,#14468,#14474,#14475));
#14467 = ORIENTED_EDGE('',*,*,#13165,.T.);
#14468 = ORIENTED_EDGE('',*,*,#14469,.T.);
#14469 = EDGE_CURVE('',#13166,#13700,#14470,.T.);
#14470 = LINE('',#14471,#14472);
#14471 = CARTESIAN_POINT('',(128.24,-75.52,-4.6E-02));
#14472 = VECTOR('',#14473,1.);
#14473 = DIRECTION('',(0.,0.,1.));
#14474 = ORIENTED_EDGE('',*,*,#13699,.F.);
#14475 = ORIENTED_EDGE('',*,*,#14469,.F.);
#14476 = CYLINDRICAL_SURFACE('',#14477,0.42);
#14477 = AXIS2_PLACEMENT_3D('',#14478,#14479,#14480);
#14478 = CARTESIAN_POINT('',(128.24,-75.1,-4.6E-02));
#14479 = DIRECTION('',(-0.,-0.,-1.));
#14480 = DIRECTION('',(-0.,-1.,0.));
#14481 = ADVANCED_FACE('',(#14482),#14493,.F.);
#14482 = FACE_BOUND('',#14483,.T.);
#14483 = EDGE_LOOP('',(#14484,#14485,#14491,#14492));
#14484 = ORIENTED_EDGE('',*,*,#13176,.T.);
#14485 = ORIENTED_EDGE('',*,*,#14486,.T.);
#14486 = EDGE_CURVE('',#13177,#13711,#14487,.T.);
#14487 = LINE('',#14488,#14489);
#14488 = CARTESIAN_POINT('',(143.,-93.9,-4.6E-02));
#14489 = VECTOR('',#14490,1.);
#14490 = DIRECTION('',(0.,0.,1.));
#14491 = ORIENTED_EDGE('',*,*,#13710,.F.);
#14492 = ORIENTED_EDGE('',*,*,#14486,.F.);
#14493 = CYLINDRICAL_SURFACE('',#14494,0.4);
#14494 = AXIS2_PLACEMENT_3D('',#14495,#14496,#14497);
#14495 = CARTESIAN_POINT('',(143.,-93.5,-4.6E-02));
#14496 = DIRECTION('',(-0.,-0.,-1.));
#14497 = DIRECTION('',(-0.,-1.,0.));
#14498 = ADVANCED_FACE('',(#14499),#14510,.F.);
#14499 = FACE_BOUND('',#14500,.T.);
#14500 = EDGE_LOOP('',(#14501,#14502,#14508,#14509));
#14501 = ORIENTED_EDGE('',*,*,#13187,.T.);
#14502 = ORIENTED_EDGE('',*,*,#14503,.T.);
#14503 = EDGE_CURVE('',#13188,#13722,#14504,.T.);
#14504 = LINE('',#14505,#14506);
#14505 = CARTESIAN_POINT('',(146.5,-94.5,-4.6E-02));
#14506 = VECTOR('',#14507,1.);
#14507 = DIRECTION('',(0.,0.,1.));
#14508 = ORIENTED_EDGE('',*,*,#13721,.F.);
#14509 = ORIENTED_EDGE('',*,*,#14503,.F.);
#14510 = CYLINDRICAL_SURFACE('',#14511,0.5);
#14511 = AXIS2_PLACEMENT_3D('',#14512,#14513,#14514);
#14512 = CARTESIAN_POINT('',(146.5,-94.,-4.6E-02));
#14513 = DIRECTION('',(-0.,-0.,-1.));
#14514 = DIRECTION('',(-0.,-1.,0.));
#14515 = ADVANCED_FACE('',(#14516),#14527,.F.);
#14516 = FACE_BOUND('',#14517,.T.);
#14517 = EDGE_LOOP('',(#14518,#14519,#14525,#14526));
#14518 = ORIENTED_EDGE('',*,*,#13198,.T.);
#14519 = ORIENTED_EDGE('',*,*,#14520,.T.);
#14520 = EDGE_CURVE('',#13199,#13733,#14521,.T.);
#14521 = LINE('',#14522,#14523);
#14522 = CARTESIAN_POINT('',(151.5,-94.5,-4.6E-02));
#14523 = VECTOR('',#14524,1.);
#14524 = DIRECTION('',(0.,0.,1.));
#14525 = ORIENTED_EDGE('',*,*,#13732,.F.);
#14526 = ORIENTED_EDGE('',*,*,#14520,.F.);
#14527 = CYLINDRICAL_SURFACE('',#14528,0.5);
#14528 = AXIS2_PLACEMENT_3D('',#14529,#14530,#14531);
#14529 = CARTESIAN_POINT('',(151.5,-94.,-4.6E-02));
#14530 = DIRECTION('',(-0.,-0.,-1.));
#14531 = DIRECTION('',(-0.,-1.,0.));
#14532 = ADVANCED_FACE('',(#14533),#14544,.F.);
#14533 = FACE_BOUND('',#14534,.T.);
#14534 = EDGE_LOOP('',(#14535,#14536,#14542,#14543));
#14535 = ORIENTED_EDGE('',*,*,#13209,.T.);
#14536 = ORIENTED_EDGE('',*,*,#14537,.T.);
#14537 = EDGE_CURVE('',#13210,#13744,#14538,.T.);
#14538 = LINE('',#14539,#14540);
#14539 = CARTESIAN_POINT('',(143.,-90.4,-4.6E-02));
#14540 = VECTOR('',#14541,1.);
#14541 = DIRECTION('',(0.,0.,1.));
#14542 = ORIENTED_EDGE('',*,*,#13743,.F.);
#14543 = ORIENTED_EDGE('',*,*,#14537,.F.);
#14544 = CYLINDRICAL_SURFACE('',#14545,0.4);
#14545 = AXIS2_PLACEMENT_3D('',#14546,#14547,#14548);
#14546 = CARTESIAN_POINT('',(143.,-90.,-4.6E-02));
#14547 = DIRECTION('',(-0.,-0.,-1.));
#14548 = DIRECTION('',(-0.,-1.,0.));
#14549 = ADVANCED_FACE('',(#14550),#14561,.F.);
#14550 = FACE_BOUND('',#14551,.T.);
#14551 = EDGE_LOOP('',(#14552,#14553,#14559,#14560));
#14552 = ORIENTED_EDGE('',*,*,#13220,.T.);
#14553 = ORIENTED_EDGE('',*,*,#14554,.T.);
#14554 = EDGE_CURVE('',#13221,#13755,#14555,.T.);
#14555 = LINE('',#14556,#14557);
#14556 = CARTESIAN_POINT('',(146.5,-89.,-4.6E-02));
#14557 = VECTOR('',#14558,1.);
#14558 = DIRECTION('',(0.,0.,1.));
#14559 = ORIENTED_EDGE('',*,*,#13754,.F.);
#14560 = ORIENTED_EDGE('',*,*,#14554,.F.);
#14561 = CYLINDRICAL_SURFACE('',#14562,0.5);
#14562 = AXIS2_PLACEMENT_3D('',#14563,#14564,#14565);
#14563 = CARTESIAN_POINT('',(146.5,-88.5,-4.6E-02));
#14564 = DIRECTION('',(-0.,-0.,-1.));
#14565 = DIRECTION('',(-0.,-1.,0.));
#14566 = ADVANCED_FACE('',(#14567),#14578,.F.);
#14567 = FACE_BOUND('',#14568,.T.);
#14568 = EDGE_LOOP('',(#14569,#14570,#14576,#14577));
#14569 = ORIENTED_EDGE('',*,*,#13231,.T.);
#14570 = ORIENTED_EDGE('',*,*,#14571,.T.);
#14571 = EDGE_CURVE('',#13232,#13766,#14572,.T.);
#14572 = LINE('',#14573,#14574);
#14573 = CARTESIAN_POINT('',(151.5,-89.,-4.6E-02));
#14574 = VECTOR('',#14575,1.);
#14575 = DIRECTION('',(0.,0.,1.));
#14576 = ORIENTED_EDGE('',*,*,#13765,.F.);
#14577 = ORIENTED_EDGE('',*,*,#14571,.F.);
#14578 = CYLINDRICAL_SURFACE('',#14579,0.5);
#14579 = AXIS2_PLACEMENT_3D('',#14580,#14581,#14582);
#14580 = CARTESIAN_POINT('',(151.5,-88.5,-4.6E-02));
#14581 = DIRECTION('',(-0.,-0.,-1.));
#14582 = DIRECTION('',(-0.,-1.,0.));
#14583 = ADVANCED_FACE('',(#14584),#14595,.F.);
#14584 = FACE_BOUND('',#14585,.T.);
#14585 = EDGE_LOOP('',(#14586,#14587,#14593,#14594));
#14586 = ORIENTED_EDGE('',*,*,#13242,.T.);
#14587 = ORIENTED_EDGE('',*,*,#14588,.T.);
#14588 = EDGE_CURVE('',#13243,#13777,#14589,.T.);
#14589 = LINE('',#14590,#14591);
#14590 = CARTESIAN_POINT('',(143.,-85.4,-4.6E-02));
#14591 = VECTOR('',#14592,1.);
#14592 = DIRECTION('',(0.,0.,1.));
#14593 = ORIENTED_EDGE('',*,*,#13776,.F.);
#14594 = ORIENTED_EDGE('',*,*,#14588,.F.);
#14595 = CYLINDRICAL_SURFACE('',#14596,0.4);
#14596 = AXIS2_PLACEMENT_3D('',#14597,#14598,#14599);
#14597 = CARTESIAN_POINT('',(143.,-85.,-4.6E-02));
#14598 = DIRECTION('',(-0.,-0.,-1.));
#14599 = DIRECTION('',(-0.,-1.,0.));
#14600 = ( GEOMETRIC_REPRESENTATION_CONTEXT(3) 
GLOBAL_UNCERTAINTY_ASSIGNED_CONTEXT((#14604)) 
GLOBAL_UNIT_ASSIGNED_CONTEXT((#14601,#14602,#14603)) 
REPRESENTATION_CONTEXT('Context #1',
  '3D Context with UNIT and UNCERTAINTY') );
#14601 = ( LENGTH_UNIT() NAMED_UNIT(*) SI_UNIT(.MILLI.,.METRE.) );
#14602 = ( NAMED_UNIT(*) PLANE_ANGLE_UNIT() SI_UNIT($,.RADIAN.) );
#14603 = ( NAMED_UNIT(*) SI_UNIT($,.STERADIAN.) SOLID_ANGLE_UNIT() );
#14604 = UNCERTAINTY_MEASURE_WITH_UNIT(LENGTH_MEASURE(1.E-07),#14601,
  'distance_accuracy_value','confusion accuracy');
#14605 = CONTEXT_DEPENDENT_SHAPE_REPRESENTATION(#14606,#14608);
#14606 = ( REPRESENTATION_RELATIONSHIP('','',#12616,#10) 
REPRESENTATION_RELATIONSHIP_WITH_TRANSFORMATION(#14607) 
SHAPE_REPRESENTATION_RELATIONSHIP() );
#14607 = ITEM_DEFINED_TRANSFORMATION('','',#11,#79);
#14608 = PRODUCT_DEFINITION_SHAPE('Placement','Placement of an item',
  #14609);
#14609 = NEXT_ASSEMBLY_USAGE_OCCURRENCE('25','=>[0:1:1:18]','',#5,#12611
  ,$);
#14610 = PRODUCT_RELATED_PRODUCT_CATEGORY('part',$,(#12613));
#14611 = MECHANICAL_DESIGN_GEOMETRIC_PRESENTATION_REPRESENTATION('',(
    #14612,#14620,#14627,#14634,#14641,#14649,#14656,#14663,#14670,
    #14677,#14684,#14691,#14698,#14705,#14712,#14719,#14726,#14733,
    #14740),#5481);
#14612 = STYLED_ITEM('color',(#14613),#4971);
#14613 = PRESENTATION_STYLE_ASSIGNMENT((#14614));
#14614 = SURFACE_STYLE_USAGE(.BOTH.,#14615);
#14615 = SURFACE_SIDE_STYLE('',(#14616));
#14616 = SURFACE_STYLE_FILL_AREA(#14617);
#14617 = FILL_AREA_STYLE('',(#14618));
#14618 = FILL_AREA_STYLE_COLOUR('',#14619);
#14619 = COLOUR_RGB('',0.147999998088,0.145000001626,0.145000001626);
#14620 = STYLED_ITEM('color',(#14621),#5011);
#14621 = PRESENTATION_STYLE_ASSIGNMENT((#14622));
#14622 = SURFACE_STYLE_USAGE(.BOTH.,#14623);
#14623 = SURFACE_SIDE_STYLE('',(#14624));
#14624 = SURFACE_STYLE_FILL_AREA(#14625);
#14625 = FILL_AREA_STYLE('',(#14626));
#14626 = FILL_AREA_STYLE_COLOUR('',#14619);
#14627 = STYLED_ITEM('color',(#14628),#5035);
#14628 = PRESENTATION_STYLE_ASSIGNMENT((#14629));
#14629 = SURFACE_STYLE_USAGE(.BOTH.,#14630);
#14630 = SURFACE_SIDE_STYLE('',(#14631));
#14631 = SURFACE_STYLE_FILL_AREA(#14632);
#14632 = FILL_AREA_STYLE('',(#14633));
#14633 = FILL_AREA_STYLE_COLOUR('',#14619);
#14634 = STYLED_ITEM('color',(#14635),#5147);
#14635 = PRESENTATION_STYLE_ASSIGNMENT((#14636));
#14636 = SURFACE_STYLE_USAGE(.BOTH.,#14637);
#14637 = SURFACE_SIDE_STYLE('',(#14638));
#14638 = SURFACE_STYLE_FILL_AREA(#14639);
#14639 = FILL_AREA_STYLE('',(#14640));
#14640 = FILL_AREA_STYLE_COLOUR('',#14619);
#14641 = STYLED_ITEM('color',(#14642),#5157);
#14642 = PRESENTATION_STYLE_ASSIGNMENT((#14643));
#14643 = SURFACE_STYLE_USAGE(.BOTH.,#14644);
#14644 = SURFACE_SIDE_STYLE('',(#14645));
#14645 = SURFACE_STYLE_FILL_AREA(#14646);
#14646 = FILL_AREA_STYLE('',(#14647));
#14647 = FILL_AREA_STYLE_COLOUR('',#14648);
#14648 = COLOUR_RGB('',0.823999987314,0.819999987296,0.781000009244);
#14649 = STYLED_ITEM('color',(#14650),#5188);
#14650 = PRESENTATION_STYLE_ASSIGNMENT((#14651));
#14651 = SURFACE_STYLE_USAGE(.BOTH.,#14652);
#14652 = SURFACE_SIDE_STYLE('',(#14653));
#14653 = SURFACE_STYLE_FILL_AREA(#14654);
#14654 = FILL_AREA_STYLE('',(#14655));
#14655 = FILL_AREA_STYLE_COLOUR('',#14648);
#14656 = STYLED_ITEM('color',(#14657),#5212);
#14657 = PRESENTATION_STYLE_ASSIGNMENT((#14658));
#14658 = SURFACE_STYLE_USAGE(.BOTH.,#14659);
#14659 = SURFACE_SIDE_STYLE('',(#14660));
#14660 = SURFACE_STYLE_FILL_AREA(#14661);
#14661 = FILL_AREA_STYLE('',(#14662));
#14662 = FILL_AREA_STYLE_COLOUR('',#14648);
#14663 = STYLED_ITEM('color',(#14664),#5236);
#14664 = PRESENTATION_STYLE_ASSIGNMENT((#14665));
#14665 = SURFACE_STYLE_USAGE(.BOTH.,#14666);
#14666 = SURFACE_SIDE_STYLE('',(#14667));
#14667 = SURFACE_STYLE_FILL_AREA(#14668);
#14668 = FILL_AREA_STYLE('',(#14669));
#14669 = FILL_AREA_STYLE_COLOUR('',#14648);
#14670 = STYLED_ITEM('color',(#14671),#5253);
#14671 = PRESENTATION_STYLE_ASSIGNMENT((#14672));
#14672 = SURFACE_STYLE_USAGE(.BOTH.,#14673);
#14673 = SURFACE_SIDE_STYLE('',(#14674));
#14674 = SURFACE_STYLE_FILL_AREA(#14675);
#14675 = FILL_AREA_STYLE('',(#14676));
#14676 = FILL_AREA_STYLE_COLOUR('',#14648);
#14677 = STYLED_ITEM('color',(#14678),#5284);
#14678 = PRESENTATION_STYLE_ASSIGNMENT((#14679));
#14679 = SURFACE_STYLE_USAGE(.BOTH.,#14680);
#14680 = SURFACE_SIDE_STYLE('',(#14681));
#14681 = SURFACE_STYLE_FILL_AREA(#14682);
#14682 = FILL_AREA_STYLE('',(#14683));
#14683 = FILL_AREA_STYLE_COLOUR('',#14648);
#14684 = STYLED_ITEM('color',(#14685),#5308);
#14685 = PRESENTATION_STYLE_ASSIGNMENT((#14686));
#14686 = SURFACE_STYLE_USAGE(.BOTH.,#14687);
#14687 = SURFACE_SIDE_STYLE('',(#14688));
#14688 = SURFACE_STYLE_FILL_AREA(#14689);
#14689 = FILL_AREA_STYLE('',(#14690));
#14690 = FILL_AREA_STYLE_COLOUR('',#14648);
#14691 = STYLED_ITEM('color',(#14692),#5332);
#14692 = PRESENTATION_STYLE_ASSIGNMENT((#14693));
#14693 = SURFACE_STYLE_USAGE(.BOTH.,#14694);
#14694 = SURFACE_SIDE_STYLE('',(#14695));
#14695 = SURFACE_STYLE_FILL_AREA(#14696);
#14696 = FILL_AREA_STYLE('',(#14697));
#14697 = FILL_AREA_STYLE_COLOUR('',#14648);
#14698 = STYLED_ITEM('color',(#14699),#5349);
#14699 = PRESENTATION_STYLE_ASSIGNMENT((#14700));
#14700 = SURFACE_STYLE_USAGE(.BOTH.,#14701);
#14701 = SURFACE_SIDE_STYLE('',(#14702));
#14702 = SURFACE_STYLE_FILL_AREA(#14703);
#14703 = FILL_AREA_STYLE('',(#14704));
#14704 = FILL_AREA_STYLE_COLOUR('',#14648);
#14705 = STYLED_ITEM('color',(#14706),#5380);
#14706 = PRESENTATION_STYLE_ASSIGNMENT((#14707));
#14707 = SURFACE_STYLE_USAGE(.BOTH.,#14708);
#14708 = SURFACE_SIDE_STYLE('',(#14709));
#14709 = SURFACE_STYLE_FILL_AREA(#14710);
#14710 = FILL_AREA_STYLE('',(#14711));
#14711 = FILL_AREA_STYLE_COLOUR('',#14648);
#14712 = STYLED_ITEM('color',(#14713),#5404);
#14713 = PRESENTATION_STYLE_ASSIGNMENT((#14714));
#14714 = SURFACE_STYLE_USAGE(.BOTH.,#14715);
#14715 = SURFACE_SIDE_STYLE('',(#14716));
#14716 = SURFACE_STYLE_FILL_AREA(#14717);
#14717 = FILL_AREA_STYLE('',(#14718));
#14718 = FILL_AREA_STYLE_COLOUR('',#14648);
#14719 = STYLED_ITEM('color',(#14720),#5428);
#14720 = PRESENTATION_STYLE_ASSIGNMENT((#14721));
#14721 = SURFACE_STYLE_USAGE(.BOTH.,#14722);
#14722 = SURFACE_SIDE_STYLE('',(#14723));
#14723 = SURFACE_STYLE_FILL_AREA(#14724);
#14724 = FILL_AREA_STYLE('',(#14725));
#14725 = FILL_AREA_STYLE_COLOUR('',#14648);
#14726 = STYLED_ITEM('color',(#14727),#5445);
#14727 = PRESENTATION_STYLE_ASSIGNMENT((#14728));
#14728 = SURFACE_STYLE_USAGE(.BOTH.,#14729);
#14729 = SURFACE_SIDE_STYLE('',(#14730));
#14730 = SURFACE_STYLE_FILL_AREA(#14731);
#14731 = FILL_AREA_STYLE('',(#14732));
#14732 = FILL_AREA_STYLE_COLOUR('',#14648);
#14733 = STYLED_ITEM('color',(#14734),#5457);
#14734 = PRESENTATION_STYLE_ASSIGNMENT((#14735));
#14735 = SURFACE_STYLE_USAGE(.BOTH.,#14736);
#14736 = SURFACE_SIDE_STYLE('',(#14737));
#14737 = SURFACE_STYLE_FILL_AREA(#14738);
#14738 = FILL_AREA_STYLE('',(#14739));
#14739 = FILL_AREA_STYLE_COLOUR('',#14648);
#14740 = STYLED_ITEM('color',(#14741),#5469);
#14741 = PRESENTATION_STYLE_ASSIGNMENT((#14742));
#14742 = SURFACE_STYLE_USAGE(.BOTH.,#14743);
#14743 = SURFACE_SIDE_STYLE('',(#14744));
#14744 = SURFACE_STYLE_FILL_AREA(#14745);
#14745 = FILL_AREA_STYLE('',(#14746));
#14746 = FILL_AREA_STYLE_COLOUR('',#14648);
#14747 = MECHANICAL_DESIGN_GEOMETRIC_PRESENTATION_REPRESENTATION('',(
    #14748,#14757,#14766,#14775,#14784,#14793,#14802,#14811,#14820,
    #14829,#14838,#14847,#14856,#14865,#14874,#14883,#14892,#14901,
    #14910,#14919,#14928,#14937,#14946,#14955,#14964,#14973,#14982,
    #14991,#15000,#15009,#15018,#15027,#15036,#15045,#15054,#15063,
    #15072,#15081,#15090,#15099,#15108,#15117,#15126,#15135,#15144,
    #15153,#15162,#15171,#15180,#15189,#15198,#15207,#15216,#15225,
    #15234,#15243,#15252,#15261,#15270,#15279,#15288,#15297,#15306,
    #15315,#15324,#15333,#15342,#15351,#15360,#15369,#15378,#15387,
    #15396,#15405,#15414,#15423,#15432,#15441,#15450,#15459,#15468,
    #15477,#15486,#15495,#15504,#15513,#15522,#15531,#15540,#15549,
    #15558,#15567,#15576,#15585,#15594,#15603,#15612,#15621,#15630,
    #15639,#15648,#15657),#3189);
#14748 = STYLED_ITEM('color',(#14749),#122);
#14749 = PRESENTATION_STYLE_ASSIGNMENT((#14750,#14755));
#14750 = SURFACE_STYLE_USAGE(.BOTH.,#14751);
#14751 = SURFACE_SIDE_STYLE('',(#14752));
#14752 = SURFACE_STYLE_FILL_AREA(#14753);
#14753 = FILL_AREA_STYLE('',(#14754));
#14754 = FILL_AREA_STYLE_COLOUR('',#14619);
#14755 = CURVE_STYLE('',#14756,POSITIVE_LENGTH_MEASURE(0.1),#14619);
#14756 = DRAUGHTING_PRE_DEFINED_CURVE_FONT('continuous');
#14757 = STYLED_ITEM('color',(#14758),#160);
#14758 = PRESENTATION_STYLE_ASSIGNMENT((#14759,#14764));
#14759 = SURFACE_STYLE_USAGE(.BOTH.,#14760);
#14760 = SURFACE_SIDE_STYLE('',(#14761));
#14761 = SURFACE_STYLE_FILL_AREA(#14762);
#14762 = FILL_AREA_STYLE('',(#14763));
#14763 = FILL_AREA_STYLE_COLOUR('',#14619);
#14764 = CURVE_STYLE('',#14765,POSITIVE_LENGTH_MEASURE(0.1),#14619);
#14765 = DRAUGHTING_PRE_DEFINED_CURVE_FONT('continuous');
#14766 = STYLED_ITEM('color',(#14767),#223);
#14767 = PRESENTATION_STYLE_ASSIGNMENT((#14768,#14773));
#14768 = SURFACE_STYLE_USAGE(.BOTH.,#14769);
#14769 = SURFACE_SIDE_STYLE('',(#14770));
#14770 = SURFACE_STYLE_FILL_AREA(#14771);
#14771 = FILL_AREA_STYLE('',(#14772));
#14772 = FILL_AREA_STYLE_COLOUR('',#14619);
#14773 = CURVE_STYLE('',#14774,POSITIVE_LENGTH_MEASURE(0.1),#14619);
#14774 = DRAUGHTING_PRE_DEFINED_CURVE_FONT('continuous');
#14775 = STYLED_ITEM('color',(#14776),#246);
#14776 = PRESENTATION_STYLE_ASSIGNMENT((#14777,#14782));
#14777 = SURFACE_STYLE_USAGE(.BOTH.,#14778);
#14778 = SURFACE_SIDE_STYLE('',(#14779));
#14779 = SURFACE_STYLE_FILL_AREA(#14780);
#14780 = FILL_AREA_STYLE('',(#14781));
#14781 = FILL_AREA_STYLE_COLOUR('',#14619);
#14782 = CURVE_STYLE('',#14783,POSITIVE_LENGTH_MEASURE(0.1),#14619);
#14783 = DRAUGHTING_PRE_DEFINED_CURVE_FONT('continuous');
#14784 = STYLED_ITEM('color',(#14785),#275);
#14785 = PRESENTATION_STYLE_ASSIGNMENT((#14786,#14791));
#14786 = SURFACE_STYLE_USAGE(.BOTH.,#14787);
#14787 = SURFACE_SIDE_STYLE('',(#14788));
#14788 = SURFACE_STYLE_FILL_AREA(#14789);
#14789 = FILL_AREA_STYLE('',(#14790));
#14790 = FILL_AREA_STYLE_COLOUR('',#14619);
#14791 = CURVE_STYLE('',#14792,POSITIVE_LENGTH_MEASURE(0.1),#14619);
#14792 = DRAUGHTING_PRE_DEFINED_CURVE_FONT('continuous');
#14793 = STYLED_ITEM('color',(#14794),#298);
#14794 = PRESENTATION_STYLE_ASSIGNMENT((#14795,#14800));
#14795 = SURFACE_STYLE_USAGE(.BOTH.,#14796);
#14796 = SURFACE_SIDE_STYLE('',(#14797));
#14797 = SURFACE_STYLE_FILL_AREA(#14798);
#14798 = FILL_AREA_STYLE('',(#14799));
#14799 = FILL_AREA_STYLE_COLOUR('',#14619);
#14800 = CURVE_STYLE('',#14801,POSITIVE_LENGTH_MEASURE(0.1),#14619);
#14801 = DRAUGHTING_PRE_DEFINED_CURVE_FONT('continuous');
#14802 = STYLED_ITEM('color',(#14803),#369);
#14803 = PRESENTATION_STYLE_ASSIGNMENT((#14804,#14809));
#14804 = SURFACE_STYLE_USAGE(.BOTH.,#14805);
#14805 = SURFACE_SIDE_STYLE('',(#14806));
#14806 = SURFACE_STYLE_FILL_AREA(#14807);
#14807 = FILL_AREA_STYLE('',(#14808));
#14808 = FILL_AREA_STYLE_COLOUR('',#14619);
#14809 = CURVE_STYLE('',#14810,POSITIVE_LENGTH_MEASURE(0.1),#14619);
#14810 = DRAUGHTING_PRE_DEFINED_CURVE_FONT('continuous');
#14811 = STYLED_ITEM('color',(#14812),#424);
#14812 = PRESENTATION_STYLE_ASSIGNMENT((#14813,#14818));
#14813 = SURFACE_STYLE_USAGE(.BOTH.,#14814);
#14814 = SURFACE_SIDE_STYLE('',(#14815));
#14815 = SURFACE_STYLE_FILL_AREA(#14816);
#14816 = FILL_AREA_STYLE('',(#14817));
#14817 = FILL_AREA_STYLE_COLOUR('',#14619);
#14818 = CURVE_STYLE('',#14819,POSITIVE_LENGTH_MEASURE(0.1),#14619);
#14819 = DRAUGHTING_PRE_DEFINED_CURVE_FONT('continuous');
#14820 = STYLED_ITEM('color',(#14821),#447);
#14821 = PRESENTATION_STYLE_ASSIGNMENT((#14822,#14827));
#14822 = SURFACE_STYLE_USAGE(.BOTH.,#14823);
#14823 = SURFACE_SIDE_STYLE('',(#14824));
#14824 = SURFACE_STYLE_FILL_AREA(#14825);
#14825 = FILL_AREA_STYLE('',(#14826));
#14826 = FILL_AREA_STYLE_COLOUR('',#14619);
#14827 = CURVE_STYLE('',#14828,POSITIVE_LENGTH_MEASURE(0.1),#14619);
#14828 = DRAUGHTING_PRE_DEFINED_CURVE_FONT('continuous');
#14829 = STYLED_ITEM('color',(#14830),#470);
#14830 = PRESENTATION_STYLE_ASSIGNMENT((#14831,#14836));
#14831 = SURFACE_STYLE_USAGE(.BOTH.,#14832);
#14832 = SURFACE_SIDE_STYLE('',(#14833));
#14833 = SURFACE_STYLE_FILL_AREA(#14834);
#14834 = FILL_AREA_STYLE('',(#14835));
#14835 = FILL_AREA_STYLE_COLOUR('',#14619);
#14836 = CURVE_STYLE('',#14837,POSITIVE_LENGTH_MEASURE(0.1),#14619);
#14837 = DRAUGHTING_PRE_DEFINED_CURVE_FONT('continuous');
#14838 = STYLED_ITEM('color',(#14839),#487);
#14839 = PRESENTATION_STYLE_ASSIGNMENT((#14840,#14845));
#14840 = SURFACE_STYLE_USAGE(.BOTH.,#14841);
#14841 = SURFACE_SIDE_STYLE('',(#14842));
#14842 = SURFACE_STYLE_FILL_AREA(#14843);
#14843 = FILL_AREA_STYLE('',(#14844));
#14844 = FILL_AREA_STYLE_COLOUR('',#14619);
#14845 = CURVE_STYLE('',#14846,POSITIVE_LENGTH_MEASURE(0.1),#14619);
#14846 = DRAUGHTING_PRE_DEFINED_CURVE_FONT('continuous');
#14847 = STYLED_ITEM('color',(#14848),#510);
#14848 = PRESENTATION_STYLE_ASSIGNMENT((#14849,#14854));
#14849 = SURFACE_STYLE_USAGE(.BOTH.,#14850);
#14850 = SURFACE_SIDE_STYLE('',(#14851));
#14851 = SURFACE_STYLE_FILL_AREA(#14852);
#14852 = FILL_AREA_STYLE('',(#14853));
#14853 = FILL_AREA_STYLE_COLOUR('',#14619);
#14854 = CURVE_STYLE('',#14855,POSITIVE_LENGTH_MEASURE(0.1),#14619);
#14855 = DRAUGHTING_PRE_DEFINED_CURVE_FONT('continuous');
#14856 = STYLED_ITEM('color',(#14857),#598);
#14857 = PRESENTATION_STYLE_ASSIGNMENT((#14858,#14863));
#14858 = SURFACE_STYLE_USAGE(.BOTH.,#14859);
#14859 = SURFACE_SIDE_STYLE('',(#14860));
#14860 = SURFACE_STYLE_FILL_AREA(#14861);
#14861 = FILL_AREA_STYLE('',(#14862));
#14862 = FILL_AREA_STYLE_COLOUR('',#14619);
#14863 = CURVE_STYLE('',#14864,POSITIVE_LENGTH_MEASURE(0.1),#14619);
#14864 = DRAUGHTING_PRE_DEFINED_CURVE_FONT('continuous');
#14865 = STYLED_ITEM('color',(#14866),#614);
#14866 = PRESENTATION_STYLE_ASSIGNMENT((#14867,#14872));
#14867 = SURFACE_STYLE_USAGE(.BOTH.,#14868);
#14868 = SURFACE_SIDE_STYLE('',(#14869));
#14869 = SURFACE_STYLE_FILL_AREA(#14870);
#14870 = FILL_AREA_STYLE('',(#14871));
#14871 = FILL_AREA_STYLE_COLOUR('',#14619);
#14872 = CURVE_STYLE('',#14873,POSITIVE_LENGTH_MEASURE(0.1),#14619);
#14873 = DRAUGHTING_PRE_DEFINED_CURVE_FONT('continuous');
#14874 = STYLED_ITEM('color',(#14875),#644);
#14875 = PRESENTATION_STYLE_ASSIGNMENT((#14876,#14881));
#14876 = SURFACE_STYLE_USAGE(.BOTH.,#14877);
#14877 = SURFACE_SIDE_STYLE('',(#14878));
#14878 = SURFACE_STYLE_FILL_AREA(#14879);
#14879 = FILL_AREA_STYLE('',(#14880));
#14880 = FILL_AREA_STYLE_COLOUR('',#14648);
#14881 = CURVE_STYLE('',#14882,POSITIVE_LENGTH_MEASURE(0.1),#14648);
#14882 = DRAUGHTING_PRE_DEFINED_CURVE_FONT('continuous');
#14883 = STYLED_ITEM('color',(#14884),#675);
#14884 = PRESENTATION_STYLE_ASSIGNMENT((#14885,#14890));
#14885 = SURFACE_STYLE_USAGE(.BOTH.,#14886);
#14886 = SURFACE_SIDE_STYLE('',(#14887));
#14887 = SURFACE_STYLE_FILL_AREA(#14888);
#14888 = FILL_AREA_STYLE('',(#14889));
#14889 = FILL_AREA_STYLE_COLOUR('',#14619);
#14890 = CURVE_STYLE('',#14891,POSITIVE_LENGTH_MEASURE(0.1),#14619);
#14891 = DRAUGHTING_PRE_DEFINED_CURVE_FONT('continuous');
#14892 = STYLED_ITEM('color',(#14893),#706);
#14893 = PRESENTATION_STYLE_ASSIGNMENT((#14894,#14899));
#14894 = SURFACE_STYLE_USAGE(.BOTH.,#14895);
#14895 = SURFACE_SIDE_STYLE('',(#14896));
#14896 = SURFACE_STYLE_FILL_AREA(#14897);
#14897 = FILL_AREA_STYLE('',(#14898));
#14898 = FILL_AREA_STYLE_COLOUR('',#14648);
#14899 = CURVE_STYLE('',#14900,POSITIVE_LENGTH_MEASURE(0.1),#14648);
#14900 = DRAUGHTING_PRE_DEFINED_CURVE_FONT('continuous');
#14901 = STYLED_ITEM('color',(#14902),#737);
#14902 = PRESENTATION_STYLE_ASSIGNMENT((#14903,#14908));
#14903 = SURFACE_STYLE_USAGE(.BOTH.,#14904);
#14904 = SURFACE_SIDE_STYLE('',(#14905));
#14905 = SURFACE_STYLE_FILL_AREA(#14906);
#14906 = FILL_AREA_STYLE('',(#14907));
#14907 = FILL_AREA_STYLE_COLOUR('',#14619);
#14908 = CURVE_STYLE('',#14909,POSITIVE_LENGTH_MEASURE(0.1),#14619);
#14909 = DRAUGHTING_PRE_DEFINED_CURVE_FONT('continuous');
#14910 = STYLED_ITEM('color',(#14911),#768);
#14911 = PRESENTATION_STYLE_ASSIGNMENT((#14912,#14917));
#14912 = SURFACE_STYLE_USAGE(.BOTH.,#14913);
#14913 = SURFACE_SIDE_STYLE('',(#14914));
#14914 = SURFACE_STYLE_FILL_AREA(#14915);
#14915 = FILL_AREA_STYLE('',(#14916));
#14916 = FILL_AREA_STYLE_COLOUR('',#14648);
#14917 = CURVE_STYLE('',#14918,POSITIVE_LENGTH_MEASURE(0.1),#14648);
#14918 = DRAUGHTING_PRE_DEFINED_CURVE_FONT('continuous');
#14919 = STYLED_ITEM('color',(#14920),#799);
#14920 = PRESENTATION_STYLE_ASSIGNMENT((#14921,#14926));
#14921 = SURFACE_STYLE_USAGE(.BOTH.,#14922);
#14922 = SURFACE_SIDE_STYLE('',(#14923));
#14923 = SURFACE_STYLE_FILL_AREA(#14924);
#14924 = FILL_AREA_STYLE('',(#14925));
#14925 = FILL_AREA_STYLE_COLOUR('',#14619);
#14926 = CURVE_STYLE('',#14927,POSITIVE_LENGTH_MEASURE(0.1),#14619);
#14927 = DRAUGHTING_PRE_DEFINED_CURVE_FONT('continuous');
#14928 = STYLED_ITEM('color',(#14929),#816);
#14929 = PRESENTATION_STYLE_ASSIGNMENT((#14930,#14935));
#14930 = SURFACE_STYLE_USAGE(.BOTH.,#14931);
#14931 = SURFACE_SIDE_STYLE('',(#14932));
#14932 = SURFACE_STYLE_FILL_AREA(#14933);
#14933 = FILL_AREA_STYLE('',(#14934));
#14934 = FILL_AREA_STYLE_COLOUR('',#14619);
#14935 = CURVE_STYLE('',#14936,POSITIVE_LENGTH_MEASURE(0.1),#14619);
#14936 = DRAUGHTING_PRE_DEFINED_CURVE_FONT('continuous');
#14937 = STYLED_ITEM('color',(#14938),#833);
#14938 = PRESENTATION_STYLE_ASSIGNMENT((#14939,#14944));
#14939 = SURFACE_STYLE_USAGE(.BOTH.,#14940);
#14940 = SURFACE_SIDE_STYLE('',(#14941));
#14941 = SURFACE_STYLE_FILL_AREA(#14942);
#14942 = FILL_AREA_STYLE('',(#14943));
#14943 = FILL_AREA_STYLE_COLOUR('',#14648);
#14944 = CURVE_STYLE('',#14945,POSITIVE_LENGTH_MEASURE(0.1),#14648);
#14945 = DRAUGHTING_PRE_DEFINED_CURVE_FONT('continuous');
#14946 = STYLED_ITEM('color',(#14947),#864);
#14947 = PRESENTATION_STYLE_ASSIGNMENT((#14948,#14953));
#14948 = SURFACE_STYLE_USAGE(.BOTH.,#14949);
#14949 = SURFACE_SIDE_STYLE('',(#14950));
#14950 = SURFACE_STYLE_FILL_AREA(#14951);
#14951 = FILL_AREA_STYLE('',(#14952));
#14952 = FILL_AREA_STYLE_COLOUR('',#14619);
#14953 = CURVE_STYLE('',#14954,POSITIVE_LENGTH_MEASURE(0.1),#14619);
#14954 = DRAUGHTING_PRE_DEFINED_CURVE_FONT('continuous');
#14955 = STYLED_ITEM('color',(#14956),#895);
#14956 = PRESENTATION_STYLE_ASSIGNMENT((#14957,#14962));
#14957 = SURFACE_STYLE_USAGE(.BOTH.,#14958);
#14958 = SURFACE_SIDE_STYLE('',(#14959));
#14959 = SURFACE_STYLE_FILL_AREA(#14960);
#14960 = FILL_AREA_STYLE('',(#14961));
#14961 = FILL_AREA_STYLE_COLOUR('',#14648);
#14962 = CURVE_STYLE('',#14963,POSITIVE_LENGTH_MEASURE(0.1),#14648);
#14963 = DRAUGHTING_PRE_DEFINED_CURVE_FONT('continuous');
#14964 = STYLED_ITEM('color',(#14965),#926);
#14965 = PRESENTATION_STYLE_ASSIGNMENT((#14966,#14971));
#14966 = SURFACE_STYLE_USAGE(.BOTH.,#14967);
#14967 = SURFACE_SIDE_STYLE('',(#14968));
#14968 = SURFACE_STYLE_FILL_AREA(#14969);
#14969 = FILL_AREA_STYLE('',(#14970));
#14970 = FILL_AREA_STYLE_COLOUR('',#14619);
#14971 = CURVE_STYLE('',#14972,POSITIVE_LENGTH_MEASURE(0.1),#14619);
#14972 = DRAUGHTING_PRE_DEFINED_CURVE_FONT('continuous');
#14973 = STYLED_ITEM('color',(#14974),#956);
#14974 = PRESENTATION_STYLE_ASSIGNMENT((#14975,#14980));
#14975 = SURFACE_STYLE_USAGE(.BOTH.,#14976);
#14976 = SURFACE_SIDE_STYLE('',(#14977));
#14977 = SURFACE_STYLE_FILL_AREA(#14978);
#14978 = FILL_AREA_STYLE('',(#14979));
#14979 = FILL_AREA_STYLE_COLOUR('',#14619);
#14980 = CURVE_STYLE('',#14981,POSITIVE_LENGTH_MEASURE(0.1),#14619);
#14981 = DRAUGHTING_PRE_DEFINED_CURVE_FONT('continuous');
#14982 = STYLED_ITEM('color',(#14983),#979);
#14983 = PRESENTATION_STYLE_ASSIGNMENT((#14984,#14989));
#14984 = SURFACE_STYLE_USAGE(.BOTH.,#14985);
#14985 = SURFACE_SIDE_STYLE('',(#14986));
#14986 = SURFACE_STYLE_FILL_AREA(#14987);
#14987 = FILL_AREA_STYLE('',(#14988));
#14988 = FILL_AREA_STYLE_COLOUR('',#14619);
#14989 = CURVE_STYLE('',#14990,POSITIVE_LENGTH_MEASURE(0.1),#14619);
#14990 = DRAUGHTING_PRE_DEFINED_CURVE_FONT('continuous');
#14991 = STYLED_ITEM('color',(#14992),#1002);
#14992 = PRESENTATION_STYLE_ASSIGNMENT((#14993,#14998));
#14993 = SURFACE_STYLE_USAGE(.BOTH.,#14994);
#14994 = SURFACE_SIDE_STYLE('',(#14995));
#14995 = SURFACE_STYLE_FILL_AREA(#14996);
#14996 = FILL_AREA_STYLE('',(#14997));
#14997 = FILL_AREA_STYLE_COLOUR('',#14619);
#14998 = CURVE_STYLE('',#14999,POSITIVE_LENGTH_MEASURE(0.1),#14619);
#14999 = DRAUGHTING_PRE_DEFINED_CURVE_FONT('continuous');
#15000 = STYLED_ITEM('color',(#15001),#1019);
#15001 = PRESENTATION_STYLE_ASSIGNMENT((#15002,#15007));
#15002 = SURFACE_STYLE_USAGE(.BOTH.,#15003);
#15003 = SURFACE_SIDE_STYLE('',(#15004));
#15004 = SURFACE_STYLE_FILL_AREA(#15005);
#15005 = FILL_AREA_STYLE('',(#15006));
#15006 = FILL_AREA_STYLE_COLOUR('',#14648);
#15007 = CURVE_STYLE('',#15008,POSITIVE_LENGTH_MEASURE(0.1),#14648);
#15008 = DRAUGHTING_PRE_DEFINED_CURVE_FONT('continuous');
#15009 = STYLED_ITEM('color',(#15010),#1064);
#15010 = PRESENTATION_STYLE_ASSIGNMENT((#15011,#15016));
#15011 = SURFACE_STYLE_USAGE(.BOTH.,#15012);
#15012 = SURFACE_SIDE_STYLE('',(#15013));
#15013 = SURFACE_STYLE_FILL_AREA(#15014);
#15014 = FILL_AREA_STYLE('',(#15015));
#15015 = FILL_AREA_STYLE_COLOUR('',#14619);
#15016 = CURVE_STYLE('',#15017,POSITIVE_LENGTH_MEASURE(0.1),#14619);
#15017 = DRAUGHTING_PRE_DEFINED_CURVE_FONT('continuous');
#15018 = STYLED_ITEM('color',(#15019),#1134);
#15019 = PRESENTATION_STYLE_ASSIGNMENT((#15020,#15025));
#15020 = SURFACE_STYLE_USAGE(.BOTH.,#15021);
#15021 = SURFACE_SIDE_STYLE('',(#15022));
#15022 = SURFACE_STYLE_FILL_AREA(#15023);
#15023 = FILL_AREA_STYLE('',(#15024));
#15024 = FILL_AREA_STYLE_COLOUR('',#14619);
#15025 = CURVE_STYLE('',#15026,POSITIVE_LENGTH_MEASURE(0.1),#14619);
#15026 = DRAUGHTING_PRE_DEFINED_CURVE_FONT('continuous');
#15027 = STYLED_ITEM('color',(#15028),#1157);
#15028 = PRESENTATION_STYLE_ASSIGNMENT((#15029,#15034));
#15029 = SURFACE_STYLE_USAGE(.BOTH.,#15030);
#15030 = SURFACE_SIDE_STYLE('',(#15031));
#15031 = SURFACE_STYLE_FILL_AREA(#15032);
#15032 = FILL_AREA_STYLE('',(#15033));
#15033 = FILL_AREA_STYLE_COLOUR('',#14619);
#15034 = CURVE_STYLE('',#15035,POSITIVE_LENGTH_MEASURE(0.1),#14619);
#15035 = DRAUGHTING_PRE_DEFINED_CURVE_FONT('continuous');
#15036 = STYLED_ITEM('color',(#15037),#1180);
#15037 = PRESENTATION_STYLE_ASSIGNMENT((#15038,#15043));
#15038 = SURFACE_STYLE_USAGE(.BOTH.,#15039);
#15039 = SURFACE_SIDE_STYLE('',(#15040));
#15040 = SURFACE_STYLE_FILL_AREA(#15041);
#15041 = FILL_AREA_STYLE('',(#15042));
#15042 = FILL_AREA_STYLE_COLOUR('',#14619);
#15043 = CURVE_STYLE('',#15044,POSITIVE_LENGTH_MEASURE(0.1),#14619);
#15044 = DRAUGHTING_PRE_DEFINED_CURVE_FONT('continuous');
#15045 = STYLED_ITEM('color',(#15046),#1203);
#15046 = PRESENTATION_STYLE_ASSIGNMENT((#15047,#15052));
#15047 = SURFACE_STYLE_USAGE(.BOTH.,#15048);
#15048 = SURFACE_SIDE_STYLE('',(#15049));
#15049 = SURFACE_STYLE_FILL_AREA(#15050);
#15050 = FILL_AREA_STYLE('',(#15051));
#15051 = FILL_AREA_STYLE_COLOUR('',#14619);
#15052 = CURVE_STYLE('',#15053,POSITIVE_LENGTH_MEASURE(0.1),#14619);
#15053 = DRAUGHTING_PRE_DEFINED_CURVE_FONT('continuous');
#15054 = STYLED_ITEM('color',(#15055),#1258);
#15055 = PRESENTATION_STYLE_ASSIGNMENT((#15056,#15061));
#15056 = SURFACE_STYLE_USAGE(.BOTH.,#15057);
#15057 = SURFACE_SIDE_STYLE('',(#15058));
#15058 = SURFACE_STYLE_FILL_AREA(#15059);
#15059 = FILL_AREA_STYLE('',(#15060));
#15060 = FILL_AREA_STYLE_COLOUR('',#14648);
#15061 = CURVE_STYLE('',#15062,POSITIVE_LENGTH_MEASURE(0.1),#14648);
#15062 = DRAUGHTING_PRE_DEFINED_CURVE_FONT('continuous');
#15063 = STYLED_ITEM('color',(#15064),#1296);
#15064 = PRESENTATION_STYLE_ASSIGNMENT((#15065,#15070));
#15065 = SURFACE_STYLE_USAGE(.BOTH.,#15066);
#15066 = SURFACE_SIDE_STYLE('',(#15067));
#15067 = SURFACE_STYLE_FILL_AREA(#15068);
#15068 = FILL_AREA_STYLE('',(#15069));
#15069 = FILL_AREA_STYLE_COLOUR('',#14619);
#15070 = CURVE_STYLE('',#15071,POSITIVE_LENGTH_MEASURE(0.1),#14619);
#15071 = DRAUGHTING_PRE_DEFINED_CURVE_FONT('continuous');
#15072 = STYLED_ITEM('color',(#15073),#1345);
#15073 = PRESENTATION_STYLE_ASSIGNMENT((#15074,#15079));
#15074 = SURFACE_STYLE_USAGE(.BOTH.,#15075);
#15075 = SURFACE_SIDE_STYLE('',(#15076));
#15076 = SURFACE_STYLE_FILL_AREA(#15077);
#15077 = FILL_AREA_STYLE('',(#15078));
#15078 = FILL_AREA_STYLE_COLOUR('',#14648);
#15079 = CURVE_STYLE('',#15080,POSITIVE_LENGTH_MEASURE(0.1),#14648);
#15080 = DRAUGHTING_PRE_DEFINED_CURVE_FONT('continuous');
#15081 = STYLED_ITEM('color',(#15082),#1437);
#15082 = PRESENTATION_STYLE_ASSIGNMENT((#15083,#15088));
#15083 = SURFACE_STYLE_USAGE(.BOTH.,#15084);
#15084 = SURFACE_SIDE_STYLE('',(#15085));
#15085 = SURFACE_STYLE_FILL_AREA(#15086);
#15086 = FILL_AREA_STYLE('',(#15087));
#15087 = FILL_AREA_STYLE_COLOUR('',#14648);
#15088 = CURVE_STYLE('',#15089,POSITIVE_LENGTH_MEASURE(0.1),#14648);
#15089 = DRAUGHTING_PRE_DEFINED_CURVE_FONT('continuous');
#15090 = STYLED_ITEM('color',(#15091),#1462);
#15091 = PRESENTATION_STYLE_ASSIGNMENT((#15092,#15097));
#15092 = SURFACE_STYLE_USAGE(.BOTH.,#15093);
#15093 = SURFACE_SIDE_STYLE('',(#15094));
#15094 = SURFACE_STYLE_FILL_AREA(#15095);
#15095 = FILL_AREA_STYLE('',(#15096));
#15096 = FILL_AREA_STYLE_COLOUR('',#14648);
#15097 = CURVE_STYLE('',#15098,POSITIVE_LENGTH_MEASURE(0.1),#14648);
#15098 = DRAUGHTING_PRE_DEFINED_CURVE_FONT('continuous');
#15099 = STYLED_ITEM('color',(#15100),#1546);
#15100 = PRESENTATION_STYLE_ASSIGNMENT((#15101,#15106));
#15101 = SURFACE_STYLE_USAGE(.BOTH.,#15102);
#15102 = SURFACE_SIDE_STYLE('',(#15103));
#15103 = SURFACE_STYLE_FILL_AREA(#15104);
#15104 = FILL_AREA_STYLE('',(#15105));
#15105 = FILL_AREA_STYLE_COLOUR('',#14619);
#15106 = CURVE_STYLE('',#15107,POSITIVE_LENGTH_MEASURE(0.1),#14619);
#15107 = DRAUGHTING_PRE_DEFINED_CURVE_FONT('continuous');
#15108 = STYLED_ITEM('color',(#15109),#1568);
#15109 = PRESENTATION_STYLE_ASSIGNMENT((#15110,#15115));
#15110 = SURFACE_STYLE_USAGE(.BOTH.,#15111);
#15111 = SURFACE_SIDE_STYLE('',(#15112));
#15112 = SURFACE_STYLE_FILL_AREA(#15113);
#15113 = FILL_AREA_STYLE('',(#15114));
#15114 = FILL_AREA_STYLE_COLOUR('',#14648);
#15115 = CURVE_STYLE('',#15116,POSITIVE_LENGTH_MEASURE(0.1),#14648);
#15116 = DRAUGHTING_PRE_DEFINED_CURVE_FONT('continuous');
#15117 = STYLED_ITEM('color',(#15118),#1660);
#15118 = PRESENTATION_STYLE_ASSIGNMENT((#15119,#15124));
#15119 = SURFACE_STYLE_USAGE(.BOTH.,#15120);
#15120 = SURFACE_SIDE_STYLE('',(#15121));
#15121 = SURFACE_STYLE_FILL_AREA(#15122);
#15122 = FILL_AREA_STYLE('',(#15123));
#15123 = FILL_AREA_STYLE_COLOUR('',#14648);
#15124 = CURVE_STYLE('',#15125,POSITIVE_LENGTH_MEASURE(0.1),#14648);
#15125 = DRAUGHTING_PRE_DEFINED_CURVE_FONT('continuous');
#15126 = STYLED_ITEM('color',(#15127),#1685);
#15127 = PRESENTATION_STYLE_ASSIGNMENT((#15128,#15133));
#15128 = SURFACE_STYLE_USAGE(.BOTH.,#15129);
#15129 = SURFACE_SIDE_STYLE('',(#15130));
#15130 = SURFACE_STYLE_FILL_AREA(#15131);
#15131 = FILL_AREA_STYLE('',(#15132));
#15132 = FILL_AREA_STYLE_COLOUR('',#14648);
#15133 = CURVE_STYLE('',#15134,POSITIVE_LENGTH_MEASURE(0.1),#14648);
#15134 = DRAUGHTING_PRE_DEFINED_CURVE_FONT('continuous');
#15135 = STYLED_ITEM('color',(#15136),#1769);
#15136 = PRESENTATION_STYLE_ASSIGNMENT((#15137,#15142));
#15137 = SURFACE_STYLE_USAGE(.BOTH.,#15138);
#15138 = SURFACE_SIDE_STYLE('',(#15139));
#15139 = SURFACE_STYLE_FILL_AREA(#15140);
#15140 = FILL_AREA_STYLE('',(#15141));
#15141 = FILL_AREA_STYLE_COLOUR('',#14619);
#15142 = CURVE_STYLE('',#15143,POSITIVE_LENGTH_MEASURE(0.1),#14619);
#15143 = DRAUGHTING_PRE_DEFINED_CURVE_FONT('continuous');
#15144 = STYLED_ITEM('color',(#15145),#1786);
#15145 = PRESENTATION_STYLE_ASSIGNMENT((#15146,#15151));
#15146 = SURFACE_STYLE_USAGE(.BOTH.,#15147);
#15147 = SURFACE_SIDE_STYLE('',(#15148));
#15148 = SURFACE_STYLE_FILL_AREA(#15149);
#15149 = FILL_AREA_STYLE('',(#15150));
#15150 = FILL_AREA_STYLE_COLOUR('',#14648);
#15151 = CURVE_STYLE('',#15152,POSITIVE_LENGTH_MEASURE(0.1),#14648);
#15152 = DRAUGHTING_PRE_DEFINED_CURVE_FONT('continuous');
#15153 = STYLED_ITEM('color',(#15154),#1871);
#15154 = PRESENTATION_STYLE_ASSIGNMENT((#15155,#15160));
#15155 = SURFACE_STYLE_USAGE(.BOTH.,#15156);
#15156 = SURFACE_SIDE_STYLE('',(#15157));
#15157 = SURFACE_STYLE_FILL_AREA(#15158);
#15158 = FILL_AREA_STYLE('',(#15159));
#15159 = FILL_AREA_STYLE_COLOUR('',#14648);
#15160 = CURVE_STYLE('',#15161,POSITIVE_LENGTH_MEASURE(0.1),#14648);
#15161 = DRAUGHTING_PRE_DEFINED_CURVE_FONT('continuous');
#15162 = STYLED_ITEM('color',(#15163),#1896);
#15163 = PRESENTATION_STYLE_ASSIGNMENT((#15164,#15169));
#15164 = SURFACE_STYLE_USAGE(.BOTH.,#15165);
#15165 = SURFACE_SIDE_STYLE('',(#15166));
#15166 = SURFACE_STYLE_FILL_AREA(#15167);
#15167 = FILL_AREA_STYLE('',(#15168));
#15168 = FILL_AREA_STYLE_COLOUR('',#14648);
#15169 = CURVE_STYLE('',#15170,POSITIVE_LENGTH_MEASURE(0.1),#14648);
#15170 = DRAUGHTING_PRE_DEFINED_CURVE_FONT('continuous');
#15171 = STYLED_ITEM('color',(#15172),#1973);
#15172 = PRESENTATION_STYLE_ASSIGNMENT((#15173,#15178));
#15173 = SURFACE_STYLE_USAGE(.BOTH.,#15174);
#15174 = SURFACE_SIDE_STYLE('',(#15175));
#15175 = SURFACE_STYLE_FILL_AREA(#15176);
#15176 = FILL_AREA_STYLE('',(#15177));
#15177 = FILL_AREA_STYLE_COLOUR('',#14648);
#15178 = CURVE_STYLE('',#15179,POSITIVE_LENGTH_MEASURE(0.1),#14648);
#15179 = DRAUGHTING_PRE_DEFINED_CURVE_FONT('continuous');
#15180 = STYLED_ITEM('color',(#15181),#2058);
#15181 = PRESENTATION_STYLE_ASSIGNMENT((#15182,#15187));
#15182 = SURFACE_STYLE_USAGE(.BOTH.,#15183);
#15183 = SURFACE_SIDE_STYLE('',(#15184));
#15184 = SURFACE_STYLE_FILL_AREA(#15185);
#15185 = FILL_AREA_STYLE('',(#15186));
#15186 = FILL_AREA_STYLE_COLOUR('',#14648);
#15187 = CURVE_STYLE('',#15188,POSITIVE_LENGTH_MEASURE(0.1),#14648);
#15188 = DRAUGHTING_PRE_DEFINED_CURVE_FONT('continuous');
#15189 = STYLED_ITEM('color',(#15190),#2083);
#15190 = PRESENTATION_STYLE_ASSIGNMENT((#15191,#15196));
#15191 = SURFACE_STYLE_USAGE(.BOTH.,#15192);
#15192 = SURFACE_SIDE_STYLE('',(#15193));
#15193 = SURFACE_STYLE_FILL_AREA(#15194);
#15194 = FILL_AREA_STYLE('',(#15195));
#15195 = FILL_AREA_STYLE_COLOUR('',#14648);
#15196 = CURVE_STYLE('',#15197,POSITIVE_LENGTH_MEASURE(0.1),#14648);
#15197 = DRAUGHTING_PRE_DEFINED_CURVE_FONT('continuous');
#15198 = STYLED_ITEM('color',(#15199),#2160);
#15199 = PRESENTATION_STYLE_ASSIGNMENT((#15200,#15205));
#15200 = SURFACE_STYLE_USAGE(.BOTH.,#15201);
#15201 = SURFACE_SIDE_STYLE('',(#15202));
#15202 = SURFACE_STYLE_FILL_AREA(#15203);
#15203 = FILL_AREA_STYLE('',(#15204));
#15204 = FILL_AREA_STYLE_COLOUR('',#14619);
#15205 = CURVE_STYLE('',#15206,POSITIVE_LENGTH_MEASURE(0.1),#14619);
#15206 = DRAUGHTING_PRE_DEFINED_CURVE_FONT('continuous');
#15207 = STYLED_ITEM('color',(#15208),#2177);
#15208 = PRESENTATION_STYLE_ASSIGNMENT((#15209,#15214));
#15209 = SURFACE_STYLE_USAGE(.BOTH.,#15210);
#15210 = SURFACE_SIDE_STYLE('',(#15211));
#15211 = SURFACE_STYLE_FILL_AREA(#15212);
#15212 = FILL_AREA_STYLE('',(#15213));
#15213 = FILL_AREA_STYLE_COLOUR('',#14648);
#15214 = CURVE_STYLE('',#15215,POSITIVE_LENGTH_MEASURE(0.1),#14648);
#15215 = DRAUGHTING_PRE_DEFINED_CURVE_FONT('continuous');
#15216 = STYLED_ITEM('color',(#15217),#2269);
#15217 = PRESENTATION_STYLE_ASSIGNMENT((#15218,#15223));
#15218 = SURFACE_STYLE_USAGE(.BOTH.,#15219);
#15219 = SURFACE_SIDE_STYLE('',(#15220));
#15220 = SURFACE_STYLE_FILL_AREA(#15221);
#15221 = FILL_AREA_STYLE('',(#15222));
#15222 = FILL_AREA_STYLE_COLOUR('',#14648);
#15223 = CURVE_STYLE('',#15224,POSITIVE_LENGTH_MEASURE(0.1),#14648);
#15224 = DRAUGHTING_PRE_DEFINED_CURVE_FONT('continuous');
#15225 = STYLED_ITEM('color',(#15226),#2294);
#15226 = PRESENTATION_STYLE_ASSIGNMENT((#15227,#15232));
#15227 = SURFACE_STYLE_USAGE(.BOTH.,#15228);
#15228 = SURFACE_SIDE_STYLE('',(#15229));
#15229 = SURFACE_STYLE_FILL_AREA(#15230);
#15230 = FILL_AREA_STYLE('',(#15231));
#15231 = FILL_AREA_STYLE_COLOUR('',#14648);
#15232 = CURVE_STYLE('',#15233,POSITIVE_LENGTH_MEASURE(0.1),#14648);
#15233 = DRAUGHTING_PRE_DEFINED_CURVE_FONT('continuous');
#15234 = STYLED_ITEM('color',(#15235),#2378);
#15235 = PRESENTATION_STYLE_ASSIGNMENT((#15236,#15241));
#15236 = SURFACE_STYLE_USAGE(.BOTH.,#15237);
#15237 = SURFACE_SIDE_STYLE('',(#15238));
#15238 = SURFACE_STYLE_FILL_AREA(#15239);
#15239 = FILL_AREA_STYLE('',(#15240));
#15240 = FILL_AREA_STYLE_COLOUR('',#14648);
#15241 = CURVE_STYLE('',#15242,POSITIVE_LENGTH_MEASURE(0.1),#14648);
#15242 = DRAUGHTING_PRE_DEFINED_CURVE_FONT('continuous');
#15243 = STYLED_ITEM('color',(#15244),#2395);
#15244 = PRESENTATION_STYLE_ASSIGNMENT((#15245,#15250));
#15245 = SURFACE_STYLE_USAGE(.BOTH.,#15246);
#15246 = SURFACE_SIDE_STYLE('',(#15247));
#15247 = SURFACE_STYLE_FILL_AREA(#15248);
#15248 = FILL_AREA_STYLE('',(#15249));
#15249 = FILL_AREA_STYLE_COLOUR('',#14648);
#15250 = CURVE_STYLE('',#15251,POSITIVE_LENGTH_MEASURE(0.1),#14648);
#15251 = DRAUGHTING_PRE_DEFINED_CURVE_FONT('continuous');
#15252 = STYLED_ITEM('color',(#15253),#2414);
#15253 = PRESENTATION_STYLE_ASSIGNMENT((#15254,#15259));
#15254 = SURFACE_STYLE_USAGE(.BOTH.,#15255);
#15255 = SURFACE_SIDE_STYLE('',(#15256));
#15256 = SURFACE_STYLE_FILL_AREA(#15257);
#15257 = FILL_AREA_STYLE('',(#15258));
#15258 = FILL_AREA_STYLE_COLOUR('',#14648);
#15259 = CURVE_STYLE('',#15260,POSITIVE_LENGTH_MEASURE(0.1),#14648);
#15260 = DRAUGHTING_PRE_DEFINED_CURVE_FONT('continuous');
#15261 = STYLED_ITEM('color',(#15262),#2433);
#15262 = PRESENTATION_STYLE_ASSIGNMENT((#15263,#15268));
#15263 = SURFACE_STYLE_USAGE(.BOTH.,#15264);
#15264 = SURFACE_SIDE_STYLE('',(#15265));
#15265 = SURFACE_STYLE_FILL_AREA(#15266);
#15266 = FILL_AREA_STYLE('',(#15267));
#15267 = FILL_AREA_STYLE_COLOUR('',#14619);
#15268 = CURVE_STYLE('',#15269,POSITIVE_LENGTH_MEASURE(0.1),#14619);
#15269 = DRAUGHTING_PRE_DEFINED_CURVE_FONT('continuous');
#15270 = STYLED_ITEM('color',(#15271),#2479);
#15271 = PRESENTATION_STYLE_ASSIGNMENT((#15272,#15277));
#15272 = SURFACE_STYLE_USAGE(.BOTH.,#15273);
#15273 = SURFACE_SIDE_STYLE('',(#15274));
#15274 = SURFACE_STYLE_FILL_AREA(#15275);
#15275 = FILL_AREA_STYLE('',(#15276));
#15276 = FILL_AREA_STYLE_COLOUR('',#14619);
#15277 = CURVE_STYLE('',#15278,POSITIVE_LENGTH_MEASURE(0.1),#14619);
#15278 = DRAUGHTING_PRE_DEFINED_CURVE_FONT('continuous');
#15279 = STYLED_ITEM('color',(#15280),#2495);
#15280 = PRESENTATION_STYLE_ASSIGNMENT((#15281,#15286));
#15281 = SURFACE_STYLE_USAGE(.BOTH.,#15282);
#15282 = SURFACE_SIDE_STYLE('',(#15283));
#15283 = SURFACE_STYLE_FILL_AREA(#15284);
#15284 = FILL_AREA_STYLE('',(#15285));
#15285 = FILL_AREA_STYLE_COLOUR('',#14648);
#15286 = CURVE_STYLE('',#15287,POSITIVE_LENGTH_MEASURE(0.1),#14648);
#15287 = DRAUGHTING_PRE_DEFINED_CURVE_FONT('continuous');
#15288 = STYLED_ITEM('color',(#15289),#2514);
#15289 = PRESENTATION_STYLE_ASSIGNMENT((#15290,#15295));
#15290 = SURFACE_STYLE_USAGE(.BOTH.,#15291);
#15291 = SURFACE_SIDE_STYLE('',(#15292));
#15292 = SURFACE_STYLE_FILL_AREA(#15293);
#15293 = FILL_AREA_STYLE('',(#15294));
#15294 = FILL_AREA_STYLE_COLOUR('',#14619);
#15295 = CURVE_STYLE('',#15296,POSITIVE_LENGTH_MEASURE(0.1),#14619);
#15296 = DRAUGHTING_PRE_DEFINED_CURVE_FONT('continuous');
#15297 = STYLED_ITEM('color',(#15298),#2530);
#15298 = PRESENTATION_STYLE_ASSIGNMENT((#15299,#15304));
#15299 = SURFACE_STYLE_USAGE(.BOTH.,#15300);
#15300 = SURFACE_SIDE_STYLE('',(#15301));
#15301 = SURFACE_STYLE_FILL_AREA(#15302);
#15302 = FILL_AREA_STYLE('',(#15303));
#15303 = FILL_AREA_STYLE_COLOUR('',#14648);
#15304 = CURVE_STYLE('',#15305,POSITIVE_LENGTH_MEASURE(0.1),#14648);
#15305 = DRAUGHTING_PRE_DEFINED_CURVE_FONT('continuous');
#15306 = STYLED_ITEM('color',(#15307),#2547);
#15307 = PRESENTATION_STYLE_ASSIGNMENT((#15308,#15313));
#15308 = SURFACE_STYLE_USAGE(.BOTH.,#15309);
#15309 = SURFACE_SIDE_STYLE('',(#15310));
#15310 = SURFACE_STYLE_FILL_AREA(#15311);
#15311 = FILL_AREA_STYLE('',(#15312));
#15312 = FILL_AREA_STYLE_COLOUR('',#14619);
#15313 = CURVE_STYLE('',#15314,POSITIVE_LENGTH_MEASURE(0.1),#14619);
#15314 = DRAUGHTING_PRE_DEFINED_CURVE_FONT('continuous');
#15315 = STYLED_ITEM('color',(#15316),#2559);
#15316 = PRESENTATION_STYLE_ASSIGNMENT((#15317,#15322));
#15317 = SURFACE_STYLE_USAGE(.BOTH.,#15318);
#15318 = SURFACE_SIDE_STYLE('',(#15319));
#15319 = SURFACE_STYLE_FILL_AREA(#15320);
#15320 = FILL_AREA_STYLE('',(#15321));
#15321 = FILL_AREA_STYLE_COLOUR('',#14648);
#15322 = CURVE_STYLE('',#15323,POSITIVE_LENGTH_MEASURE(0.1),#14648);
#15323 = DRAUGHTING_PRE_DEFINED_CURVE_FONT('continuous');
#15324 = STYLED_ITEM('color',(#15325),#2576);
#15325 = PRESENTATION_STYLE_ASSIGNMENT((#15326,#15331));
#15326 = SURFACE_STYLE_USAGE(.BOTH.,#15327);
#15327 = SURFACE_SIDE_STYLE('',(#15328));
#15328 = SURFACE_STYLE_FILL_AREA(#15329);
#15329 = FILL_AREA_STYLE('',(#15330));
#15330 = FILL_AREA_STYLE_COLOUR('',#14648);
#15331 = CURVE_STYLE('',#15332,POSITIVE_LENGTH_MEASURE(0.1),#14648);
#15332 = DRAUGHTING_PRE_DEFINED_CURVE_FONT('continuous');
#15333 = STYLED_ITEM('color',(#15334),#2593);
#15334 = PRESENTATION_STYLE_ASSIGNMENT((#15335,#15340));
#15335 = SURFACE_STYLE_USAGE(.BOTH.,#15336);
#15336 = SURFACE_SIDE_STYLE('',(#15337));
#15337 = SURFACE_STYLE_FILL_AREA(#15338);
#15338 = FILL_AREA_STYLE('',(#15339));
#15339 = FILL_AREA_STYLE_COLOUR('',#14648);
#15340 = CURVE_STYLE('',#15341,POSITIVE_LENGTH_MEASURE(0.1),#14648);
#15341 = DRAUGHTING_PRE_DEFINED_CURVE_FONT('continuous');
#15342 = STYLED_ITEM('color',(#15343),#2610);
#15343 = PRESENTATION_STYLE_ASSIGNMENT((#15344,#15349));
#15344 = SURFACE_STYLE_USAGE(.BOTH.,#15345);
#15345 = SURFACE_SIDE_STYLE('',(#15346));
#15346 = SURFACE_STYLE_FILL_AREA(#15347);
#15347 = FILL_AREA_STYLE('',(#15348));
#15348 = FILL_AREA_STYLE_COLOUR('',#14648);
#15349 = CURVE_STYLE('',#15350,POSITIVE_LENGTH_MEASURE(0.1),#14648);
#15350 = DRAUGHTING_PRE_DEFINED_CURVE_FONT('continuous');
#15351 = STYLED_ITEM('color',(#15352),#2627);
#15352 = PRESENTATION_STYLE_ASSIGNMENT((#15353,#15358));
#15353 = SURFACE_STYLE_USAGE(.BOTH.,#15354);
#15354 = SURFACE_SIDE_STYLE('',(#15355));
#15355 = SURFACE_STYLE_FILL_AREA(#15356);
#15356 = FILL_AREA_STYLE('',(#15357));
#15357 = FILL_AREA_STYLE_COLOUR('',#14648);
#15358 = CURVE_STYLE('',#15359,POSITIVE_LENGTH_MEASURE(0.1),#14648);
#15359 = DRAUGHTING_PRE_DEFINED_CURVE_FONT('continuous');
#15360 = STYLED_ITEM('color',(#15361),#2644);
#15361 = PRESENTATION_STYLE_ASSIGNMENT((#15362,#15367));
#15362 = SURFACE_STYLE_USAGE(.BOTH.,#15363);
#15363 = SURFACE_SIDE_STYLE('',(#15364));
#15364 = SURFACE_STYLE_FILL_AREA(#15365);
#15365 = FILL_AREA_STYLE('',(#15366));
#15366 = FILL_AREA_STYLE_COLOUR('',#14648);
#15367 = CURVE_STYLE('',#15368,POSITIVE_LENGTH_MEASURE(0.1),#14648);
#15368 = DRAUGHTING_PRE_DEFINED_CURVE_FONT('continuous');
#15369 = STYLED_ITEM('color',(#15370),#2661);
#15370 = PRESENTATION_STYLE_ASSIGNMENT((#15371,#15376));
#15371 = SURFACE_STYLE_USAGE(.BOTH.,#15372);
#15372 = SURFACE_SIDE_STYLE('',(#15373));
#15373 = SURFACE_STYLE_FILL_AREA(#15374);
#15374 = FILL_AREA_STYLE('',(#15375));
#15375 = FILL_AREA_STYLE_COLOUR('',#14648);
#15376 = CURVE_STYLE('',#15377,POSITIVE_LENGTH_MEASURE(0.1),#14648);
#15377 = DRAUGHTING_PRE_DEFINED_CURVE_FONT('continuous');
#15378 = STYLED_ITEM('color',(#15379),#2678);
#15379 = PRESENTATION_STYLE_ASSIGNMENT((#15380,#15385));
#15380 = SURFACE_STYLE_USAGE(.BOTH.,#15381);
#15381 = SURFACE_SIDE_STYLE('',(#15382));
#15382 = SURFACE_STYLE_FILL_AREA(#15383);
#15383 = FILL_AREA_STYLE('',(#15384));
#15384 = FILL_AREA_STYLE_COLOUR('',#14648);
#15385 = CURVE_STYLE('',#15386,POSITIVE_LENGTH_MEASURE(0.1),#14648);
#15386 = DRAUGHTING_PRE_DEFINED_CURVE_FONT('continuous');
#15387 = STYLED_ITEM('color',(#15388),#2690);
#15388 = PRESENTATION_STYLE_ASSIGNMENT((#15389,#15394));
#15389 = SURFACE_STYLE_USAGE(.BOTH.,#15390);
#15390 = SURFACE_SIDE_STYLE('',(#15391));
#15391 = SURFACE_STYLE_FILL_AREA(#15392);
#15392 = FILL_AREA_STYLE('',(#15393));
#15393 = FILL_AREA_STYLE_COLOUR('',#14648);
#15394 = CURVE_STYLE('',#15395,POSITIVE_LENGTH_MEASURE(0.1),#14648);
#15395 = DRAUGHTING_PRE_DEFINED_CURVE_FONT('continuous');
#15396 = STYLED_ITEM('color',(#15397),#2707);
#15397 = PRESENTATION_STYLE_ASSIGNMENT((#15398,#15403));
#15398 = SURFACE_STYLE_USAGE(.BOTH.,#15399);
#15399 = SURFACE_SIDE_STYLE('',(#15400));
#15400 = SURFACE_STYLE_FILL_AREA(#15401);
#15401 = FILL_AREA_STYLE('',(#15402));
#15402 = FILL_AREA_STYLE_COLOUR('',#14648);
#15403 = CURVE_STYLE('',#15404,POSITIVE_LENGTH_MEASURE(0.1),#14648);
#15404 = DRAUGHTING_PRE_DEFINED_CURVE_FONT('continuous');
#15405 = STYLED_ITEM('color',(#15406),#2724);
#15406 = PRESENTATION_STYLE_ASSIGNMENT((#15407,#15412));
#15407 = SURFACE_STYLE_USAGE(.BOTH.,#15408);
#15408 = SURFACE_SIDE_STYLE('',(#15409));
#15409 = SURFACE_STYLE_FILL_AREA(#15410);
#15410 = FILL_AREA_STYLE('',(#15411));
#15411 = FILL_AREA_STYLE_COLOUR('',#14648);
#15412 = CURVE_STYLE('',#15413,POSITIVE_LENGTH_MEASURE(0.1),#14648);
#15413 = DRAUGHTING_PRE_DEFINED_CURVE_FONT('continuous');
#15414 = STYLED_ITEM('color',(#15415),#2741);
#15415 = PRESENTATION_STYLE_ASSIGNMENT((#15416,#15421));
#15416 = SURFACE_STYLE_USAGE(.BOTH.,#15417);
#15417 = SURFACE_SIDE_STYLE('',(#15418));
#15418 = SURFACE_STYLE_FILL_AREA(#15419);
#15419 = FILL_AREA_STYLE('',(#15420));
#15420 = FILL_AREA_STYLE_COLOUR('',#14648);
#15421 = CURVE_STYLE('',#15422,POSITIVE_LENGTH_MEASURE(0.1),#14648);
#15422 = DRAUGHTING_PRE_DEFINED_CURVE_FONT('continuous');
#15423 = STYLED_ITEM('color',(#15424),#2758);
#15424 = PRESENTATION_STYLE_ASSIGNMENT((#15425,#15430));
#15425 = SURFACE_STYLE_USAGE(.BOTH.,#15426);
#15426 = SURFACE_SIDE_STYLE('',(#15427));
#15427 = SURFACE_STYLE_FILL_AREA(#15428);
#15428 = FILL_AREA_STYLE('',(#15429));
#15429 = FILL_AREA_STYLE_COLOUR('',#14648);
#15430 = CURVE_STYLE('',#15431,POSITIVE_LENGTH_MEASURE(0.1),#14648);
#15431 = DRAUGHTING_PRE_DEFINED_CURVE_FONT('continuous');
#15432 = STYLED_ITEM('color',(#15433),#2775);
#15433 = PRESENTATION_STYLE_ASSIGNMENT((#15434,#15439));
#15434 = SURFACE_STYLE_USAGE(.BOTH.,#15435);
#15435 = SURFACE_SIDE_STYLE('',(#15436));
#15436 = SURFACE_STYLE_FILL_AREA(#15437);
#15437 = FILL_AREA_STYLE('',(#15438));
#15438 = FILL_AREA_STYLE_COLOUR('',#14648);
#15439 = CURVE_STYLE('',#15440,POSITIVE_LENGTH_MEASURE(0.1),#14648);
#15440 = DRAUGHTING_PRE_DEFINED_CURVE_FONT('continuous');
#15441 = STYLED_ITEM('color',(#15442),#2792);
#15442 = PRESENTATION_STYLE_ASSIGNMENT((#15443,#15448));
#15443 = SURFACE_STYLE_USAGE(.BOTH.,#15444);
#15444 = SURFACE_SIDE_STYLE('',(#15445));
#15445 = SURFACE_STYLE_FILL_AREA(#15446);
#15446 = FILL_AREA_STYLE('',(#15447));
#15447 = FILL_AREA_STYLE_COLOUR('',#14648);
#15448 = CURVE_STYLE('',#15449,POSITIVE_LENGTH_MEASURE(0.1),#14648);
#15449 = DRAUGHTING_PRE_DEFINED_CURVE_FONT('continuous');
#15450 = STYLED_ITEM('color',(#15451),#2809);
#15451 = PRESENTATION_STYLE_ASSIGNMENT((#15452,#15457));
#15452 = SURFACE_STYLE_USAGE(.BOTH.,#15453);
#15453 = SURFACE_SIDE_STYLE('',(#15454));
#15454 = SURFACE_STYLE_FILL_AREA(#15455);
#15455 = FILL_AREA_STYLE('',(#15456));
#15456 = FILL_AREA_STYLE_COLOUR('',#14648);
#15457 = CURVE_STYLE('',#15458,POSITIVE_LENGTH_MEASURE(0.1),#14648);
#15458 = DRAUGHTING_PRE_DEFINED_CURVE_FONT('continuous');
#15459 = STYLED_ITEM('color',(#15460),#2821);
#15460 = PRESENTATION_STYLE_ASSIGNMENT((#15461,#15466));
#15461 = SURFACE_STYLE_USAGE(.BOTH.,#15462);
#15462 = SURFACE_SIDE_STYLE('',(#15463));
#15463 = SURFACE_STYLE_FILL_AREA(#15464);
#15464 = FILL_AREA_STYLE('',(#15465));
#15465 = FILL_AREA_STYLE_COLOUR('',#14648);
#15466 = CURVE_STYLE('',#15467,POSITIVE_LENGTH_MEASURE(0.1),#14648);
#15467 = DRAUGHTING_PRE_DEFINED_CURVE_FONT('continuous');
#15468 = STYLED_ITEM('color',(#15469),#2838);
#15469 = PRESENTATION_STYLE_ASSIGNMENT((#15470,#15475));
#15470 = SURFACE_STYLE_USAGE(.BOTH.,#15471);
#15471 = SURFACE_SIDE_STYLE('',(#15472));
#15472 = SURFACE_STYLE_FILL_AREA(#15473);
#15473 = FILL_AREA_STYLE('',(#15474));
#15474 = FILL_AREA_STYLE_COLOUR('',#14648);
#15475 = CURVE_STYLE('',#15476,POSITIVE_LENGTH_MEASURE(0.1),#14648);
#15476 = DRAUGHTING_PRE_DEFINED_CURVE_FONT('continuous');
#15477 = STYLED_ITEM('color',(#15478),#2855);
#15478 = PRESENTATION_STYLE_ASSIGNMENT((#15479,#15484));
#15479 = SURFACE_STYLE_USAGE(.BOTH.,#15480);
#15480 = SURFACE_SIDE_STYLE('',(#15481));
#15481 = SURFACE_STYLE_FILL_AREA(#15482);
#15482 = FILL_AREA_STYLE('',(#15483));
#15483 = FILL_AREA_STYLE_COLOUR('',#14648);
#15484 = CURVE_STYLE('',#15485,POSITIVE_LENGTH_MEASURE(0.1),#14648);
#15485 = DRAUGHTING_PRE_DEFINED_CURVE_FONT('continuous');
#15486 = STYLED_ITEM('color',(#15487),#2872);
#15487 = PRESENTATION_STYLE_ASSIGNMENT((#15488,#15493));
#15488 = SURFACE_STYLE_USAGE(.BOTH.,#15489);
#15489 = SURFACE_SIDE_STYLE('',(#15490));
#15490 = SURFACE_STYLE_FILL_AREA(#15491);
#15491 = FILL_AREA_STYLE('',(#15492));
#15492 = FILL_AREA_STYLE_COLOUR('',#14648);
#15493 = CURVE_STYLE('',#15494,POSITIVE_LENGTH_MEASURE(0.1),#14648);
#15494 = DRAUGHTING_PRE_DEFINED_CURVE_FONT('continuous');
#15495 = STYLED_ITEM('color',(#15496),#2889);
#15496 = PRESENTATION_STYLE_ASSIGNMENT((#15497,#15502));
#15497 = SURFACE_STYLE_USAGE(.BOTH.,#15498);
#15498 = SURFACE_SIDE_STYLE('',(#15499));
#15499 = SURFACE_STYLE_FILL_AREA(#15500);
#15500 = FILL_AREA_STYLE('',(#15501));
#15501 = FILL_AREA_STYLE_COLOUR('',#14648);
#15502 = CURVE_STYLE('',#15503,POSITIVE_LENGTH_MEASURE(0.1),#14648);
#15503 = DRAUGHTING_PRE_DEFINED_CURVE_FONT('continuous');
#15504 = STYLED_ITEM('color',(#15505),#2906);
#15505 = PRESENTATION_STYLE_ASSIGNMENT((#15506,#15511));
#15506 = SURFACE_STYLE_USAGE(.BOTH.,#15507);
#15507 = SURFACE_SIDE_STYLE('',(#15508));
#15508 = SURFACE_STYLE_FILL_AREA(#15509);
#15509 = FILL_AREA_STYLE('',(#15510));
#15510 = FILL_AREA_STYLE_COLOUR('',#14648);
#15511 = CURVE_STYLE('',#15512,POSITIVE_LENGTH_MEASURE(0.1),#14648);
#15512 = DRAUGHTING_PRE_DEFINED_CURVE_FONT('continuous');
#15513 = STYLED_ITEM('color',(#15514),#2923);
#15514 = PRESENTATION_STYLE_ASSIGNMENT((#15515,#15520));
#15515 = SURFACE_STYLE_USAGE(.BOTH.,#15516);
#15516 = SURFACE_SIDE_STYLE('',(#15517));
#15517 = SURFACE_STYLE_FILL_AREA(#15518);
#15518 = FILL_AREA_STYLE('',(#15519));
#15519 = FILL_AREA_STYLE_COLOUR('',#14648);
#15520 = CURVE_STYLE('',#15521,POSITIVE_LENGTH_MEASURE(0.1),#14648);
#15521 = DRAUGHTING_PRE_DEFINED_CURVE_FONT('continuous');
#15522 = STYLED_ITEM('color',(#15523),#2935);
#15523 = PRESENTATION_STYLE_ASSIGNMENT((#15524,#15529));
#15524 = SURFACE_STYLE_USAGE(.BOTH.,#15525);
#15525 = SURFACE_SIDE_STYLE('',(#15526));
#15526 = SURFACE_STYLE_FILL_AREA(#15527);
#15527 = FILL_AREA_STYLE('',(#15528));
#15528 = FILL_AREA_STYLE_COLOUR('',#14648);
#15529 = CURVE_STYLE('',#15530,POSITIVE_LENGTH_MEASURE(0.1),#14648);
#15530 = DRAUGHTING_PRE_DEFINED_CURVE_FONT('continuous');
#15531 = STYLED_ITEM('color',(#15532),#2952);
#15532 = PRESENTATION_STYLE_ASSIGNMENT((#15533,#15538));
#15533 = SURFACE_STYLE_USAGE(.BOTH.,#15534);
#15534 = SURFACE_SIDE_STYLE('',(#15535));
#15535 = SURFACE_STYLE_FILL_AREA(#15536);
#15536 = FILL_AREA_STYLE('',(#15537));
#15537 = FILL_AREA_STYLE_COLOUR('',#14648);
#15538 = CURVE_STYLE('',#15539,POSITIVE_LENGTH_MEASURE(0.1),#14648);
#15539 = DRAUGHTING_PRE_DEFINED_CURVE_FONT('continuous');
#15540 = STYLED_ITEM('color',(#15541),#2969);
#15541 = PRESENTATION_STYLE_ASSIGNMENT((#15542,#15547));
#15542 = SURFACE_STYLE_USAGE(.BOTH.,#15543);
#15543 = SURFACE_SIDE_STYLE('',(#15544));
#15544 = SURFACE_STYLE_FILL_AREA(#15545);
#15545 = FILL_AREA_STYLE('',(#15546));
#15546 = FILL_AREA_STYLE_COLOUR('',#14648);
#15547 = CURVE_STYLE('',#15548,POSITIVE_LENGTH_MEASURE(0.1),#14648);
#15548 = DRAUGHTING_PRE_DEFINED_CURVE_FONT('continuous');
#15549 = STYLED_ITEM('color',(#15550),#2986);
#15550 = PRESENTATION_STYLE_ASSIGNMENT((#15551,#15556));
#15551 = SURFACE_STYLE_USAGE(.BOTH.,#15552);
#15552 = SURFACE_SIDE_STYLE('',(#15553));
#15553 = SURFACE_STYLE_FILL_AREA(#15554);
#15554 = FILL_AREA_STYLE('',(#15555));
#15555 = FILL_AREA_STYLE_COLOUR('',#14648);
#15556 = CURVE_STYLE('',#15557,POSITIVE_LENGTH_MEASURE(0.1),#14648);
#15557 = DRAUGHTING_PRE_DEFINED_CURVE_FONT('continuous');
#15558 = STYLED_ITEM('color',(#15559),#3003);
#15559 = PRESENTATION_STYLE_ASSIGNMENT((#15560,#15565));
#15560 = SURFACE_STYLE_USAGE(.BOTH.,#15561);
#15561 = SURFACE_SIDE_STYLE('',(#15562));
#15562 = SURFACE_STYLE_FILL_AREA(#15563);
#15563 = FILL_AREA_STYLE('',(#15564));
#15564 = FILL_AREA_STYLE_COLOUR('',#14648);
#15565 = CURVE_STYLE('',#15566,POSITIVE_LENGTH_MEASURE(0.1),#14648);
#15566 = DRAUGHTING_PRE_DEFINED_CURVE_FONT('continuous');
#15567 = STYLED_ITEM('color',(#15568),#3020);
#15568 = PRESENTATION_STYLE_ASSIGNMENT((#15569,#15574));
#15569 = SURFACE_STYLE_USAGE(.BOTH.,#15570);
#15570 = SURFACE_SIDE_STYLE('',(#15571));
#15571 = SURFACE_STYLE_FILL_AREA(#15572);
#15572 = FILL_AREA_STYLE('',(#15573));
#15573 = FILL_AREA_STYLE_COLOUR('',#14648);
#15574 = CURVE_STYLE('',#15575,POSITIVE_LENGTH_MEASURE(0.1),#14648);
#15575 = DRAUGHTING_PRE_DEFINED_CURVE_FONT('continuous');
#15576 = STYLED_ITEM('color',(#15577),#3037);
#15577 = PRESENTATION_STYLE_ASSIGNMENT((#15578,#15583));
#15578 = SURFACE_STYLE_USAGE(.BOTH.,#15579);
#15579 = SURFACE_SIDE_STYLE('',(#15580));
#15580 = SURFACE_STYLE_FILL_AREA(#15581);
#15581 = FILL_AREA_STYLE('',(#15582));
#15582 = FILL_AREA_STYLE_COLOUR('',#14648);
#15583 = CURVE_STYLE('',#15584,POSITIVE_LENGTH_MEASURE(0.1),#14648);
#15584 = DRAUGHTING_PRE_DEFINED_CURVE_FONT('continuous');
#15585 = STYLED_ITEM('color',(#15586),#3049);
#15586 = PRESENTATION_STYLE_ASSIGNMENT((#15587,#15592));
#15587 = SURFACE_STYLE_USAGE(.BOTH.,#15588);
#15588 = SURFACE_SIDE_STYLE('',(#15589));
#15589 = SURFACE_STYLE_FILL_AREA(#15590);
#15590 = FILL_AREA_STYLE('',(#15591));
#15591 = FILL_AREA_STYLE_COLOUR('',#14648);
#15592 = CURVE_STYLE('',#15593,POSITIVE_LENGTH_MEASURE(0.1),#14648);
#15593 = DRAUGHTING_PRE_DEFINED_CURVE_FONT('continuous');
#15594 = STYLED_ITEM('color',(#15595),#3066);
#15595 = PRESENTATION_STYLE_ASSIGNMENT((#15596,#15601));
#15596 = SURFACE_STYLE_USAGE(.BOTH.,#15597);
#15597 = SURFACE_SIDE_STYLE('',(#15598));
#15598 = SURFACE_STYLE_FILL_AREA(#15599);
#15599 = FILL_AREA_STYLE('',(#15600));
#15600 = FILL_AREA_STYLE_COLOUR('',#14648);
#15601 = CURVE_STYLE('',#15602,POSITIVE_LENGTH_MEASURE(0.1),#14648);
#15602 = DRAUGHTING_PRE_DEFINED_CURVE_FONT('continuous');
#15603 = STYLED_ITEM('color',(#15604),#3083);
#15604 = PRESENTATION_STYLE_ASSIGNMENT((#15605,#15610));
#15605 = SURFACE_STYLE_USAGE(.BOTH.,#15606);
#15606 = SURFACE_SIDE_STYLE('',(#15607));
#15607 = SURFACE_STYLE_FILL_AREA(#15608);
#15608 = FILL_AREA_STYLE('',(#15609));
#15609 = FILL_AREA_STYLE_COLOUR('',#14648);
#15610 = CURVE_STYLE('',#15611,POSITIVE_LENGTH_MEASURE(0.1),#14648);
#15611 = DRAUGHTING_PRE_DEFINED_CURVE_FONT('continuous');
#15612 = STYLED_ITEM('color',(#15613),#3100);
#15613 = PRESENTATION_STYLE_ASSIGNMENT((#15614,#15619));
#15614 = SURFACE_STYLE_USAGE(.BOTH.,#15615);
#15615 = SURFACE_SIDE_STYLE('',(#15616));
#15616 = SURFACE_STYLE_FILL_AREA(#15617);
#15617 = FILL_AREA_STYLE('',(#15618));
#15618 = FILL_AREA_STYLE_COLOUR('',#14648);
#15619 = CURVE_STYLE('',#15620,POSITIVE_LENGTH_MEASURE(0.1),#14648);
#15620 = DRAUGHTING_PRE_DEFINED_CURVE_FONT('continuous');
#15621 = STYLED_ITEM('color',(#15622),#3117);
#15622 = PRESENTATION_STYLE_ASSIGNMENT((#15623,#15628));
#15623 = SURFACE_STYLE_USAGE(.BOTH.,#15624);
#15624 = SURFACE_SIDE_STYLE('',(#15625));
#15625 = SURFACE_STYLE_FILL_AREA(#15626);
#15626 = FILL_AREA_STYLE('',(#15627));
#15627 = FILL_AREA_STYLE_COLOUR('',#14648);
#15628 = CURVE_STYLE('',#15629,POSITIVE_LENGTH_MEASURE(0.1),#14648);
#15629 = DRAUGHTING_PRE_DEFINED_CURVE_FONT('continuous');
#15630 = STYLED_ITEM('color',(#15631),#3134);
#15631 = PRESENTATION_STYLE_ASSIGNMENT((#15632,#15637));
#15632 = SURFACE_STYLE_USAGE(.BOTH.,#15633);
#15633 = SURFACE_SIDE_STYLE('',(#15634));
#15634 = SURFACE_STYLE_FILL_AREA(#15635);
#15635 = FILL_AREA_STYLE('',(#15636));
#15636 = FILL_AREA_STYLE_COLOUR('',#14648);
#15637 = CURVE_STYLE('',#15638,POSITIVE_LENGTH_MEASURE(0.1),#14648);
#15638 = DRAUGHTING_PRE_DEFINED_CURVE_FONT('continuous');
#15639 = STYLED_ITEM('color',(#15640),#3151);
#15640 = PRESENTATION_STYLE_ASSIGNMENT((#15641,#15646));
#15641 = SURFACE_STYLE_USAGE(.BOTH.,#15642);
#15642 = SURFACE_SIDE_STYLE('',(#15643));
#15643 = SURFACE_STYLE_FILL_AREA(#15644);
#15644 = FILL_AREA_STYLE('',(#15645));
#15645 = FILL_AREA_STYLE_COLOUR('',#14648);
#15646 = CURVE_STYLE('',#15647,POSITIVE_LENGTH_MEASURE(0.1),#14648);
#15647 = DRAUGHTING_PRE_DEFINED_CURVE_FONT('continuous');
#15648 = STYLED_ITEM('color',(#15649),#3168);
#15649 = PRESENTATION_STYLE_ASSIGNMENT((#15650,#15655));
#15650 = SURFACE_STYLE_USAGE(.BOTH.,#15651);
#15651 = SURFACE_SIDE_STYLE('',(#15652));
#15652 = SURFACE_STYLE_FILL_AREA(#15653);
#15653 = FILL_AREA_STYLE('',(#15654));
#15654 = FILL_AREA_STYLE_COLOUR('',#14648);
#15655 = CURVE_STYLE('',#15656,POSITIVE_LENGTH_MEASURE(0.1),#14648);
#15656 = DRAUGHTING_PRE_DEFINED_CURVE_FONT('continuous');
#15657 = STYLED_ITEM('color',(#15658),#3180);
#15658 = PRESENTATION_STYLE_ASSIGNMENT((#15659,#15665));
#15659 = SURFACE_STYLE_USAGE(.BOTH.,#15660);
#15660 = SURFACE_SIDE_STYLE('',(#15661));
#15661 = SURFACE_STYLE_FILL_AREA(#15662);
#15662 = FILL_AREA_STYLE('',(#15663));
#15663 = FILL_AREA_STYLE_COLOUR('',#15664);
#15664 = COLOUR_RGB('',0.690999998585,0.664000007176,0.597999987832);
#15665 = CURVE_STYLE('',#15666,POSITIVE_LENGTH_MEASURE(0.1),#15664);
#15666 = DRAUGHTING_PRE_DEFINED_CURVE_FONT('continuous');
#15667 = MECHANICAL_DESIGN_GEOMETRIC_PRESENTATION_REPRESENTATION('',(
    #15668,#15677,#15686,#15695,#15704,#15713,#15722,#15731,#15740,
    #15749,#15758,#15767,#15776,#15785,#15794,#15803,#15812,#15821,
    #15830,#15839,#15848,#15857,#15866,#15875,#15884,#15893,#15902,
    #15911,#15920,#15929,#15938,#15947,#15956,#15965,#15974,#15983,
    #15992,#16001,#16010,#16019,#16028,#16037,#16046,#16055,#16064,
    #16073,#16082,#16091,#16100,#16109,#16118,#16127,#16136,#16145,
    #16154,#16163,#16172,#16181,#16190),#8284);
#15668 = STYLED_ITEM('color',(#15669),#6598);
#15669 = PRESENTATION_STYLE_ASSIGNMENT((#15670,#15675));
#15670 = SURFACE_STYLE_USAGE(.BOTH.,#15671);
#15671 = SURFACE_SIDE_STYLE('',(#15672));
#15672 = SURFACE_STYLE_FILL_AREA(#15673);
#15673 = FILL_AREA_STYLE('',(#15674));
#15674 = FILL_AREA_STYLE_COLOUR('',#14619);
#15675 = CURVE_STYLE('',#15676,POSITIVE_LENGTH_MEASURE(0.1),#14619);
#15676 = DRAUGHTING_PRE_DEFINED_CURVE_FONT('continuous');
#15677 = STYLED_ITEM('color',(#15678),#6652);
#15678 = PRESENTATION_STYLE_ASSIGNMENT((#15679,#15684));
#15679 = SURFACE_STYLE_USAGE(.BOTH.,#15680);
#15680 = SURFACE_SIDE_STYLE('',(#15681));
#15681 = SURFACE_STYLE_FILL_AREA(#15682);
#15682 = FILL_AREA_STYLE('',(#15683));
#15683 = FILL_AREA_STYLE_COLOUR('',#14619);
#15684 = CURVE_STYLE('',#15685,POSITIVE_LENGTH_MEASURE(0.1),#14619);
#15685 = DRAUGHTING_PRE_DEFINED_CURVE_FONT('continuous');
#15686 = STYLED_ITEM('color',(#15687),#6715);
#15687 = PRESENTATION_STYLE_ASSIGNMENT((#15688,#15693));
#15688 = SURFACE_STYLE_USAGE(.BOTH.,#15689);
#15689 = SURFACE_SIDE_STYLE('',(#15690));
#15690 = SURFACE_STYLE_FILL_AREA(#15691);
#15691 = FILL_AREA_STYLE('',(#15692));
#15692 = FILL_AREA_STYLE_COLOUR('',#14619);
#15693 = CURVE_STYLE('',#15694,POSITIVE_LENGTH_MEASURE(0.1),#14619);
#15694 = DRAUGHTING_PRE_DEFINED_CURVE_FONT('continuous');
#15695 = STYLED_ITEM('color',(#15696),#6738);
#15696 = PRESENTATION_STYLE_ASSIGNMENT((#15697,#15702));
#15697 = SURFACE_STYLE_USAGE(.BOTH.,#15698);
#15698 = SURFACE_SIDE_STYLE('',(#15699));
#15699 = SURFACE_STYLE_FILL_AREA(#15700);
#15700 = FILL_AREA_STYLE('',(#15701));
#15701 = FILL_AREA_STYLE_COLOUR('',#14619);
#15702 = CURVE_STYLE('',#15703,POSITIVE_LENGTH_MEASURE(0.1),#14619);
#15703 = DRAUGHTING_PRE_DEFINED_CURVE_FONT('continuous');
#15704 = STYLED_ITEM('color',(#15705),#6768);
#15705 = PRESENTATION_STYLE_ASSIGNMENT((#15706,#15711));
#15706 = SURFACE_STYLE_USAGE(.BOTH.,#15707);
#15707 = SURFACE_SIDE_STYLE('',(#15708));
#15708 = SURFACE_STYLE_FILL_AREA(#15709);
#15709 = FILL_AREA_STYLE('',(#15710));
#15710 = FILL_AREA_STYLE_COLOUR('',#14648);
#15711 = CURVE_STYLE('',#15712,POSITIVE_LENGTH_MEASURE(0.1),#14648);
#15712 = DRAUGHTING_PRE_DEFINED_CURVE_FONT('continuous');
#15713 = STYLED_ITEM('color',(#15714),#6801);
#15714 = PRESENTATION_STYLE_ASSIGNMENT((#15715,#15720));
#15715 = SURFACE_STYLE_USAGE(.BOTH.,#15716);
#15716 = SURFACE_SIDE_STYLE('',(#15717));
#15717 = SURFACE_STYLE_FILL_AREA(#15718);
#15718 = FILL_AREA_STYLE('',(#15719));
#15719 = FILL_AREA_STYLE_COLOUR('',#14619);
#15720 = CURVE_STYLE('',#15721,POSITIVE_LENGTH_MEASURE(0.1),#14619);
#15721 = DRAUGHTING_PRE_DEFINED_CURVE_FONT('continuous');
#15722 = STYLED_ITEM('color',(#15723),#6831);
#15723 = PRESENTATION_STYLE_ASSIGNMENT((#15724,#15729));
#15724 = SURFACE_STYLE_USAGE(.BOTH.,#15725);
#15725 = SURFACE_SIDE_STYLE('',(#15726));
#15726 = SURFACE_STYLE_FILL_AREA(#15727);
#15727 = FILL_AREA_STYLE('',(#15728));
#15728 = FILL_AREA_STYLE_COLOUR('',#14619);
#15729 = CURVE_STYLE('',#15730,POSITIVE_LENGTH_MEASURE(0.1),#14619);
#15730 = DRAUGHTING_PRE_DEFINED_CURVE_FONT('continuous');
#15731 = STYLED_ITEM('color',(#15732),#6854);
#15732 = PRESENTATION_STYLE_ASSIGNMENT((#15733,#15738));
#15733 = SURFACE_STYLE_USAGE(.BOTH.,#15734);
#15734 = SURFACE_SIDE_STYLE('',(#15735));
#15735 = SURFACE_STYLE_FILL_AREA(#15736);
#15736 = FILL_AREA_STYLE('',(#15737));
#15737 = FILL_AREA_STYLE_COLOUR('',#14619);
#15738 = CURVE_STYLE('',#15739,POSITIVE_LENGTH_MEASURE(0.1),#14619);
#15739 = DRAUGHTING_PRE_DEFINED_CURVE_FONT('continuous');
#15740 = STYLED_ITEM('color',(#15741),#6877);
#15741 = PRESENTATION_STYLE_ASSIGNMENT((#15742,#15747));
#15742 = SURFACE_STYLE_USAGE(.BOTH.,#15743);
#15743 = SURFACE_SIDE_STYLE('',(#15744));
#15744 = SURFACE_STYLE_FILL_AREA(#15745);
#15745 = FILL_AREA_STYLE('',(#15746));
#15746 = FILL_AREA_STYLE_COLOUR('',#14619);
#15747 = CURVE_STYLE('',#15748,POSITIVE_LENGTH_MEASURE(0.1),#14619);
#15748 = DRAUGHTING_PRE_DEFINED_CURVE_FONT('continuous');
#15749 = STYLED_ITEM('color',(#15750),#6900);
#15750 = PRESENTATION_STYLE_ASSIGNMENT((#15751,#15756));
#15751 = SURFACE_STYLE_USAGE(.BOTH.,#15752);
#15752 = SURFACE_SIDE_STYLE('',(#15753));
#15753 = SURFACE_STYLE_FILL_AREA(#15754);
#15754 = FILL_AREA_STYLE('',(#15755));
#15755 = FILL_AREA_STYLE_COLOUR('',#14619);
#15756 = CURVE_STYLE('',#15757,POSITIVE_LENGTH_MEASURE(0.1),#14619);
#15757 = DRAUGHTING_PRE_DEFINED_CURVE_FONT('continuous');
#15758 = STYLED_ITEM('color',(#15759),#6923);
#15759 = PRESENTATION_STYLE_ASSIGNMENT((#15760,#15765));
#15760 = SURFACE_STYLE_USAGE(.BOTH.,#15761);
#15761 = SURFACE_SIDE_STYLE('',(#15762));
#15762 = SURFACE_STYLE_FILL_AREA(#15763);
#15763 = FILL_AREA_STYLE('',(#15764));
#15764 = FILL_AREA_STYLE_COLOUR('',#14619);
#15765 = CURVE_STYLE('',#15766,POSITIVE_LENGTH_MEASURE(0.1),#14619);
#15766 = DRAUGHTING_PRE_DEFINED_CURVE_FONT('continuous');
#15767 = STYLED_ITEM('color',(#15768),#6946);
#15768 = PRESENTATION_STYLE_ASSIGNMENT((#15769,#15774));
#15769 = SURFACE_STYLE_USAGE(.BOTH.,#15770);
#15770 = SURFACE_SIDE_STYLE('',(#15771));
#15771 = SURFACE_STYLE_FILL_AREA(#15772);
#15772 = FILL_AREA_STYLE('',(#15773));
#15773 = FILL_AREA_STYLE_COLOUR('',#14619);
#15774 = CURVE_STYLE('',#15775,POSITIVE_LENGTH_MEASURE(0.1),#14619);
#15775 = DRAUGHTING_PRE_DEFINED_CURVE_FONT('continuous');
#15776 = STYLED_ITEM('color',(#15777),#6979);
#15777 = PRESENTATION_STYLE_ASSIGNMENT((#15778,#15783));
#15778 = SURFACE_STYLE_USAGE(.BOTH.,#15779);
#15779 = SURFACE_SIDE_STYLE('',(#15780));
#15780 = SURFACE_STYLE_FILL_AREA(#15781);
#15781 = FILL_AREA_STYLE('',(#15782));
#15782 = FILL_AREA_STYLE_COLOUR('',#14619);
#15783 = CURVE_STYLE('',#15784,POSITIVE_LENGTH_MEASURE(0.1),#14619);
#15784 = DRAUGHTING_PRE_DEFINED_CURVE_FONT('continuous');
#15785 = STYLED_ITEM('color',(#15786),#7002);
#15786 = PRESENTATION_STYLE_ASSIGNMENT((#15787,#15792));
#15787 = SURFACE_STYLE_USAGE(.BOTH.,#15788);
#15788 = SURFACE_SIDE_STYLE('',(#15789));
#15789 = SURFACE_STYLE_FILL_AREA(#15790);
#15790 = FILL_AREA_STYLE('',(#15791));
#15791 = FILL_AREA_STYLE_COLOUR('',#14619);
#15792 = CURVE_STYLE('',#15793,POSITIVE_LENGTH_MEASURE(0.1),#14619);
#15793 = DRAUGHTING_PRE_DEFINED_CURVE_FONT('continuous');
#15794 = STYLED_ITEM('color',(#15795),#7025);
#15795 = PRESENTATION_STYLE_ASSIGNMENT((#15796,#15801));
#15796 = SURFACE_STYLE_USAGE(.BOTH.,#15797);
#15797 = SURFACE_SIDE_STYLE('',(#15798));
#15798 = SURFACE_STYLE_FILL_AREA(#15799);
#15799 = FILL_AREA_STYLE('',(#15800));
#15800 = FILL_AREA_STYLE_COLOUR('',#14619);
#15801 = CURVE_STYLE('',#15802,POSITIVE_LENGTH_MEASURE(0.1),#14619);
#15802 = DRAUGHTING_PRE_DEFINED_CURVE_FONT('continuous');
#15803 = STYLED_ITEM('color',(#15804),#7113);
#15804 = PRESENTATION_STYLE_ASSIGNMENT((#15805,#15810));
#15805 = SURFACE_STYLE_USAGE(.BOTH.,#15806);
#15806 = SURFACE_SIDE_STYLE('',(#15807));
#15807 = SURFACE_STYLE_FILL_AREA(#15808);
#15808 = FILL_AREA_STYLE('',(#15809));
#15809 = FILL_AREA_STYLE_COLOUR('',#14648);
#15810 = CURVE_STYLE('',#15811,POSITIVE_LENGTH_MEASURE(0.1),#14648);
#15811 = DRAUGHTING_PRE_DEFINED_CURVE_FONT('continuous');
#15812 = STYLED_ITEM('color',(#15813),#7188);
#15813 = PRESENTATION_STYLE_ASSIGNMENT((#15814,#15819));
#15814 = SURFACE_STYLE_USAGE(.BOTH.,#15815);
#15815 = SURFACE_SIDE_STYLE('',(#15816));
#15816 = SURFACE_STYLE_FILL_AREA(#15817);
#15817 = FILL_AREA_STYLE('',(#15818));
#15818 = FILL_AREA_STYLE_COLOUR('',#14648);
#15819 = CURVE_STYLE('',#15820,POSITIVE_LENGTH_MEASURE(0.1),#14648);
#15820 = DRAUGHTING_PRE_DEFINED_CURVE_FONT('continuous');
#15821 = STYLED_ITEM('color',(#15822),#7212);
#15822 = PRESENTATION_STYLE_ASSIGNMENT((#15823,#15828));
#15823 = SURFACE_STYLE_USAGE(.BOTH.,#15824);
#15824 = SURFACE_SIDE_STYLE('',(#15825));
#15825 = SURFACE_STYLE_FILL_AREA(#15826);
#15826 = FILL_AREA_STYLE('',(#15827));
#15827 = FILL_AREA_STYLE_COLOUR('',#14648);
#15828 = CURVE_STYLE('',#15829,POSITIVE_LENGTH_MEASURE(0.1),#14648);
#15829 = DRAUGHTING_PRE_DEFINED_CURVE_FONT('continuous');
#15830 = STYLED_ITEM('color',(#15831),#7280);
#15831 = PRESENTATION_STYLE_ASSIGNMENT((#15832,#15837));
#15832 = SURFACE_STYLE_USAGE(.BOTH.,#15833);
#15833 = SURFACE_SIDE_STYLE('',(#15834));
#15834 = SURFACE_STYLE_FILL_AREA(#15835);
#15835 = FILL_AREA_STYLE('',(#15836));
#15836 = FILL_AREA_STYLE_COLOUR('',#14619);
#15837 = CURVE_STYLE('',#15838,POSITIVE_LENGTH_MEASURE(0.1),#14619);
#15838 = DRAUGHTING_PRE_DEFINED_CURVE_FONT('continuous');
#15839 = STYLED_ITEM('color',(#15840),#7368);
#15840 = PRESENTATION_STYLE_ASSIGNMENT((#15841,#15846));
#15841 = SURFACE_STYLE_USAGE(.BOTH.,#15842);
#15842 = SURFACE_SIDE_STYLE('',(#15843));
#15843 = SURFACE_STYLE_FILL_AREA(#15844);
#15844 = FILL_AREA_STYLE('',(#15845));
#15845 = FILL_AREA_STYLE_COLOUR('',#14619);
#15846 = CURVE_STYLE('',#15847,POSITIVE_LENGTH_MEASURE(0.1),#14619);
#15847 = DRAUGHTING_PRE_DEFINED_CURVE_FONT('continuous');
#15848 = STYLED_ITEM('color',(#15849),#7384);
#15849 = PRESENTATION_STYLE_ASSIGNMENT((#15850,#15855));
#15850 = SURFACE_STYLE_USAGE(.BOTH.,#15851);
#15851 = SURFACE_SIDE_STYLE('',(#15852));
#15852 = SURFACE_STYLE_FILL_AREA(#15853);
#15853 = FILL_AREA_STYLE('',(#15854));
#15854 = FILL_AREA_STYLE_COLOUR('',#14619);
#15855 = CURVE_STYLE('',#15856,POSITIVE_LENGTH_MEASURE(0.1),#14619);
#15856 = DRAUGHTING_PRE_DEFINED_CURVE_FONT('continuous');
#15857 = STYLED_ITEM('color',(#15858),#7400);
#15858 = PRESENTATION_STYLE_ASSIGNMENT((#15859,#15864));
#15859 = SURFACE_STYLE_USAGE(.BOTH.,#15860);
#15860 = SURFACE_SIDE_STYLE('',(#15861));
#15861 = SURFACE_STYLE_FILL_AREA(#15862);
#15862 = FILL_AREA_STYLE('',(#15863));
#15863 = FILL_AREA_STYLE_COLOUR('',#14619);
#15864 = CURVE_STYLE('',#15865,POSITIVE_LENGTH_MEASURE(0.1),#14619);
#15865 = DRAUGHTING_PRE_DEFINED_CURVE_FONT('continuous');
#15866 = STYLED_ITEM('color',(#15867),#7416);
#15867 = PRESENTATION_STYLE_ASSIGNMENT((#15868,#15873));
#15868 = SURFACE_STYLE_USAGE(.BOTH.,#15869);
#15869 = SURFACE_SIDE_STYLE('',(#15870));
#15870 = SURFACE_STYLE_FILL_AREA(#15871);
#15871 = FILL_AREA_STYLE('',(#15872));
#15872 = FILL_AREA_STYLE_COLOUR('',#14619);
#15873 = CURVE_STYLE('',#15874,POSITIVE_LENGTH_MEASURE(0.1),#14619);
#15874 = DRAUGHTING_PRE_DEFINED_CURVE_FONT('continuous');
#15875 = STYLED_ITEM('color',(#15876),#7432);
#15876 = PRESENTATION_STYLE_ASSIGNMENT((#15877,#15882));
#15877 = SURFACE_STYLE_USAGE(.BOTH.,#15878);
#15878 = SURFACE_SIDE_STYLE('',(#15879));
#15879 = SURFACE_STYLE_FILL_AREA(#15880);
#15880 = FILL_AREA_STYLE('',(#15881));
#15881 = FILL_AREA_STYLE_COLOUR('',#14619);
#15882 = CURVE_STYLE('',#15883,POSITIVE_LENGTH_MEASURE(0.1),#14619);
#15883 = DRAUGHTING_PRE_DEFINED_CURVE_FONT('continuous');
#15884 = STYLED_ITEM('color',(#15885),#7449);
#15885 = PRESENTATION_STYLE_ASSIGNMENT((#15886,#15891));
#15886 = SURFACE_STYLE_USAGE(.BOTH.,#15887);
#15887 = SURFACE_SIDE_STYLE('',(#15888));
#15888 = SURFACE_STYLE_FILL_AREA(#15889);
#15889 = FILL_AREA_STYLE('',(#15890));
#15890 = FILL_AREA_STYLE_COLOUR('',#14648);
#15891 = CURVE_STYLE('',#15892,POSITIVE_LENGTH_MEASURE(0.1),#14648);
#15892 = DRAUGHTING_PRE_DEFINED_CURVE_FONT('continuous');
#15893 = STYLED_ITEM('color',(#15894),#7482);
#15894 = PRESENTATION_STYLE_ASSIGNMENT((#15895,#15900));
#15895 = SURFACE_STYLE_USAGE(.BOTH.,#15896);
#15896 = SURFACE_SIDE_STYLE('',(#15897));
#15897 = SURFACE_STYLE_FILL_AREA(#15898);
#15898 = FILL_AREA_STYLE('',(#15899));
#15899 = FILL_AREA_STYLE_COLOUR('',#14619);
#15900 = CURVE_STYLE('',#15901,POSITIVE_LENGTH_MEASURE(0.1),#14619);
#15901 = DRAUGHTING_PRE_DEFINED_CURVE_FONT('continuous');
#15902 = STYLED_ITEM('color',(#15903),#7499);
#15903 = PRESENTATION_STYLE_ASSIGNMENT((#15904,#15909));
#15904 = SURFACE_STYLE_USAGE(.BOTH.,#15905);
#15905 = SURFACE_SIDE_STYLE('',(#15906));
#15906 = SURFACE_STYLE_FILL_AREA(#15907);
#15907 = FILL_AREA_STYLE('',(#15908));
#15908 = FILL_AREA_STYLE_COLOUR('',#14648);
#15909 = CURVE_STYLE('',#15910,POSITIVE_LENGTH_MEASURE(0.1),#14648);
#15910 = DRAUGHTING_PRE_DEFINED_CURVE_FONT('continuous');
#15911 = STYLED_ITEM('color',(#15912),#7521);
#15912 = PRESENTATION_STYLE_ASSIGNMENT((#15913,#15918));
#15913 = SURFACE_STYLE_USAGE(.BOTH.,#15914);
#15914 = SURFACE_SIDE_STYLE('',(#15915));
#15915 = SURFACE_STYLE_FILL_AREA(#15916);
#15916 = FILL_AREA_STYLE('',(#15917));
#15917 = FILL_AREA_STYLE_COLOUR('',#14619);
#15918 = CURVE_STYLE('',#15919,POSITIVE_LENGTH_MEASURE(0.1),#14619);
#15919 = DRAUGHTING_PRE_DEFINED_CURVE_FONT('continuous');
#15920 = STYLED_ITEM('color',(#15921),#7552);
#15921 = PRESENTATION_STYLE_ASSIGNMENT((#15922,#15927));
#15922 = SURFACE_STYLE_USAGE(.BOTH.,#15923);
#15923 = SURFACE_SIDE_STYLE('',(#15924));
#15924 = SURFACE_STYLE_FILL_AREA(#15925);
#15925 = FILL_AREA_STYLE('',(#15926));
#15926 = FILL_AREA_STYLE_COLOUR('',#14619);
#15927 = CURVE_STYLE('',#15928,POSITIVE_LENGTH_MEASURE(0.1),#14619);
#15928 = DRAUGHTING_PRE_DEFINED_CURVE_FONT('continuous');
#15929 = STYLED_ITEM('color',(#15930),#7575);
#15930 = PRESENTATION_STYLE_ASSIGNMENT((#15931,#15936));
#15931 = SURFACE_STYLE_USAGE(.BOTH.,#15932);
#15932 = SURFACE_SIDE_STYLE('',(#15933));
#15933 = SURFACE_STYLE_FILL_AREA(#15934);
#15934 = FILL_AREA_STYLE('',(#15935));
#15935 = FILL_AREA_STYLE_COLOUR('',#14619);
#15936 = CURVE_STYLE('',#15937,POSITIVE_LENGTH_MEASURE(0.1),#14619);
#15937 = DRAUGHTING_PRE_DEFINED_CURVE_FONT('continuous');
#15938 = STYLED_ITEM('color',(#15939),#7598);
#15939 = PRESENTATION_STYLE_ASSIGNMENT((#15940,#15945));
#15940 = SURFACE_STYLE_USAGE(.BOTH.,#15941);
#15941 = SURFACE_SIDE_STYLE('',(#15942));
#15942 = SURFACE_STYLE_FILL_AREA(#15943);
#15943 = FILL_AREA_STYLE('',(#15944));
#15944 = FILL_AREA_STYLE_COLOUR('',#14619);
#15945 = CURVE_STYLE('',#15946,POSITIVE_LENGTH_MEASURE(0.1),#14619);
#15946 = DRAUGHTING_PRE_DEFINED_CURVE_FONT('continuous');
#15947 = STYLED_ITEM('color',(#15948),#7621);
#15948 = PRESENTATION_STYLE_ASSIGNMENT((#15949,#15954));
#15949 = SURFACE_STYLE_USAGE(.BOTH.,#15950);
#15950 = SURFACE_SIDE_STYLE('',(#15951));
#15951 = SURFACE_STYLE_FILL_AREA(#15952);
#15952 = FILL_AREA_STYLE('',(#15953));
#15953 = FILL_AREA_STYLE_COLOUR('',#14619);
#15954 = CURVE_STYLE('',#15955,POSITIVE_LENGTH_MEASURE(0.1),#14619);
#15955 = DRAUGHTING_PRE_DEFINED_CURVE_FONT('continuous');
#15956 = STYLED_ITEM('color',(#15957),#7651);
#15957 = PRESENTATION_STYLE_ASSIGNMENT((#15958,#15963));
#15958 = SURFACE_STYLE_USAGE(.BOTH.,#15959);
#15959 = SURFACE_SIDE_STYLE('',(#15960));
#15960 = SURFACE_STYLE_FILL_AREA(#15961);
#15961 = FILL_AREA_STYLE('',(#15962));
#15962 = FILL_AREA_STYLE_COLOUR('',#14648);
#15963 = CURVE_STYLE('',#15964,POSITIVE_LENGTH_MEASURE(0.1),#14648);
#15964 = DRAUGHTING_PRE_DEFINED_CURVE_FONT('continuous');
#15965 = STYLED_ITEM('color',(#15966),#7668);
#15966 = PRESENTATION_STYLE_ASSIGNMENT((#15967,#15972));
#15967 = SURFACE_STYLE_USAGE(.BOTH.,#15968);
#15968 = SURFACE_SIDE_STYLE('',(#15969));
#15969 = SURFACE_STYLE_FILL_AREA(#15970);
#15970 = FILL_AREA_STYLE('',(#15971));
#15971 = FILL_AREA_STYLE_COLOUR('',#14648);
#15972 = CURVE_STYLE('',#15973,POSITIVE_LENGTH_MEASURE(0.1),#14648);
#15973 = DRAUGHTING_PRE_DEFINED_CURVE_FONT('continuous');
#15974 = STYLED_ITEM('color',(#15975),#7685);
#15975 = PRESENTATION_STYLE_ASSIGNMENT((#15976,#15981));
#15976 = SURFACE_STYLE_USAGE(.BOTH.,#15977);
#15977 = SURFACE_SIDE_STYLE('',(#15978));
#15978 = SURFACE_STYLE_FILL_AREA(#15979);
#15979 = FILL_AREA_STYLE('',(#15980));
#15980 = FILL_AREA_STYLE_COLOUR('',#14648);
#15981 = CURVE_STYLE('',#15982,POSITIVE_LENGTH_MEASURE(0.1),#14648);
#15982 = DRAUGHTING_PRE_DEFINED_CURVE_FONT('continuous');
#15983 = STYLED_ITEM('color',(#15984),#7702);
#15984 = PRESENTATION_STYLE_ASSIGNMENT((#15985,#15990));
#15985 = SURFACE_STYLE_USAGE(.BOTH.,#15986);
#15986 = SURFACE_SIDE_STYLE('',(#15987));
#15987 = SURFACE_STYLE_FILL_AREA(#15988);
#15988 = FILL_AREA_STYLE('',(#15989));
#15989 = FILL_AREA_STYLE_COLOUR('',#14648);
#15990 = CURVE_STYLE('',#15991,POSITIVE_LENGTH_MEASURE(0.1),#14648);
#15991 = DRAUGHTING_PRE_DEFINED_CURVE_FONT('continuous');
#15992 = STYLED_ITEM('color',(#15993),#7719);
#15993 = PRESENTATION_STYLE_ASSIGNMENT((#15994,#15999));
#15994 = SURFACE_STYLE_USAGE(.BOTH.,#15995);
#15995 = SURFACE_SIDE_STYLE('',(#15996));
#15996 = SURFACE_STYLE_FILL_AREA(#15997);
#15997 = FILL_AREA_STYLE('',(#15998));
#15998 = FILL_AREA_STYLE_COLOUR('',#14648);
#15999 = CURVE_STYLE('',#16000,POSITIVE_LENGTH_MEASURE(0.1),#14648);
#16000 = DRAUGHTING_PRE_DEFINED_CURVE_FONT('continuous');
#16001 = STYLED_ITEM('color',(#16002),#7736);
#16002 = PRESENTATION_STYLE_ASSIGNMENT((#16003,#16008));
#16003 = SURFACE_STYLE_USAGE(.BOTH.,#16004);
#16004 = SURFACE_SIDE_STYLE('',(#16005));
#16005 = SURFACE_STYLE_FILL_AREA(#16006);
#16006 = FILL_AREA_STYLE('',(#16007));
#16007 = FILL_AREA_STYLE_COLOUR('',#14648);
#16008 = CURVE_STYLE('',#16009,POSITIVE_LENGTH_MEASURE(0.1),#14648);
#16009 = DRAUGHTING_PRE_DEFINED_CURVE_FONT('continuous');
#16010 = STYLED_ITEM('color',(#16011),#7753);
#16011 = PRESENTATION_STYLE_ASSIGNMENT((#16012,#16017));
#16012 = SURFACE_STYLE_USAGE(.BOTH.,#16013);
#16013 = SURFACE_SIDE_STYLE('',(#16014));
#16014 = SURFACE_STYLE_FILL_AREA(#16015);
#16015 = FILL_AREA_STYLE('',(#16016));
#16016 = FILL_AREA_STYLE_COLOUR('',#14648);
#16017 = CURVE_STYLE('',#16018,POSITIVE_LENGTH_MEASURE(0.1),#14648);
#16018 = DRAUGHTING_PRE_DEFINED_CURVE_FONT('continuous');
#16019 = STYLED_ITEM('color',(#16020),#7770);
#16020 = PRESENTATION_STYLE_ASSIGNMENT((#16021,#16026));
#16021 = SURFACE_STYLE_USAGE(.BOTH.,#16022);
#16022 = SURFACE_SIDE_STYLE('',(#16023));
#16023 = SURFACE_STYLE_FILL_AREA(#16024);
#16024 = FILL_AREA_STYLE('',(#16025));
#16025 = FILL_AREA_STYLE_COLOUR('',#14648);
#16026 = CURVE_STYLE('',#16027,POSITIVE_LENGTH_MEASURE(0.1),#14648);
#16027 = DRAUGHTING_PRE_DEFINED_CURVE_FONT('continuous');
#16028 = STYLED_ITEM('color',(#16029),#7782);
#16029 = PRESENTATION_STYLE_ASSIGNMENT((#16030,#16035));
#16030 = SURFACE_STYLE_USAGE(.BOTH.,#16031);
#16031 = SURFACE_SIDE_STYLE('',(#16032));
#16032 = SURFACE_STYLE_FILL_AREA(#16033);
#16033 = FILL_AREA_STYLE('',(#16034));
#16034 = FILL_AREA_STYLE_COLOUR('',#14619);
#16035 = CURVE_STYLE('',#16036,POSITIVE_LENGTH_MEASURE(0.1),#14619);
#16036 = DRAUGHTING_PRE_DEFINED_CURVE_FONT('continuous');
#16037 = STYLED_ITEM('color',(#16038),#7805);
#16038 = PRESENTATION_STYLE_ASSIGNMENT((#16039,#16044));
#16039 = SURFACE_STYLE_USAGE(.BOTH.,#16040);
#16040 = SURFACE_SIDE_STYLE('',(#16041));
#16041 = SURFACE_STYLE_FILL_AREA(#16042);
#16042 = FILL_AREA_STYLE('',(#16043));
#16043 = FILL_AREA_STYLE_COLOUR('',#14619);
#16044 = CURVE_STYLE('',#16045,POSITIVE_LENGTH_MEASURE(0.1),#14619);
#16045 = DRAUGHTING_PRE_DEFINED_CURVE_FONT('continuous');
#16046 = STYLED_ITEM('color',(#16047),#7828);
#16047 = PRESENTATION_STYLE_ASSIGNMENT((#16048,#16053));
#16048 = SURFACE_STYLE_USAGE(.BOTH.,#16049);
#16049 = SURFACE_SIDE_STYLE('',(#16050));
#16050 = SURFACE_STYLE_FILL_AREA(#16051);
#16051 = FILL_AREA_STYLE('',(#16052));
#16052 = FILL_AREA_STYLE_COLOUR('',#14619);
#16053 = CURVE_STYLE('',#16054,POSITIVE_LENGTH_MEASURE(0.1),#14619);
#16054 = DRAUGHTING_PRE_DEFINED_CURVE_FONT('continuous');
#16055 = STYLED_ITEM('color',(#16056),#7845);
#16056 = PRESENTATION_STYLE_ASSIGNMENT((#16057,#16062));
#16057 = SURFACE_STYLE_USAGE(.BOTH.,#16058);
#16058 = SURFACE_SIDE_STYLE('',(#16059));
#16059 = SURFACE_STYLE_FILL_AREA(#16060);
#16060 = FILL_AREA_STYLE('',(#16061));
#16061 = FILL_AREA_STYLE_COLOUR('',#14648);
#16062 = CURVE_STYLE('',#16063,POSITIVE_LENGTH_MEASURE(0.1),#14648);
#16063 = DRAUGHTING_PRE_DEFINED_CURVE_FONT('continuous');
#16064 = STYLED_ITEM('color',(#16065),#7920);
#16065 = PRESENTATION_STYLE_ASSIGNMENT((#16066,#16071));
#16066 = SURFACE_STYLE_USAGE(.BOTH.,#16067);
#16067 = SURFACE_SIDE_STYLE('',(#16068));
#16068 = SURFACE_STYLE_FILL_AREA(#16069);
#16069 = FILL_AREA_STYLE('',(#16070));
#16070 = FILL_AREA_STYLE_COLOUR('',#14648);
#16071 = CURVE_STYLE('',#16072,POSITIVE_LENGTH_MEASURE(0.1),#14648);
#16072 = DRAUGHTING_PRE_DEFINED_CURVE_FONT('continuous');
#16073 = STYLED_ITEM('color',(#16074),#7944);
#16074 = PRESENTATION_STYLE_ASSIGNMENT((#16075,#16080));
#16075 = SURFACE_STYLE_USAGE(.BOTH.,#16076);
#16076 = SURFACE_SIDE_STYLE('',(#16077));
#16077 = SURFACE_STYLE_FILL_AREA(#16078);
#16078 = FILL_AREA_STYLE('',(#16079));
#16079 = FILL_AREA_STYLE_COLOUR('',#14648);
#16080 = CURVE_STYLE('',#16081,POSITIVE_LENGTH_MEASURE(0.1),#14648);
#16081 = DRAUGHTING_PRE_DEFINED_CURVE_FONT('continuous');
#16082 = STYLED_ITEM('color',(#16083),#8012);
#16083 = PRESENTATION_STYLE_ASSIGNMENT((#16084,#16089));
#16084 = SURFACE_STYLE_USAGE(.BOTH.,#16085);
#16085 = SURFACE_SIDE_STYLE('',(#16086));
#16086 = SURFACE_STYLE_FILL_AREA(#16087);
#16087 = FILL_AREA_STYLE('',(#16088));
#16088 = FILL_AREA_STYLE_COLOUR('',#14648);
#16089 = CURVE_STYLE('',#16090,POSITIVE_LENGTH_MEASURE(0.1),#14648);
#16090 = DRAUGHTING_PRE_DEFINED_CURVE_FONT('continuous');
#16091 = STYLED_ITEM('color',(#16092),#8029);
#16092 = PRESENTATION_STYLE_ASSIGNMENT((#16093,#16098));
#16093 = SURFACE_STYLE_USAGE(.BOTH.,#16094);
#16094 = SURFACE_SIDE_STYLE('',(#16095));
#16095 = SURFACE_STYLE_FILL_AREA(#16096);
#16096 = FILL_AREA_STYLE('',(#16097));
#16097 = FILL_AREA_STYLE_COLOUR('',#14619);
#16098 = CURVE_STYLE('',#16099,POSITIVE_LENGTH_MEASURE(0.1),#14619);
#16099 = DRAUGHTING_PRE_DEFINED_CURVE_FONT('continuous');
#16100 = STYLED_ITEM('color',(#16101),#8079);
#16101 = PRESENTATION_STYLE_ASSIGNMENT((#16102,#16107));
#16102 = SURFACE_STYLE_USAGE(.BOTH.,#16103);
#16103 = SURFACE_SIDE_STYLE('',(#16104));
#16104 = SURFACE_STYLE_FILL_AREA(#16105);
#16105 = FILL_AREA_STYLE('',(#16106));
#16106 = FILL_AREA_STYLE_COLOUR('',#14648);
#16107 = CURVE_STYLE('',#16108,POSITIVE_LENGTH_MEASURE(0.1),#14648);
#16108 = DRAUGHTING_PRE_DEFINED_CURVE_FONT('continuous');
#16109 = STYLED_ITEM('color',(#16110),#8096);
#16110 = PRESENTATION_STYLE_ASSIGNMENT((#16111,#16116));
#16111 = SURFACE_STYLE_USAGE(.BOTH.,#16112);
#16112 = SURFACE_SIDE_STYLE('',(#16113));
#16113 = SURFACE_STYLE_FILL_AREA(#16114);
#16114 = FILL_AREA_STYLE('',(#16115));
#16115 = FILL_AREA_STYLE_COLOUR('',#14648);
#16116 = CURVE_STYLE('',#16117,POSITIVE_LENGTH_MEASURE(0.1),#14648);
#16117 = DRAUGHTING_PRE_DEFINED_CURVE_FONT('continuous');
#16118 = STYLED_ITEM('color',(#16119),#8113);
#16119 = PRESENTATION_STYLE_ASSIGNMENT((#16120,#16125));
#16120 = SURFACE_STYLE_USAGE(.BOTH.,#16121);
#16121 = SURFACE_SIDE_STYLE('',(#16122));
#16122 = SURFACE_STYLE_FILL_AREA(#16123);
#16123 = FILL_AREA_STYLE('',(#16124));
#16124 = FILL_AREA_STYLE_COLOUR('',#14648);
#16125 = CURVE_STYLE('',#16126,POSITIVE_LENGTH_MEASURE(0.1),#14648);
#16126 = DRAUGHTING_PRE_DEFINED_CURVE_FONT('continuous');
#16127 = STYLED_ITEM('color',(#16128),#8130);
#16128 = PRESENTATION_STYLE_ASSIGNMENT((#16129,#16134));
#16129 = SURFACE_STYLE_USAGE(.BOTH.,#16130);
#16130 = SURFACE_SIDE_STYLE('',(#16131));
#16131 = SURFACE_STYLE_FILL_AREA(#16132);
#16132 = FILL_AREA_STYLE('',(#16133));
#16133 = FILL_AREA_STYLE_COLOUR('',#14648);
#16134 = CURVE_STYLE('',#16135,POSITIVE_LENGTH_MEASURE(0.1),#14648);
#16135 = DRAUGHTING_PRE_DEFINED_CURVE_FONT('continuous');
#16136 = STYLED_ITEM('color',(#16137),#8147);
#16137 = PRESENTATION_STYLE_ASSIGNMENT((#16138,#16143));
#16138 = SURFACE_STYLE_USAGE(.BOTH.,#16139);
#16139 = SURFACE_SIDE_STYLE('',(#16140));
#16140 = SURFACE_STYLE_FILL_AREA(#16141);
#16141 = FILL_AREA_STYLE('',(#16142));
#16142 = FILL_AREA_STYLE_COLOUR('',#14648);
#16143 = CURVE_STYLE('',#16144,POSITIVE_LENGTH_MEASURE(0.1),#14648);
#16144 = DRAUGHTING_PRE_DEFINED_CURVE_FONT('continuous');
#16145 = STYLED_ITEM('color',(#16146),#8164);
#16146 = PRESENTATION_STYLE_ASSIGNMENT((#16147,#16152));
#16147 = SURFACE_STYLE_USAGE(.BOTH.,#16148);
#16148 = SURFACE_SIDE_STYLE('',(#16149));
#16149 = SURFACE_STYLE_FILL_AREA(#16150);
#16150 = FILL_AREA_STYLE('',(#16151));
#16151 = FILL_AREA_STYLE_COLOUR('',#14648);
#16152 = CURVE_STYLE('',#16153,POSITIVE_LENGTH_MEASURE(0.1),#14648);
#16153 = DRAUGHTING_PRE_DEFINED_CURVE_FONT('continuous');
#16154 = STYLED_ITEM('color',(#16155),#8176);
#16155 = PRESENTATION_STYLE_ASSIGNMENT((#16156,#16161));
#16156 = SURFACE_STYLE_USAGE(.BOTH.,#16157);
#16157 = SURFACE_SIDE_STYLE('',(#16158));
#16158 = SURFACE_STYLE_FILL_AREA(#16159);
#16159 = FILL_AREA_STYLE('',(#16160));
#16160 = FILL_AREA_STYLE_COLOUR('',#15664);
#16161 = CURVE_STYLE('',#16162,POSITIVE_LENGTH_MEASURE(0.1),#15664);
#16162 = DRAUGHTING_PRE_DEFINED_CURVE_FONT('continuous');
#16163 = STYLED_ITEM('color',(#16164),#8207);
#16164 = PRESENTATION_STYLE_ASSIGNMENT((#16165,#16170));
#16165 = SURFACE_STYLE_USAGE(.BOTH.,#16166);
#16166 = SURFACE_SIDE_STYLE('',(#16167));
#16167 = SURFACE_STYLE_FILL_AREA(#16168);
#16168 = FILL_AREA_STYLE('',(#16169));
#16169 = FILL_AREA_STYLE_COLOUR('',#15664);
#16170 = CURVE_STYLE('',#16171,POSITIVE_LENGTH_MEASURE(0.1),#15664);
#16171 = DRAUGHTING_PRE_DEFINED_CURVE_FONT('continuous');
#16172 = STYLED_ITEM('color',(#16173),#8231);
#16173 = PRESENTATION_STYLE_ASSIGNMENT((#16174,#16179));
#16174 = SURFACE_STYLE_USAGE(.BOTH.,#16175);
#16175 = SURFACE_SIDE_STYLE('',(#16176));
#16176 = SURFACE_STYLE_FILL_AREA(#16177);
#16177 = FILL_AREA_STYLE('',(#16178));
#16178 = FILL_AREA_STYLE_COLOUR('',#15664);
#16179 = CURVE_STYLE('',#16180,POSITIVE_LENGTH_MEASURE(0.1),#15664);
#16180 = DRAUGHTING_PRE_DEFINED_CURVE_FONT('continuous');
#16181 = STYLED_ITEM('color',(#16182),#8255);
#16182 = PRESENTATION_STYLE_ASSIGNMENT((#16183,#16188));
#16183 = SURFACE_STYLE_USAGE(.BOTH.,#16184);
#16184 = SURFACE_SIDE_STYLE('',(#16185));
#16185 = SURFACE_STYLE_FILL_AREA(#16186);
#16186 = FILL_AREA_STYLE('',(#16187));
#16187 = FILL_AREA_STYLE_COLOUR('',#15664);
#16188 = CURVE_STYLE('',#16189,POSITIVE_LENGTH_MEASURE(0.1),#15664);
#16189 = DRAUGHTING_PRE_DEFINED_CURVE_FONT('continuous');
#16190 = STYLED_ITEM('color',(#16191),#8272);
#16191 = PRESENTATION_STYLE_ASSIGNMENT((#16192,#16197));
#16192 = SURFACE_STYLE_USAGE(.BOTH.,#16193);
#16193 = SURFACE_SIDE_STYLE('',(#16194));
#16194 = SURFACE_STYLE_FILL_AREA(#16195);
#16195 = FILL_AREA_STYLE('',(#16196));
#16196 = FILL_AREA_STYLE_COLOUR('',#15664);
#16197 = CURVE_STYLE('',#16198,POSITIVE_LENGTH_MEASURE(0.1),#15664);
#16198 = DRAUGHTING_PRE_DEFINED_CURVE_FONT('continuous');
#16199 = MECHANICAL_DESIGN_GEOMETRIC_PRESENTATION_REPRESENTATION('',(
    #16200,#16207,#16214,#16221,#16228,#16235,#16242,#16249,#16257,
    #16264,#16271,#16278,#16285,#16292,#16300,#16307,#16314,#16321,
    #16328,#16335,#16342,#16349,#16356,#16363,#16370,#16377),#4917);
#16200 = STYLED_ITEM('color',(#16201),#4129);
#16201 = PRESENTATION_STYLE_ASSIGNMENT((#16202));
#16202 = SURFACE_STYLE_USAGE(.BOTH.,#16203);
#16203 = SURFACE_SIDE_STYLE('',(#16204));
#16204 = SURFACE_STYLE_FILL_AREA(#16205);
#16205 = FILL_AREA_STYLE('',(#16206));
#16206 = FILL_AREA_STYLE_COLOUR('',#14648);
#16207 = STYLED_ITEM('color',(#16208),#4169);
#16208 = PRESENTATION_STYLE_ASSIGNMENT((#16209));
#16209 = SURFACE_STYLE_USAGE(.BOTH.,#16210);
#16210 = SURFACE_SIDE_STYLE('',(#16211));
#16211 = SURFACE_STYLE_FILL_AREA(#16212);
#16212 = FILL_AREA_STYLE('',(#16213));
#16213 = FILL_AREA_STYLE_COLOUR('',#14648);
#16214 = STYLED_ITEM('color',(#16215),#4252);
#16215 = PRESENTATION_STYLE_ASSIGNMENT((#16216));
#16216 = SURFACE_STYLE_USAGE(.BOTH.,#16217);
#16217 = SURFACE_SIDE_STYLE('',(#16218));
#16218 = SURFACE_STYLE_FILL_AREA(#16219);
#16219 = FILL_AREA_STYLE('',(#16220));
#16220 = FILL_AREA_STYLE_COLOUR('',#14648);
#16221 = STYLED_ITEM('color',(#16222),#4277);
#16222 = PRESENTATION_STYLE_ASSIGNMENT((#16223));
#16223 = SURFACE_STYLE_USAGE(.BOTH.,#16224);
#16224 = SURFACE_SIDE_STYLE('',(#16225));
#16225 = SURFACE_STYLE_FILL_AREA(#16226);
#16226 = FILL_AREA_STYLE('',(#16227));
#16227 = FILL_AREA_STYLE_COLOUR('',#14648);
#16228 = STYLED_ITEM('color',(#16229),#4302);
#16229 = PRESENTATION_STYLE_ASSIGNMENT((#16230));
#16230 = SURFACE_STYLE_USAGE(.BOTH.,#16231);
#16231 = SURFACE_SIDE_STYLE('',(#16232));
#16232 = SURFACE_STYLE_FILL_AREA(#16233);
#16233 = FILL_AREA_STYLE('',(#16234));
#16234 = FILL_AREA_STYLE_COLOUR('',#14648);
#16235 = STYLED_ITEM('color',(#16236),#4369);
#16236 = PRESENTATION_STYLE_ASSIGNMENT((#16237));
#16237 = SURFACE_STYLE_USAGE(.BOTH.,#16238);
#16238 = SURFACE_SIDE_STYLE('',(#16239));
#16239 = SURFACE_STYLE_FILL_AREA(#16240);
#16240 = FILL_AREA_STYLE('',(#16241));
#16241 = FILL_AREA_STYLE_COLOUR('',#14648);
#16242 = STYLED_ITEM('color',(#16243),#4386);
#16243 = PRESENTATION_STYLE_ASSIGNMENT((#16244));
#16244 = SURFACE_STYLE_USAGE(.BOTH.,#16245);
#16245 = SURFACE_SIDE_STYLE('',(#16246));
#16246 = SURFACE_STYLE_FILL_AREA(#16247);
#16247 = FILL_AREA_STYLE('',(#16248));
#16248 = FILL_AREA_STYLE_COLOUR('',#14648);
#16249 = STYLED_ITEM('color',(#16250),#4403);
#16250 = PRESENTATION_STYLE_ASSIGNMENT((#16251));
#16251 = SURFACE_STYLE_USAGE(.BOTH.,#16252);
#16252 = SURFACE_SIDE_STYLE('',(#16253));
#16253 = SURFACE_STYLE_FILL_AREA(#16254);
#16254 = FILL_AREA_STYLE('',(#16255));
#16255 = FILL_AREA_STYLE_COLOUR('',#16256);
#16256 = COLOUR_RGB('',0.894999966383,0.890999961016,0.813000030345);
#16257 = STYLED_ITEM('color',(#16258),#4452);
#16258 = PRESENTATION_STYLE_ASSIGNMENT((#16259));
#16259 = SURFACE_STYLE_USAGE(.BOTH.,#16260);
#16260 = SURFACE_SIDE_STYLE('',(#16261));
#16261 = SURFACE_STYLE_FILL_AREA(#16262);
#16262 = FILL_AREA_STYLE('',(#16263));
#16263 = FILL_AREA_STYLE_COLOUR('',#14648);
#16264 = STYLED_ITEM('color',(#16265),#4469);
#16265 = PRESENTATION_STYLE_ASSIGNMENT((#16266));
#16266 = SURFACE_STYLE_USAGE(.BOTH.,#16267);
#16267 = SURFACE_SIDE_STYLE('',(#16268));
#16268 = SURFACE_STYLE_FILL_AREA(#16269);
#16269 = FILL_AREA_STYLE('',(#16270));
#16270 = FILL_AREA_STYLE_COLOUR('',#14648);
#16271 = STYLED_ITEM('color',(#16272),#4486);
#16272 = PRESENTATION_STYLE_ASSIGNMENT((#16273));
#16273 = SURFACE_STYLE_USAGE(.BOTH.,#16274);
#16274 = SURFACE_SIDE_STYLE('',(#16275));
#16275 = SURFACE_STYLE_FILL_AREA(#16276);
#16276 = FILL_AREA_STYLE('',(#16277));
#16277 = FILL_AREA_STYLE_COLOUR('',#16256);
#16278 = STYLED_ITEM('color',(#16279),#4535);
#16279 = PRESENTATION_STYLE_ASSIGNMENT((#16280));
#16280 = SURFACE_STYLE_USAGE(.BOTH.,#16281);
#16281 = SURFACE_SIDE_STYLE('',(#16282));
#16282 = SURFACE_STYLE_FILL_AREA(#16283);
#16283 = FILL_AREA_STYLE('',(#16284));
#16284 = FILL_AREA_STYLE_COLOUR('',#16256);
#16285 = STYLED_ITEM('color',(#16286),#4552);
#16286 = PRESENTATION_STYLE_ASSIGNMENT((#16287));
#16287 = SURFACE_STYLE_USAGE(.BOTH.,#16288);
#16288 = SURFACE_SIDE_STYLE('',(#16289));
#16289 = SURFACE_STYLE_FILL_AREA(#16290);
#16290 = FILL_AREA_STYLE('',(#16291));
#16291 = FILL_AREA_STYLE_COLOUR('',#14648);
#16292 = STYLED_ITEM('color',(#16293),#4621);
#16293 = PRESENTATION_STYLE_ASSIGNMENT((#16294));
#16294 = SURFACE_STYLE_USAGE(.BOTH.,#16295);
#16295 = SURFACE_SIDE_STYLE('',(#16296));
#16296 = SURFACE_STYLE_FILL_AREA(#16297);
#16297 = FILL_AREA_STYLE('',(#16298));
#16298 = FILL_AREA_STYLE_COLOUR('',#16299);
#16299 = COLOUR_RGB('',8.200000279077E-02,8.600000121357E-02,
  9.399999706163E-02);
#16300 = STYLED_ITEM('color',(#16301),#4652);
#16301 = PRESENTATION_STYLE_ASSIGNMENT((#16302));
#16302 = SURFACE_STYLE_USAGE(.BOTH.,#16303);
#16303 = SURFACE_SIDE_STYLE('',(#16304));
#16304 = SURFACE_STYLE_FILL_AREA(#16305);
#16305 = FILL_AREA_STYLE('',(#16306));
#16306 = FILL_AREA_STYLE_COLOUR('',#16299);
#16307 = STYLED_ITEM('color',(#16308),#4676);
#16308 = PRESENTATION_STYLE_ASSIGNMENT((#16309));
#16309 = SURFACE_STYLE_USAGE(.BOTH.,#16310);
#16310 = SURFACE_SIDE_STYLE('',(#16311));
#16311 = SURFACE_STYLE_FILL_AREA(#16312);
#16312 = FILL_AREA_STYLE('',(#16313));
#16313 = FILL_AREA_STYLE_COLOUR('',#14648);
#16314 = STYLED_ITEM('color',(#16315),#4745);
#16315 = PRESENTATION_STYLE_ASSIGNMENT((#16316));
#16316 = SURFACE_STYLE_USAGE(.BOTH.,#16317);
#16317 = SURFACE_SIDE_STYLE('',(#16318));
#16318 = SURFACE_STYLE_FILL_AREA(#16319);
#16319 = FILL_AREA_STYLE('',(#16320));
#16320 = FILL_AREA_STYLE_COLOUR('',#16299);
#16321 = STYLED_ITEM('color',(#16322),#4769);
#16322 = PRESENTATION_STYLE_ASSIGNMENT((#16323));
#16323 = SURFACE_STYLE_USAGE(.BOTH.,#16324);
#16324 = SURFACE_SIDE_STYLE('',(#16325));
#16325 = SURFACE_STYLE_FILL_AREA(#16326);
#16326 = FILL_AREA_STYLE('',(#16327));
#16327 = FILL_AREA_STYLE_COLOUR('',#14648);
#16328 = STYLED_ITEM('color',(#16329),#4786);
#16329 = PRESENTATION_STYLE_ASSIGNMENT((#16330));
#16330 = SURFACE_STYLE_USAGE(.BOTH.,#16331);
#16331 = SURFACE_SIDE_STYLE('',(#16332));
#16332 = SURFACE_STYLE_FILL_AREA(#16333);
#16333 = FILL_AREA_STYLE('',(#16334));
#16334 = FILL_AREA_STYLE_COLOUR('',#14648);
#16335 = STYLED_ITEM('color',(#16336),#4803);
#16336 = PRESENTATION_STYLE_ASSIGNMENT((#16337));
#16337 = SURFACE_STYLE_USAGE(.BOTH.,#16338);
#16338 = SURFACE_SIDE_STYLE('',(#16339));
#16339 = SURFACE_STYLE_FILL_AREA(#16340);
#16340 = FILL_AREA_STYLE('',(#16341));
#16341 = FILL_AREA_STYLE_COLOUR('',#14648);
#16342 = STYLED_ITEM('color',(#16343),#4820);
#16343 = PRESENTATION_STYLE_ASSIGNMENT((#16344));
#16344 = SURFACE_STYLE_USAGE(.BOTH.,#16345);
#16345 = SURFACE_SIDE_STYLE('',(#16346));
#16346 = SURFACE_STYLE_FILL_AREA(#16347);
#16347 = FILL_AREA_STYLE('',(#16348));
#16348 = FILL_AREA_STYLE_COLOUR('',#14648);
#16349 = STYLED_ITEM('color',(#16350),#4837);
#16350 = PRESENTATION_STYLE_ASSIGNMENT((#16351));
#16351 = SURFACE_STYLE_USAGE(.BOTH.,#16352);
#16352 = SURFACE_SIDE_STYLE('',(#16353));
#16353 = SURFACE_STYLE_FILL_AREA(#16354);
#16354 = FILL_AREA_STYLE('',(#16355));
#16355 = FILL_AREA_STYLE_COLOUR('',#14648);
#16356 = STYLED_ITEM('color',(#16357),#4854);
#16357 = PRESENTATION_STYLE_ASSIGNMENT((#16358));
#16358 = SURFACE_STYLE_USAGE(.BOTH.,#16359);
#16359 = SURFACE_SIDE_STYLE('',(#16360));
#16360 = SURFACE_STYLE_FILL_AREA(#16361);
#16361 = FILL_AREA_STYLE('',(#16362));
#16362 = FILL_AREA_STYLE_COLOUR('',#14648);
#16363 = STYLED_ITEM('color',(#16364),#4871);
#16364 = PRESENTATION_STYLE_ASSIGNMENT((#16365));
#16365 = SURFACE_STYLE_USAGE(.BOTH.,#16366);
#16366 = SURFACE_SIDE_STYLE('',(#16367));
#16367 = SURFACE_STYLE_FILL_AREA(#16368);
#16368 = FILL_AREA_STYLE('',(#16369));
#16369 = FILL_AREA_STYLE_COLOUR('',#14648);
#16370 = STYLED_ITEM('color',(#16371),#4888);
#16371 = PRESENTATION_STYLE_ASSIGNMENT((#16372));
#16372 = SURFACE_STYLE_USAGE(.BOTH.,#16373);
#16373 = SURFACE_SIDE_STYLE('',(#16374));
#16374 = SURFACE_STYLE_FILL_AREA(#16375);
#16375 = FILL_AREA_STYLE('',(#16376));
#16376 = FILL_AREA_STYLE_COLOUR('',#16299);
#16377 = STYLED_ITEM('color',(#16378),#4905);
#16378 = PRESENTATION_STYLE_ASSIGNMENT((#16379));
#16379 = SURFACE_STYLE_USAGE(.BOTH.,#16380);
#16380 = SURFACE_SIDE_STYLE('',(#16381));
#16381 = SURFACE_STYLE_FILL_AREA(#16382);
#16382 = FILL_AREA_STYLE('',(#16383));
#16383 = FILL_AREA_STYLE_COLOUR('',#16299);
#16384 = MECHANICAL_DESIGN_GEOMETRIC_PRESENTATION_REPRESENTATION('',(
    #16385,#16393,#16400,#16407,#16414,#16421,#16428,#16435,#16442,
    #16449,#16456,#16463,#16470,#16477,#16484,#16491),#6544);
#16385 = STYLED_ITEM('color',(#16386),#6121);
#16386 = PRESENTATION_STYLE_ASSIGNMENT((#16387));
#16387 = SURFACE_STYLE_USAGE(.BOTH.,#16388);
#16388 = SURFACE_SIDE_STYLE('',(#16389));
#16389 = SURFACE_STYLE_FILL_AREA(#16390);
#16390 = FILL_AREA_STYLE('',(#16391));
#16391 = FILL_AREA_STYLE_COLOUR('',#16392);
#16392 = COLOUR_RGB('',0.699999984889,9.999999991362E-02,
  5.000000142576E-02);
#16393 = STYLED_ITEM('color',(#16394),#6148);
#16394 = PRESENTATION_STYLE_ASSIGNMENT((#16395));
#16395 = SURFACE_STYLE_USAGE(.BOTH.,#16396);
#16396 = SURFACE_SIDE_STYLE('',(#16397));
#16397 = SURFACE_STYLE_FILL_AREA(#16398);
#16398 = FILL_AREA_STYLE('',(#16399));
#16399 = FILL_AREA_STYLE_COLOUR('',#16392);
#16400 = STYLED_ITEM('color',(#16401),#6173);
#16401 = PRESENTATION_STYLE_ASSIGNMENT((#16402));
#16402 = SURFACE_STYLE_USAGE(.BOTH.,#16403);
#16403 = SURFACE_SIDE_STYLE('',(#16404));
#16404 = SURFACE_STYLE_FILL_AREA(#16405);
#16405 = FILL_AREA_STYLE('',(#16406));
#16406 = FILL_AREA_STYLE_COLOUR('',#16392);
#16407 = STYLED_ITEM('color',(#16408),#6201);
#16408 = PRESENTATION_STYLE_ASSIGNMENT((#16409));
#16409 = SURFACE_STYLE_USAGE(.BOTH.,#16410);
#16410 = SURFACE_SIDE_STYLE('',(#16411));
#16411 = SURFACE_STYLE_FILL_AREA(#16412);
#16412 = FILL_AREA_STYLE('',(#16413));
#16413 = FILL_AREA_STYLE_COLOUR('',#16392);
#16414 = STYLED_ITEM('color',(#16415),#6233);
#16415 = PRESENTATION_STYLE_ASSIGNMENT((#16416));
#16416 = SURFACE_STYLE_USAGE(.BOTH.,#16417);
#16417 = SURFACE_SIDE_STYLE('',(#16418));
#16418 = SURFACE_STYLE_FILL_AREA(#16419);
#16419 = FILL_AREA_STYLE('',(#16420));
#16420 = FILL_AREA_STYLE_COLOUR('',#16392);
#16421 = STYLED_ITEM('color',(#16422),#6250);
#16422 = PRESENTATION_STYLE_ASSIGNMENT((#16423));
#16423 = SURFACE_STYLE_USAGE(.BOTH.,#16424);
#16424 = SURFACE_SIDE_STYLE('',(#16425));
#16425 = SURFACE_STYLE_FILL_AREA(#16426);
#16426 = FILL_AREA_STYLE('',(#16427));
#16427 = FILL_AREA_STYLE_COLOUR('',#16392);
#16428 = STYLED_ITEM('color',(#16429),#6328);
#16429 = PRESENTATION_STYLE_ASSIGNMENT((#16430));
#16430 = SURFACE_STYLE_USAGE(.BOTH.,#16431);
#16431 = SURFACE_SIDE_STYLE('',(#16432));
#16432 = SURFACE_STYLE_FILL_AREA(#16433);
#16433 = FILL_AREA_STYLE('',(#16434));
#16434 = FILL_AREA_STYLE_COLOUR('',#14648);
#16435 = STYLED_ITEM('color',(#16436),#6359);
#16436 = PRESENTATION_STYLE_ASSIGNMENT((#16437));
#16437 = SURFACE_STYLE_USAGE(.BOTH.,#16438);
#16438 = SURFACE_SIDE_STYLE('',(#16439));
#16439 = SURFACE_STYLE_FILL_AREA(#16440);
#16440 = FILL_AREA_STYLE('',(#16441));
#16441 = FILL_AREA_STYLE_COLOUR('',#14648);
#16442 = STYLED_ITEM('color',(#16443),#6383);
#16443 = PRESENTATION_STYLE_ASSIGNMENT((#16444));
#16444 = SURFACE_STYLE_USAGE(.BOTH.,#16445);
#16445 = SURFACE_SIDE_STYLE('',(#16446));
#16446 = SURFACE_STYLE_FILL_AREA(#16447);
#16447 = FILL_AREA_STYLE('',(#16448));
#16448 = FILL_AREA_STYLE_COLOUR('',#14648);
#16449 = STYLED_ITEM('color',(#16450),#6407);
#16450 = PRESENTATION_STYLE_ASSIGNMENT((#16451));
#16451 = SURFACE_STYLE_USAGE(.BOTH.,#16452);
#16452 = SURFACE_SIDE_STYLE('',(#16453));
#16453 = SURFACE_STYLE_FILL_AREA(#16454);
#16454 = FILL_AREA_STYLE('',(#16455));
#16455 = FILL_AREA_STYLE_COLOUR('',#14648);
#16456 = STYLED_ITEM('color',(#16457),#6424);
#16457 = PRESENTATION_STYLE_ASSIGNMENT((#16458));
#16458 = SURFACE_STYLE_USAGE(.BOTH.,#16459);
#16459 = SURFACE_SIDE_STYLE('',(#16460));
#16460 = SURFACE_STYLE_FILL_AREA(#16461);
#16461 = FILL_AREA_STYLE('',(#16462));
#16462 = FILL_AREA_STYLE_COLOUR('',#14648);
#16463 = STYLED_ITEM('color',(#16464),#6455);
#16464 = PRESENTATION_STYLE_ASSIGNMENT((#16465));
#16465 = SURFACE_STYLE_USAGE(.BOTH.,#16466);
#16466 = SURFACE_SIDE_STYLE('',(#16467));
#16467 = SURFACE_STYLE_FILL_AREA(#16468);
#16468 = FILL_AREA_STYLE('',(#16469));
#16469 = FILL_AREA_STYLE_COLOUR('',#14648);
#16470 = STYLED_ITEM('color',(#16471),#6479);
#16471 = PRESENTATION_STYLE_ASSIGNMENT((#16472));
#16472 = SURFACE_STYLE_USAGE(.BOTH.,#16473);
#16473 = SURFACE_SIDE_STYLE('',(#16474));
#16474 = SURFACE_STYLE_FILL_AREA(#16475);
#16475 = FILL_AREA_STYLE('',(#16476));
#16476 = FILL_AREA_STYLE_COLOUR('',#14648);
#16477 = STYLED_ITEM('color',(#16478),#6503);
#16478 = PRESENTATION_STYLE_ASSIGNMENT((#16479));
#16479 = SURFACE_STYLE_USAGE(.BOTH.,#16480);
#16480 = SURFACE_SIDE_STYLE('',(#16481));
#16481 = SURFACE_STYLE_FILL_AREA(#16482);
#16482 = FILL_AREA_STYLE('',(#16483));
#16483 = FILL_AREA_STYLE_COLOUR('',#14648);
#16484 = STYLED_ITEM('color',(#16485),#6520);
#16485 = PRESENTATION_STYLE_ASSIGNMENT((#16486));
#16486 = SURFACE_STYLE_USAGE(.BOTH.,#16487);
#16487 = SURFACE_SIDE_STYLE('',(#16488));
#16488 = SURFACE_STYLE_FILL_AREA(#16489);
#16489 = FILL_AREA_STYLE('',(#16490));
#16490 = FILL_AREA_STYLE_COLOUR('',#14648);
#16491 = STYLED_ITEM('color',(#16492),#6532);
#16492 = PRESENTATION_STYLE_ASSIGNMENT((#16493));
#16493 = SURFACE_STYLE_USAGE(.BOTH.,#16494);
#16494 = SURFACE_SIDE_STYLE('',(#16495));
#16495 = SURFACE_STYLE_FILL_AREA(#16496);
#16496 = FILL_AREA_STYLE('',(#16497));
#16497 = FILL_AREA_STYLE_COLOUR('',#14648);
#16498 = MECHANICAL_DESIGN_GEOMETRIC_PRESENTATION_REPRESENTATION('',(
    #16499,#16508,#16517,#16526,#16535,#16544,#16553,#16562,#16571,
    #16580,#16589,#16598,#16607,#16616,#16625,#16634,#16643,#16652,
    #16661,#16670,#16679,#16688,#16697,#16706,#16715,#16724,#16733,
    #16742,#16751,#16760,#16769,#16778,#16787,#16796,#16805,#16814,
    #16823,#16832,#16841,#16850,#16859,#16868,#16877,#16886,#16895,
    #16904,#16913,#16922,#16931,#16940,#16949,#16958,#16967,#16976,
    #16985,#16994,#17003,#17012,#17021,#17030,#17039,#17048,#17057,
    #17066,#17075,#17084,#17093,#17102,#17111,#17120,#17129,#17138,
    #17147,#17156,#17165,#17174,#17183,#17192,#17201,#17210,#17219,
    #17228,#17237,#17246,#17255,#17264,#17273,#17282,#17291,#17300,
    #17309,#17318,#17327,#17336,#17345,#17354,#17363,#17372,#17381,
    #17390,#17399,#17408,#17417,#17426,#17435,#17444,#17453,#17462,
    #17471,#17480,#17489,#17498,#17507,#17516,#17525,#17534,#17543,
    #17552,#17561,#17570,#17579,#17588,#17597,#17606,#17615,#17624,
    #17633,#17642,#17651,#17660,#17669,#17678,#17687,#17696,#17705,
    #17714,#17723,#17732,#17741,#17750),#12588);
#16499 = STYLED_ITEM('color',(#16500),#8328);
#16500 = PRESENTATION_STYLE_ASSIGNMENT((#16501,#16506));
#16501 = SURFACE_STYLE_USAGE(.BOTH.,#16502);
#16502 = SURFACE_SIDE_STYLE('',(#16503));
#16503 = SURFACE_STYLE_FILL_AREA(#16504);
#16504 = FILL_AREA_STYLE('',(#16505));
#16505 = FILL_AREA_STYLE_COLOUR('',#14619);
#16506 = CURVE_STYLE('',#16507,POSITIVE_LENGTH_MEASURE(0.1),#14619);
#16507 = DRAUGHTING_PRE_DEFINED_CURVE_FONT('continuous');
#16508 = STYLED_ITEM('color',(#16509),#8430);
#16509 = PRESENTATION_STYLE_ASSIGNMENT((#16510,#16515));
#16510 = SURFACE_STYLE_USAGE(.BOTH.,#16511);
#16511 = SURFACE_SIDE_STYLE('',(#16512));
#16512 = SURFACE_STYLE_FILL_AREA(#16513);
#16513 = FILL_AREA_STYLE('',(#16514));
#16514 = FILL_AREA_STYLE_COLOUR('',#14619);
#16515 = CURVE_STYLE('',#16516,POSITIVE_LENGTH_MEASURE(0.1),#14619);
#16516 = DRAUGHTING_PRE_DEFINED_CURVE_FONT('continuous');
#16517 = STYLED_ITEM('color',(#16518),#8495);
#16518 = PRESENTATION_STYLE_ASSIGNMENT((#16519,#16524));
#16519 = SURFACE_STYLE_USAGE(.BOTH.,#16520);
#16520 = SURFACE_SIDE_STYLE('',(#16521));
#16521 = SURFACE_STYLE_FILL_AREA(#16522);
#16522 = FILL_AREA_STYLE('',(#16523));
#16523 = FILL_AREA_STYLE_COLOUR('',#14619);
#16524 = CURVE_STYLE('',#16525,POSITIVE_LENGTH_MEASURE(0.1),#14619);
#16525 = DRAUGHTING_PRE_DEFINED_CURVE_FONT('continuous');
#16526 = STYLED_ITEM('color',(#16527),#8518);
#16527 = PRESENTATION_STYLE_ASSIGNMENT((#16528,#16533));
#16528 = SURFACE_STYLE_USAGE(.BOTH.,#16529);
#16529 = SURFACE_SIDE_STYLE('',(#16530));
#16530 = SURFACE_STYLE_FILL_AREA(#16531);
#16531 = FILL_AREA_STYLE('',(#16532));
#16532 = FILL_AREA_STYLE_COLOUR('',#14619);
#16533 = CURVE_STYLE('',#16534,POSITIVE_LENGTH_MEASURE(0.1),#14619);
#16534 = DRAUGHTING_PRE_DEFINED_CURVE_FONT('continuous');
#16535 = STYLED_ITEM('color',(#16536),#8548);
#16536 = PRESENTATION_STYLE_ASSIGNMENT((#16537,#16542));
#16537 = SURFACE_STYLE_USAGE(.BOTH.,#16538);
#16538 = SURFACE_SIDE_STYLE('',(#16539));
#16539 = SURFACE_STYLE_FILL_AREA(#16540);
#16540 = FILL_AREA_STYLE('',(#16541));
#16541 = FILL_AREA_STYLE_COLOUR('',#14648);
#16542 = CURVE_STYLE('',#16543,POSITIVE_LENGTH_MEASURE(0.1),#14648);
#16543 = DRAUGHTING_PRE_DEFINED_CURVE_FONT('continuous');
#16544 = STYLED_ITEM('color',(#16545),#8579);
#16545 = PRESENTATION_STYLE_ASSIGNMENT((#16546,#16551));
#16546 = SURFACE_STYLE_USAGE(.BOTH.,#16547);
#16547 = SURFACE_SIDE_STYLE('',(#16548));
#16548 = SURFACE_STYLE_FILL_AREA(#16549);
#16549 = FILL_AREA_STYLE('',(#16550));
#16550 = FILL_AREA_STYLE_COLOUR('',#14619);
#16551 = CURVE_STYLE('',#16552,POSITIVE_LENGTH_MEASURE(0.1),#14619);
#16552 = DRAUGHTING_PRE_DEFINED_CURVE_FONT('continuous');
#16553 = STYLED_ITEM('color',(#16554),#8610);
#16554 = PRESENTATION_STYLE_ASSIGNMENT((#16555,#16560));
#16555 = SURFACE_STYLE_USAGE(.BOTH.,#16556);
#16556 = SURFACE_SIDE_STYLE('',(#16557));
#16557 = SURFACE_STYLE_FILL_AREA(#16558);
#16558 = FILL_AREA_STYLE('',(#16559));
#16559 = FILL_AREA_STYLE_COLOUR('',#14648);
#16560 = CURVE_STYLE('',#16561,POSITIVE_LENGTH_MEASURE(0.1),#14648);
#16561 = DRAUGHTING_PRE_DEFINED_CURVE_FONT('continuous');
#16562 = STYLED_ITEM('color',(#16563),#8641);
#16563 = PRESENTATION_STYLE_ASSIGNMENT((#16564,#16569));
#16564 = SURFACE_STYLE_USAGE(.BOTH.,#16565);
#16565 = SURFACE_SIDE_STYLE('',(#16566));
#16566 = SURFACE_STYLE_FILL_AREA(#16567);
#16567 = FILL_AREA_STYLE('',(#16568));
#16568 = FILL_AREA_STYLE_COLOUR('',#14619);
#16569 = CURVE_STYLE('',#16570,POSITIVE_LENGTH_MEASURE(0.1),#14619);
#16570 = DRAUGHTING_PRE_DEFINED_CURVE_FONT('continuous');
#16571 = STYLED_ITEM('color',(#16572),#8672);
#16572 = PRESENTATION_STYLE_ASSIGNMENT((#16573,#16578));
#16573 = SURFACE_STYLE_USAGE(.BOTH.,#16574);
#16574 = SURFACE_SIDE_STYLE('',(#16575));
#16575 = SURFACE_STYLE_FILL_AREA(#16576);
#16576 = FILL_AREA_STYLE('',(#16577));
#16577 = FILL_AREA_STYLE_COLOUR('',#14648);
#16578 = CURVE_STYLE('',#16579,POSITIVE_LENGTH_MEASURE(0.1),#14648);
#16579 = DRAUGHTING_PRE_DEFINED_CURVE_FONT('continuous');
#16580 = STYLED_ITEM('color',(#16581),#8703);
#16581 = PRESENTATION_STYLE_ASSIGNMENT((#16582,#16587));
#16582 = SURFACE_STYLE_USAGE(.BOTH.,#16583);
#16583 = SURFACE_SIDE_STYLE('',(#16584));
#16584 = SURFACE_STYLE_FILL_AREA(#16585);
#16585 = FILL_AREA_STYLE('',(#16586));
#16586 = FILL_AREA_STYLE_COLOUR('',#14619);
#16587 = CURVE_STYLE('',#16588,POSITIVE_LENGTH_MEASURE(0.1),#14619);
#16588 = DRAUGHTING_PRE_DEFINED_CURVE_FONT('continuous');
#16589 = STYLED_ITEM('color',(#16590),#8734);
#16590 = PRESENTATION_STYLE_ASSIGNMENT((#16591,#16596));
#16591 = SURFACE_STYLE_USAGE(.BOTH.,#16592);
#16592 = SURFACE_SIDE_STYLE('',(#16593));
#16593 = SURFACE_STYLE_FILL_AREA(#16594);
#16594 = FILL_AREA_STYLE('',(#16595));
#16595 = FILL_AREA_STYLE_COLOUR('',#14648);
#16596 = CURVE_STYLE('',#16597,POSITIVE_LENGTH_MEASURE(0.1),#14648);
#16597 = DRAUGHTING_PRE_DEFINED_CURVE_FONT('continuous');
#16598 = STYLED_ITEM('color',(#16599),#8765);
#16599 = PRESENTATION_STYLE_ASSIGNMENT((#16600,#16605));
#16600 = SURFACE_STYLE_USAGE(.BOTH.,#16601);
#16601 = SURFACE_SIDE_STYLE('',(#16602));
#16602 = SURFACE_STYLE_FILL_AREA(#16603);
#16603 = FILL_AREA_STYLE('',(#16604));
#16604 = FILL_AREA_STYLE_COLOUR('',#14619);
#16605 = CURVE_STYLE('',#16606,POSITIVE_LENGTH_MEASURE(0.1),#14619);
#16606 = DRAUGHTING_PRE_DEFINED_CURVE_FONT('continuous');
#16607 = STYLED_ITEM('color',(#16608),#8795);
#16608 = PRESENTATION_STYLE_ASSIGNMENT((#16609,#16614));
#16609 = SURFACE_STYLE_USAGE(.BOTH.,#16610);
#16610 = SURFACE_SIDE_STYLE('',(#16611));
#16611 = SURFACE_STYLE_FILL_AREA(#16612);
#16612 = FILL_AREA_STYLE('',(#16613));
#16613 = FILL_AREA_STYLE_COLOUR('',#14619);
#16614 = CURVE_STYLE('',#16615,POSITIVE_LENGTH_MEASURE(0.1),#14619);
#16615 = DRAUGHTING_PRE_DEFINED_CURVE_FONT('continuous');
#16616 = STYLED_ITEM('color',(#16617),#8818);
#16617 = PRESENTATION_STYLE_ASSIGNMENT((#16618,#16623));
#16618 = SURFACE_STYLE_USAGE(.BOTH.,#16619);
#16619 = SURFACE_SIDE_STYLE('',(#16620));
#16620 = SURFACE_STYLE_FILL_AREA(#16621);
#16621 = FILL_AREA_STYLE('',(#16622));
#16622 = FILL_AREA_STYLE_COLOUR('',#14619);
#16623 = CURVE_STYLE('',#16624,POSITIVE_LENGTH_MEASURE(0.1),#14619);
#16624 = DRAUGHTING_PRE_DEFINED_CURVE_FONT('continuous');
#16625 = STYLED_ITEM('color',(#16626),#8899);
#16626 = PRESENTATION_STYLE_ASSIGNMENT((#16627,#16632));
#16627 = SURFACE_STYLE_USAGE(.BOTH.,#16628);
#16628 = SURFACE_SIDE_STYLE('',(#16629));
#16629 = SURFACE_STYLE_FILL_AREA(#16630);
#16630 = FILL_AREA_STYLE('',(#16631));
#16631 = FILL_AREA_STYLE_COLOUR('',#14648);
#16632 = CURVE_STYLE('',#16633,POSITIVE_LENGTH_MEASURE(0.1),#14648);
#16633 = DRAUGHTING_PRE_DEFINED_CURVE_FONT('continuous');
#16634 = STYLED_ITEM('color',(#16635),#8930);
#16635 = PRESENTATION_STYLE_ASSIGNMENT((#16636,#16641));
#16636 = SURFACE_STYLE_USAGE(.BOTH.,#16637);
#16637 = SURFACE_SIDE_STYLE('',(#16638));
#16638 = SURFACE_STYLE_FILL_AREA(#16639);
#16639 = FILL_AREA_STYLE('',(#16640));
#16640 = FILL_AREA_STYLE_COLOUR('',#14648);
#16641 = CURVE_STYLE('',#16642,POSITIVE_LENGTH_MEASURE(0.1),#14648);
#16642 = DRAUGHTING_PRE_DEFINED_CURVE_FONT('continuous');
#16643 = STYLED_ITEM('color',(#16644),#8954);
#16644 = PRESENTATION_STYLE_ASSIGNMENT((#16645,#16650));
#16645 = SURFACE_STYLE_USAGE(.BOTH.,#16646);
#16646 = SURFACE_SIDE_STYLE('',(#16647));
#16647 = SURFACE_STYLE_FILL_AREA(#16648);
#16648 = FILL_AREA_STYLE('',(#16649));
#16649 = FILL_AREA_STYLE_COLOUR('',#14648);
#16650 = CURVE_STYLE('',#16651,POSITIVE_LENGTH_MEASURE(0.1),#14648);
#16651 = DRAUGHTING_PRE_DEFINED_CURVE_FONT('continuous');
#16652 = STYLED_ITEM('color',(#16653),#8978);
#16653 = PRESENTATION_STYLE_ASSIGNMENT((#16654,#16659));
#16654 = SURFACE_STYLE_USAGE(.BOTH.,#16655);
#16655 = SURFACE_SIDE_STYLE('',(#16656));
#16656 = SURFACE_STYLE_FILL_AREA(#16657);
#16657 = FILL_AREA_STYLE('',(#16658));
#16658 = FILL_AREA_STYLE_COLOUR('',#14648);
#16659 = CURVE_STYLE('',#16660,POSITIVE_LENGTH_MEASURE(0.1),#14648);
#16660 = DRAUGHTING_PRE_DEFINED_CURVE_FONT('continuous');
#16661 = STYLED_ITEM('color',(#16662),#8995);
#16662 = PRESENTATION_STYLE_ASSIGNMENT((#16663,#16668));
#16663 = SURFACE_STYLE_USAGE(.BOTH.,#16664);
#16664 = SURFACE_SIDE_STYLE('',(#16665));
#16665 = SURFACE_STYLE_FILL_AREA(#16666);
#16666 = FILL_AREA_STYLE('',(#16667));
#16667 = FILL_AREA_STYLE_COLOUR('',#14619);
#16668 = CURVE_STYLE('',#16669,POSITIVE_LENGTH_MEASURE(0.1),#14619);
#16669 = DRAUGHTING_PRE_DEFINED_CURVE_FONT('continuous');
#16670 = STYLED_ITEM('color',(#16671),#9018);
#16671 = PRESENTATION_STYLE_ASSIGNMENT((#16672,#16677));
#16672 = SURFACE_STYLE_USAGE(.BOTH.,#16673);
#16673 = SURFACE_SIDE_STYLE('',(#16674));
#16674 = SURFACE_STYLE_FILL_AREA(#16675);
#16675 = FILL_AREA_STYLE('',(#16676));
#16676 = FILL_AREA_STYLE_COLOUR('',#14619);
#16677 = CURVE_STYLE('',#16678,POSITIVE_LENGTH_MEASURE(0.1),#14619);
#16678 = DRAUGHTING_PRE_DEFINED_CURVE_FONT('continuous');
#16679 = STYLED_ITEM('color',(#16680),#9041);
#16680 = PRESENTATION_STYLE_ASSIGNMENT((#16681,#16686));
#16681 = SURFACE_STYLE_USAGE(.BOTH.,#16682);
#16682 = SURFACE_SIDE_STYLE('',(#16683));
#16683 = SURFACE_STYLE_FILL_AREA(#16684);
#16684 = FILL_AREA_STYLE('',(#16685));
#16685 = FILL_AREA_STYLE_COLOUR('',#14619);
#16686 = CURVE_STYLE('',#16687,POSITIVE_LENGTH_MEASURE(0.1),#14619);
#16687 = DRAUGHTING_PRE_DEFINED_CURVE_FONT('continuous');
#16688 = STYLED_ITEM('color',(#16689),#9097);
#16689 = PRESENTATION_STYLE_ASSIGNMENT((#16690,#16695));
#16690 = SURFACE_STYLE_USAGE(.BOTH.,#16691);
#16691 = SURFACE_SIDE_STYLE('',(#16692));
#16692 = SURFACE_STYLE_FILL_AREA(#16693);
#16693 = FILL_AREA_STYLE('',(#16694));
#16694 = FILL_AREA_STYLE_COLOUR('',#14648);
#16695 = CURVE_STYLE('',#16696,POSITIVE_LENGTH_MEASURE(0.1),#14648);
#16696 = DRAUGHTING_PRE_DEFINED_CURVE_FONT('continuous');
#16697 = STYLED_ITEM('color',(#16698),#9189);
#16698 = PRESENTATION_STYLE_ASSIGNMENT((#16699,#16704));
#16699 = SURFACE_STYLE_USAGE(.BOTH.,#16700);
#16700 = SURFACE_SIDE_STYLE('',(#16701));
#16701 = SURFACE_STYLE_FILL_AREA(#16702);
#16702 = FILL_AREA_STYLE('',(#16703));
#16703 = FILL_AREA_STYLE_COLOUR('',#14648);
#16704 = CURVE_STYLE('',#16705,POSITIVE_LENGTH_MEASURE(0.1),#14648);
#16705 = DRAUGHTING_PRE_DEFINED_CURVE_FONT('continuous');
#16706 = STYLED_ITEM('color',(#16707),#9281);
#16707 = PRESENTATION_STYLE_ASSIGNMENT((#16708,#16713));
#16708 = SURFACE_STYLE_USAGE(.BOTH.,#16709);
#16709 = SURFACE_SIDE_STYLE('',(#16710));
#16710 = SURFACE_STYLE_FILL_AREA(#16711);
#16711 = FILL_AREA_STYLE('',(#16712));
#16712 = FILL_AREA_STYLE_COLOUR('',#14648);
#16713 = CURVE_STYLE('',#16714,POSITIVE_LENGTH_MEASURE(0.1),#14648);
#16714 = DRAUGHTING_PRE_DEFINED_CURVE_FONT('continuous');
#16715 = STYLED_ITEM('color',(#16716),#9298);
#16716 = PRESENTATION_STYLE_ASSIGNMENT((#16717,#16722));
#16717 = SURFACE_STYLE_USAGE(.BOTH.,#16718);
#16718 = SURFACE_SIDE_STYLE('',(#16719));
#16719 = SURFACE_STYLE_FILL_AREA(#16720);
#16720 = FILL_AREA_STYLE('',(#16721));
#16721 = FILL_AREA_STYLE_COLOUR('',#14619);
#16722 = CURVE_STYLE('',#16723,POSITIVE_LENGTH_MEASURE(0.1),#14619);
#16723 = DRAUGHTING_PRE_DEFINED_CURVE_FONT('continuous');
#16724 = STYLED_ITEM('color',(#16725),#9329);
#16725 = PRESENTATION_STYLE_ASSIGNMENT((#16726,#16731));
#16726 = SURFACE_STYLE_USAGE(.BOTH.,#16727);
#16727 = SURFACE_SIDE_STYLE('',(#16728));
#16728 = SURFACE_STYLE_FILL_AREA(#16729);
#16729 = FILL_AREA_STYLE('',(#16730));
#16730 = FILL_AREA_STYLE_COLOUR('',#14648);
#16731 = CURVE_STYLE('',#16732,POSITIVE_LENGTH_MEASURE(0.1),#14648);
#16732 = DRAUGHTING_PRE_DEFINED_CURVE_FONT('continuous');
#16733 = STYLED_ITEM('color',(#16734),#9421);
#16734 = PRESENTATION_STYLE_ASSIGNMENT((#16735,#16740));
#16735 = SURFACE_STYLE_USAGE(.BOTH.,#16736);
#16736 = SURFACE_SIDE_STYLE('',(#16737));
#16737 = SURFACE_STYLE_FILL_AREA(#16738);
#16738 = FILL_AREA_STYLE('',(#16739));
#16739 = FILL_AREA_STYLE_COLOUR('',#14648);
#16740 = CURVE_STYLE('',#16741,POSITIVE_LENGTH_MEASURE(0.1),#14648);
#16741 = DRAUGHTING_PRE_DEFINED_CURVE_FONT('continuous');
#16742 = STYLED_ITEM('color',(#16743),#9513);
#16743 = PRESENTATION_STYLE_ASSIGNMENT((#16744,#16749));
#16744 = SURFACE_STYLE_USAGE(.BOTH.,#16745);
#16745 = SURFACE_SIDE_STYLE('',(#16746));
#16746 = SURFACE_STYLE_FILL_AREA(#16747);
#16747 = FILL_AREA_STYLE('',(#16748));
#16748 = FILL_AREA_STYLE_COLOUR('',#14648);
#16749 = CURVE_STYLE('',#16750,POSITIVE_LENGTH_MEASURE(0.1),#14648);
#16750 = DRAUGHTING_PRE_DEFINED_CURVE_FONT('continuous');
#16751 = STYLED_ITEM('color',(#16752),#9530);
#16752 = PRESENTATION_STYLE_ASSIGNMENT((#16753,#16758));
#16753 = SURFACE_STYLE_USAGE(.BOTH.,#16754);
#16754 = SURFACE_SIDE_STYLE('',(#16755));
#16755 = SURFACE_STYLE_FILL_AREA(#16756);
#16756 = FILL_AREA_STYLE('',(#16757));
#16757 = FILL_AREA_STYLE_COLOUR('',#14619);
#16758 = CURVE_STYLE('',#16759,POSITIVE_LENGTH_MEASURE(0.1),#14619);
#16759 = DRAUGHTING_PRE_DEFINED_CURVE_FONT('continuous');
#16760 = STYLED_ITEM('color',(#16761),#9561);
#16761 = PRESENTATION_STYLE_ASSIGNMENT((#16762,#16767));
#16762 = SURFACE_STYLE_USAGE(.BOTH.,#16763);
#16763 = SURFACE_SIDE_STYLE('',(#16764));
#16764 = SURFACE_STYLE_FILL_AREA(#16765);
#16765 = FILL_AREA_STYLE('',(#16766));
#16766 = FILL_AREA_STYLE_COLOUR('',#14648);
#16767 = CURVE_STYLE('',#16768,POSITIVE_LENGTH_MEASURE(0.1),#14648);
#16768 = DRAUGHTING_PRE_DEFINED_CURVE_FONT('continuous');
#16769 = STYLED_ITEM('color',(#16770),#9653);
#16770 = PRESENTATION_STYLE_ASSIGNMENT((#16771,#16776));
#16771 = SURFACE_STYLE_USAGE(.BOTH.,#16772);
#16772 = SURFACE_SIDE_STYLE('',(#16773));
#16773 = SURFACE_STYLE_FILL_AREA(#16774);
#16774 = FILL_AREA_STYLE('',(#16775));
#16775 = FILL_AREA_STYLE_COLOUR('',#14648);
#16776 = CURVE_STYLE('',#16777,POSITIVE_LENGTH_MEASURE(0.1),#14648);
#16777 = DRAUGHTING_PRE_DEFINED_CURVE_FONT('continuous');
#16778 = STYLED_ITEM('color',(#16779),#9745);
#16779 = PRESENTATION_STYLE_ASSIGNMENT((#16780,#16785));
#16780 = SURFACE_STYLE_USAGE(.BOTH.,#16781);
#16781 = SURFACE_SIDE_STYLE('',(#16782));
#16782 = SURFACE_STYLE_FILL_AREA(#16783);
#16783 = FILL_AREA_STYLE('',(#16784));
#16784 = FILL_AREA_STYLE_COLOUR('',#14648);
#16785 = CURVE_STYLE('',#16786,POSITIVE_LENGTH_MEASURE(0.1),#14648);
#16786 = DRAUGHTING_PRE_DEFINED_CURVE_FONT('continuous');
#16787 = STYLED_ITEM('color',(#16788),#9762);
#16788 = PRESENTATION_STYLE_ASSIGNMENT((#16789,#16794));
#16789 = SURFACE_STYLE_USAGE(.BOTH.,#16790);
#16790 = SURFACE_SIDE_STYLE('',(#16791));
#16791 = SURFACE_STYLE_FILL_AREA(#16792);
#16792 = FILL_AREA_STYLE('',(#16793));
#16793 = FILL_AREA_STYLE_COLOUR('',#14619);
#16794 = CURVE_STYLE('',#16795,POSITIVE_LENGTH_MEASURE(0.1),#14619);
#16795 = DRAUGHTING_PRE_DEFINED_CURVE_FONT('continuous');
#16796 = STYLED_ITEM('color',(#16797),#9793);
#16797 = PRESENTATION_STYLE_ASSIGNMENT((#16798,#16803));
#16798 = SURFACE_STYLE_USAGE(.BOTH.,#16799);
#16799 = SURFACE_SIDE_STYLE('',(#16800));
#16800 = SURFACE_STYLE_FILL_AREA(#16801);
#16801 = FILL_AREA_STYLE('',(#16802));
#16802 = FILL_AREA_STYLE_COLOUR('',#14648);
#16803 = CURVE_STYLE('',#16804,POSITIVE_LENGTH_MEASURE(0.1),#14648);
#16804 = DRAUGHTING_PRE_DEFINED_CURVE_FONT('continuous');
#16805 = STYLED_ITEM('color',(#16806),#9885);
#16806 = PRESENTATION_STYLE_ASSIGNMENT((#16807,#16812));
#16807 = SURFACE_STYLE_USAGE(.BOTH.,#16808);
#16808 = SURFACE_SIDE_STYLE('',(#16809));
#16809 = SURFACE_STYLE_FILL_AREA(#16810);
#16810 = FILL_AREA_STYLE('',(#16811));
#16811 = FILL_AREA_STYLE_COLOUR('',#14648);
#16812 = CURVE_STYLE('',#16813,POSITIVE_LENGTH_MEASURE(0.1),#14648);
#16813 = DRAUGHTING_PRE_DEFINED_CURVE_FONT('continuous');
#16814 = STYLED_ITEM('color',(#16815),#9977);
#16815 = PRESENTATION_STYLE_ASSIGNMENT((#16816,#16821));
#16816 = SURFACE_STYLE_USAGE(.BOTH.,#16817);
#16817 = SURFACE_SIDE_STYLE('',(#16818));
#16818 = SURFACE_STYLE_FILL_AREA(#16819);
#16819 = FILL_AREA_STYLE('',(#16820));
#16820 = FILL_AREA_STYLE_COLOUR('',#14648);
#16821 = CURVE_STYLE('',#16822,POSITIVE_LENGTH_MEASURE(0.1),#14648);
#16822 = DRAUGHTING_PRE_DEFINED_CURVE_FONT('continuous');
#16823 = STYLED_ITEM('color',(#16824),#9994);
#16824 = PRESENTATION_STYLE_ASSIGNMENT((#16825,#16830));
#16825 = SURFACE_STYLE_USAGE(.BOTH.,#16826);
#16826 = SURFACE_SIDE_STYLE('',(#16827));
#16827 = SURFACE_STYLE_FILL_AREA(#16828);
#16828 = FILL_AREA_STYLE('',(#16829));
#16829 = FILL_AREA_STYLE_COLOUR('',#14619);
#16830 = CURVE_STYLE('',#16831,POSITIVE_LENGTH_MEASURE(0.1),#14619);
#16831 = DRAUGHTING_PRE_DEFINED_CURVE_FONT('continuous');
#16832 = STYLED_ITEM('color',(#16833),#10050);
#16833 = PRESENTATION_STYLE_ASSIGNMENT((#16834,#16839));
#16834 = SURFACE_STYLE_USAGE(.BOTH.,#16835);
#16835 = SURFACE_SIDE_STYLE('',(#16836));
#16836 = SURFACE_STYLE_FILL_AREA(#16837);
#16837 = FILL_AREA_STYLE('',(#16838));
#16838 = FILL_AREA_STYLE_COLOUR('',#14619);
#16839 = CURVE_STYLE('',#16840,POSITIVE_LENGTH_MEASURE(0.1),#14619);
#16840 = DRAUGHTING_PRE_DEFINED_CURVE_FONT('continuous');
#16841 = STYLED_ITEM('color',(#16842),#10067);
#16842 = PRESENTATION_STYLE_ASSIGNMENT((#16843,#16848));
#16843 = SURFACE_STYLE_USAGE(.BOTH.,#16844);
#16844 = SURFACE_SIDE_STYLE('',(#16845));
#16845 = SURFACE_STYLE_FILL_AREA(#16846);
#16846 = FILL_AREA_STYLE('',(#16847));
#16847 = FILL_AREA_STYLE_COLOUR('',#14648);
#16848 = CURVE_STYLE('',#16849,POSITIVE_LENGTH_MEASURE(0.1),#14648);
#16849 = DRAUGHTING_PRE_DEFINED_CURVE_FONT('continuous');
#16850 = STYLED_ITEM('color',(#16851),#10098);
#16851 = PRESENTATION_STYLE_ASSIGNMENT((#16852,#16857));
#16852 = SURFACE_STYLE_USAGE(.BOTH.,#16853);
#16853 = SURFACE_SIDE_STYLE('',(#16854));
#16854 = SURFACE_STYLE_FILL_AREA(#16855);
#16855 = FILL_AREA_STYLE('',(#16856));
#16856 = FILL_AREA_STYLE_COLOUR('',#14619);
#16857 = CURVE_STYLE('',#16858,POSITIVE_LENGTH_MEASURE(0.1),#14619);
#16858 = DRAUGHTING_PRE_DEFINED_CURVE_FONT('continuous');
#16859 = STYLED_ITEM('color',(#16860),#10129);
#16860 = PRESENTATION_STYLE_ASSIGNMENT((#16861,#16866));
#16861 = SURFACE_STYLE_USAGE(.BOTH.,#16862);
#16862 = SURFACE_SIDE_STYLE('',(#16863));
#16863 = SURFACE_STYLE_FILL_AREA(#16864);
#16864 = FILL_AREA_STYLE('',(#16865));
#16865 = FILL_AREA_STYLE_COLOUR('',#14648);
#16866 = CURVE_STYLE('',#16867,POSITIVE_LENGTH_MEASURE(0.1),#14648);
#16867 = DRAUGHTING_PRE_DEFINED_CURVE_FONT('continuous');
#16868 = STYLED_ITEM('color',(#16869),#10160);
#16869 = PRESENTATION_STYLE_ASSIGNMENT((#16870,#16875));
#16870 = SURFACE_STYLE_USAGE(.BOTH.,#16871);
#16871 = SURFACE_SIDE_STYLE('',(#16872));
#16872 = SURFACE_STYLE_FILL_AREA(#16873);
#16873 = FILL_AREA_STYLE('',(#16874));
#16874 = FILL_AREA_STYLE_COLOUR('',#14619);
#16875 = CURVE_STYLE('',#16876,POSITIVE_LENGTH_MEASURE(0.1),#14619);
#16876 = DRAUGHTING_PRE_DEFINED_CURVE_FONT('continuous');
#16877 = STYLED_ITEM('color',(#16878),#10191);
#16878 = PRESENTATION_STYLE_ASSIGNMENT((#16879,#16884));
#16879 = SURFACE_STYLE_USAGE(.BOTH.,#16880);
#16880 = SURFACE_SIDE_STYLE('',(#16881));
#16881 = SURFACE_STYLE_FILL_AREA(#16882);
#16882 = FILL_AREA_STYLE('',(#16883));
#16883 = FILL_AREA_STYLE_COLOUR('',#14648);
#16884 = CURVE_STYLE('',#16885,POSITIVE_LENGTH_MEASURE(0.1),#14648);
#16885 = DRAUGHTING_PRE_DEFINED_CURVE_FONT('continuous');
#16886 = STYLED_ITEM('color',(#16887),#10222);
#16887 = PRESENTATION_STYLE_ASSIGNMENT((#16888,#16893));
#16888 = SURFACE_STYLE_USAGE(.BOTH.,#16889);
#16889 = SURFACE_SIDE_STYLE('',(#16890));
#16890 = SURFACE_STYLE_FILL_AREA(#16891);
#16891 = FILL_AREA_STYLE('',(#16892));
#16892 = FILL_AREA_STYLE_COLOUR('',#14619);
#16893 = CURVE_STYLE('',#16894,POSITIVE_LENGTH_MEASURE(0.1),#14619);
#16894 = DRAUGHTING_PRE_DEFINED_CURVE_FONT('continuous');
#16895 = STYLED_ITEM('color',(#16896),#10253);
#16896 = PRESENTATION_STYLE_ASSIGNMENT((#16897,#16902));
#16897 = SURFACE_STYLE_USAGE(.BOTH.,#16898);
#16898 = SURFACE_SIDE_STYLE('',(#16899));
#16899 = SURFACE_STYLE_FILL_AREA(#16900);
#16900 = FILL_AREA_STYLE('',(#16901));
#16901 = FILL_AREA_STYLE_COLOUR('',#14648);
#16902 = CURVE_STYLE('',#16903,POSITIVE_LENGTH_MEASURE(0.1),#14648);
#16903 = DRAUGHTING_PRE_DEFINED_CURVE_FONT('continuous');
#16904 = STYLED_ITEM('color',(#16905),#10284);
#16905 = PRESENTATION_STYLE_ASSIGNMENT((#16906,#16911));
#16906 = SURFACE_STYLE_USAGE(.BOTH.,#16907);
#16907 = SURFACE_SIDE_STYLE('',(#16908));
#16908 = SURFACE_STYLE_FILL_AREA(#16909);
#16909 = FILL_AREA_STYLE('',(#16910));
#16910 = FILL_AREA_STYLE_COLOUR('',#14619);
#16911 = CURVE_STYLE('',#16912,POSITIVE_LENGTH_MEASURE(0.1),#14619);
#16912 = DRAUGHTING_PRE_DEFINED_CURVE_FONT('continuous');
#16913 = STYLED_ITEM('color',(#16914),#10301);
#16914 = PRESENTATION_STYLE_ASSIGNMENT((#16915,#16920));
#16915 = SURFACE_STYLE_USAGE(.BOTH.,#16916);
#16916 = SURFACE_SIDE_STYLE('',(#16917));
#16917 = SURFACE_STYLE_FILL_AREA(#16918);
#16918 = FILL_AREA_STYLE('',(#16919));
#16919 = FILL_AREA_STYLE_COLOUR('',#14648);
#16920 = CURVE_STYLE('',#16921,POSITIVE_LENGTH_MEASURE(0.1),#14648);
#16921 = DRAUGHTING_PRE_DEFINED_CURVE_FONT('continuous');
#16922 = STYLED_ITEM('color',(#16923),#10313);
#16923 = PRESENTATION_STYLE_ASSIGNMENT((#16924,#16929));
#16924 = SURFACE_STYLE_USAGE(.BOTH.,#16925);
#16925 = SURFACE_SIDE_STYLE('',(#16926));
#16926 = SURFACE_STYLE_FILL_AREA(#16927);
#16927 = FILL_AREA_STYLE('',(#16928));
#16928 = FILL_AREA_STYLE_COLOUR('',#14648);
#16929 = CURVE_STYLE('',#16930,POSITIVE_LENGTH_MEASURE(0.1),#14648);
#16930 = DRAUGHTING_PRE_DEFINED_CURVE_FONT('continuous');
#16931 = STYLED_ITEM('color',(#16932),#10358);
#16932 = PRESENTATION_STYLE_ASSIGNMENT((#16933,#16938));
#16933 = SURFACE_STYLE_USAGE(.BOTH.,#16934);
#16934 = SURFACE_SIDE_STYLE('',(#16935));
#16935 = SURFACE_STYLE_FILL_AREA(#16936);
#16936 = FILL_AREA_STYLE('',(#16937));
#16937 = FILL_AREA_STYLE_COLOUR('',#14619);
#16938 = CURVE_STYLE('',#16939,POSITIVE_LENGTH_MEASURE(0.1),#14619);
#16939 = DRAUGHTING_PRE_DEFINED_CURVE_FONT('continuous');
#16940 = STYLED_ITEM('color',(#16941),#10435);
#16941 = PRESENTATION_STYLE_ASSIGNMENT((#16942,#16947));
#16942 = SURFACE_STYLE_USAGE(.BOTH.,#16943);
#16943 = SURFACE_SIDE_STYLE('',(#16944));
#16944 = SURFACE_STYLE_FILL_AREA(#16945);
#16945 = FILL_AREA_STYLE('',(#16946));
#16946 = FILL_AREA_STYLE_COLOUR('',#14619);
#16947 = CURVE_STYLE('',#16948,POSITIVE_LENGTH_MEASURE(0.1),#14619);
#16948 = DRAUGHTING_PRE_DEFINED_CURVE_FONT('continuous');
#16949 = STYLED_ITEM('color',(#16950),#10458);
#16950 = PRESENTATION_STYLE_ASSIGNMENT((#16951,#16956));
#16951 = SURFACE_STYLE_USAGE(.BOTH.,#16952);
#16952 = SURFACE_SIDE_STYLE('',(#16953));
#16953 = SURFACE_STYLE_FILL_AREA(#16954);
#16954 = FILL_AREA_STYLE('',(#16955));
#16955 = FILL_AREA_STYLE_COLOUR('',#14619);
#16956 = CURVE_STYLE('',#16957,POSITIVE_LENGTH_MEASURE(0.1),#14619);
#16957 = DRAUGHTING_PRE_DEFINED_CURVE_FONT('continuous');
#16958 = STYLED_ITEM('color',(#16959),#10509);
#16959 = PRESENTATION_STYLE_ASSIGNMENT((#16960,#16965));
#16960 = SURFACE_STYLE_USAGE(.BOTH.,#16961);
#16961 = SURFACE_SIDE_STYLE('',(#16962));
#16962 = SURFACE_STYLE_FILL_AREA(#16963);
#16963 = FILL_AREA_STYLE('',(#16964));
#16964 = FILL_AREA_STYLE_COLOUR('',#14648);
#16965 = CURVE_STYLE('',#16966,POSITIVE_LENGTH_MEASURE(0.1),#14648);
#16966 = DRAUGHTING_PRE_DEFINED_CURVE_FONT('continuous');
#16967 = STYLED_ITEM('color',(#16968),#10528);
#16968 = PRESENTATION_STYLE_ASSIGNMENT((#16969,#16974));
#16969 = SURFACE_STYLE_USAGE(.BOTH.,#16970);
#16970 = SURFACE_SIDE_STYLE('',(#16971));
#16971 = SURFACE_STYLE_FILL_AREA(#16972);
#16972 = FILL_AREA_STYLE('',(#16973));
#16973 = FILL_AREA_STYLE_COLOUR('',#14648);
#16974 = CURVE_STYLE('',#16975,POSITIVE_LENGTH_MEASURE(0.1),#14648);
#16975 = DRAUGHTING_PRE_DEFINED_CURVE_FONT('continuous');
#16976 = STYLED_ITEM('color',(#16977),#10545);
#16977 = PRESENTATION_STYLE_ASSIGNMENT((#16978,#16983));
#16978 = SURFACE_STYLE_USAGE(.BOTH.,#16979);
#16979 = SURFACE_SIDE_STYLE('',(#16980));
#16980 = SURFACE_STYLE_FILL_AREA(#16981);
#16981 = FILL_AREA_STYLE('',(#16982));
#16982 = FILL_AREA_STYLE_COLOUR('',#14648);
#16983 = CURVE_STYLE('',#16984,POSITIVE_LENGTH_MEASURE(0.1),#14648);
#16984 = DRAUGHTING_PRE_DEFINED_CURVE_FONT('continuous');
#16985 = STYLED_ITEM('color',(#16986),#10562);
#16986 = PRESENTATION_STYLE_ASSIGNMENT((#16987,#16992));
#16987 = SURFACE_STYLE_USAGE(.BOTH.,#16988);
#16988 = SURFACE_SIDE_STYLE('',(#16989));
#16989 = SURFACE_STYLE_FILL_AREA(#16990);
#16990 = FILL_AREA_STYLE('',(#16991));
#16991 = FILL_AREA_STYLE_COLOUR('',#14648);
#16992 = CURVE_STYLE('',#16993,POSITIVE_LENGTH_MEASURE(0.1),#14648);
#16993 = DRAUGHTING_PRE_DEFINED_CURVE_FONT('continuous');
#16994 = STYLED_ITEM('color',(#16995),#10579);
#16995 = PRESENTATION_STYLE_ASSIGNMENT((#16996,#17001));
#16996 = SURFACE_STYLE_USAGE(.BOTH.,#16997);
#16997 = SURFACE_SIDE_STYLE('',(#16998));
#16998 = SURFACE_STYLE_FILL_AREA(#16999);
#16999 = FILL_AREA_STYLE('',(#17000));
#17000 = FILL_AREA_STYLE_COLOUR('',#14648);
#17001 = CURVE_STYLE('',#17002,POSITIVE_LENGTH_MEASURE(0.1),#14648);
#17002 = DRAUGHTING_PRE_DEFINED_CURVE_FONT('continuous');
#17003 = STYLED_ITEM('color',(#17004),#10596);
#17004 = PRESENTATION_STYLE_ASSIGNMENT((#17005,#17010));
#17005 = SURFACE_STYLE_USAGE(.BOTH.,#17006);
#17006 = SURFACE_SIDE_STYLE('',(#17007));
#17007 = SURFACE_STYLE_FILL_AREA(#17008);
#17008 = FILL_AREA_STYLE('',(#17009));
#17009 = FILL_AREA_STYLE_COLOUR('',#14648);
#17010 = CURVE_STYLE('',#17011,POSITIVE_LENGTH_MEASURE(0.1),#14648);
#17011 = DRAUGHTING_PRE_DEFINED_CURVE_FONT('continuous');
#17012 = STYLED_ITEM('color',(#17013),#10613);
#17013 = PRESENTATION_STYLE_ASSIGNMENT((#17014,#17019));
#17014 = SURFACE_STYLE_USAGE(.BOTH.,#17015);
#17015 = SURFACE_SIDE_STYLE('',(#17016));
#17016 = SURFACE_STYLE_FILL_AREA(#17017);
#17017 = FILL_AREA_STYLE('',(#17018));
#17018 = FILL_AREA_STYLE_COLOUR('',#14648);
#17019 = CURVE_STYLE('',#17020,POSITIVE_LENGTH_MEASURE(0.1),#14648);
#17020 = DRAUGHTING_PRE_DEFINED_CURVE_FONT('continuous');
#17021 = STYLED_ITEM('color',(#17022),#10630);
#17022 = PRESENTATION_STYLE_ASSIGNMENT((#17023,#17028));
#17023 = SURFACE_STYLE_USAGE(.BOTH.,#17024);
#17024 = SURFACE_SIDE_STYLE('',(#17025));
#17025 = SURFACE_STYLE_FILL_AREA(#17026);
#17026 = FILL_AREA_STYLE('',(#17027));
#17027 = FILL_AREA_STYLE_COLOUR('',#14648);
#17028 = CURVE_STYLE('',#17029,POSITIVE_LENGTH_MEASURE(0.1),#14648);
#17029 = DRAUGHTING_PRE_DEFINED_CURVE_FONT('continuous');
#17030 = STYLED_ITEM('color',(#17031),#10647);
#17031 = PRESENTATION_STYLE_ASSIGNMENT((#17032,#17037));
#17032 = SURFACE_STYLE_USAGE(.BOTH.,#17033);
#17033 = SURFACE_SIDE_STYLE('',(#17034));
#17034 = SURFACE_STYLE_FILL_AREA(#17035);
#17035 = FILL_AREA_STYLE('',(#17036));
#17036 = FILL_AREA_STYLE_COLOUR('',#14648);
#17037 = CURVE_STYLE('',#17038,POSITIVE_LENGTH_MEASURE(0.1),#14648);
#17038 = DRAUGHTING_PRE_DEFINED_CURVE_FONT('continuous');
#17039 = STYLED_ITEM('color',(#17040),#10659);
#17040 = PRESENTATION_STYLE_ASSIGNMENT((#17041,#17046));
#17041 = SURFACE_STYLE_USAGE(.BOTH.,#17042);
#17042 = SURFACE_SIDE_STYLE('',(#17043));
#17043 = SURFACE_STYLE_FILL_AREA(#17044);
#17044 = FILL_AREA_STYLE('',(#17045));
#17045 = FILL_AREA_STYLE_COLOUR('',#14648);
#17046 = CURVE_STYLE('',#17047,POSITIVE_LENGTH_MEASURE(0.1),#14648);
#17047 = DRAUGHTING_PRE_DEFINED_CURVE_FONT('continuous');
#17048 = STYLED_ITEM('color',(#17049),#10678);
#17049 = PRESENTATION_STYLE_ASSIGNMENT((#17050,#17055));
#17050 = SURFACE_STYLE_USAGE(.BOTH.,#17051);
#17051 = SURFACE_SIDE_STYLE('',(#17052));
#17052 = SURFACE_STYLE_FILL_AREA(#17053);
#17053 = FILL_AREA_STYLE('',(#17054));
#17054 = FILL_AREA_STYLE_COLOUR('',#14648);
#17055 = CURVE_STYLE('',#17056,POSITIVE_LENGTH_MEASURE(0.1),#14648);
#17056 = DRAUGHTING_PRE_DEFINED_CURVE_FONT('continuous');
#17057 = STYLED_ITEM('color',(#17058),#10695);
#17058 = PRESENTATION_STYLE_ASSIGNMENT((#17059,#17064));
#17059 = SURFACE_STYLE_USAGE(.BOTH.,#17060);
#17060 = SURFACE_SIDE_STYLE('',(#17061));
#17061 = SURFACE_STYLE_FILL_AREA(#17062);
#17062 = FILL_AREA_STYLE('',(#17063));
#17063 = FILL_AREA_STYLE_COLOUR('',#14648);
#17064 = CURVE_STYLE('',#17065,POSITIVE_LENGTH_MEASURE(0.1),#14648);
#17065 = DRAUGHTING_PRE_DEFINED_CURVE_FONT('continuous');
#17066 = STYLED_ITEM('color',(#17067),#10712);
#17067 = PRESENTATION_STYLE_ASSIGNMENT((#17068,#17073));
#17068 = SURFACE_STYLE_USAGE(.BOTH.,#17069);
#17069 = SURFACE_SIDE_STYLE('',(#17070));
#17070 = SURFACE_STYLE_FILL_AREA(#17071);
#17071 = FILL_AREA_STYLE('',(#17072));
#17072 = FILL_AREA_STYLE_COLOUR('',#14648);
#17073 = CURVE_STYLE('',#17074,POSITIVE_LENGTH_MEASURE(0.1),#14648);
#17074 = DRAUGHTING_PRE_DEFINED_CURVE_FONT('continuous');
#17075 = STYLED_ITEM('color',(#17076),#10729);
#17076 = PRESENTATION_STYLE_ASSIGNMENT((#17077,#17082));
#17077 = SURFACE_STYLE_USAGE(.BOTH.,#17078);
#17078 = SURFACE_SIDE_STYLE('',(#17079));
#17079 = SURFACE_STYLE_FILL_AREA(#17080);
#17080 = FILL_AREA_STYLE('',(#17081));
#17081 = FILL_AREA_STYLE_COLOUR('',#14648);
#17082 = CURVE_STYLE('',#17083,POSITIVE_LENGTH_MEASURE(0.1),#14648);
#17083 = DRAUGHTING_PRE_DEFINED_CURVE_FONT('continuous');
#17084 = STYLED_ITEM('color',(#17085),#10746);
#17085 = PRESENTATION_STYLE_ASSIGNMENT((#17086,#17091));
#17086 = SURFACE_STYLE_USAGE(.BOTH.,#17087);
#17087 = SURFACE_SIDE_STYLE('',(#17088));
#17088 = SURFACE_STYLE_FILL_AREA(#17089);
#17089 = FILL_AREA_STYLE('',(#17090));
#17090 = FILL_AREA_STYLE_COLOUR('',#14648);
#17091 = CURVE_STYLE('',#17092,POSITIVE_LENGTH_MEASURE(0.1),#14648);
#17092 = DRAUGHTING_PRE_DEFINED_CURVE_FONT('continuous');
#17093 = STYLED_ITEM('color',(#17094),#10763);
#17094 = PRESENTATION_STYLE_ASSIGNMENT((#17095,#17100));
#17095 = SURFACE_STYLE_USAGE(.BOTH.,#17096);
#17096 = SURFACE_SIDE_STYLE('',(#17097));
#17097 = SURFACE_STYLE_FILL_AREA(#17098);
#17098 = FILL_AREA_STYLE('',(#17099));
#17099 = FILL_AREA_STYLE_COLOUR('',#14648);
#17100 = CURVE_STYLE('',#17101,POSITIVE_LENGTH_MEASURE(0.1),#14648);
#17101 = DRAUGHTING_PRE_DEFINED_CURVE_FONT('continuous');
#17102 = STYLED_ITEM('color',(#17103),#10780);
#17103 = PRESENTATION_STYLE_ASSIGNMENT((#17104,#17109));
#17104 = SURFACE_STYLE_USAGE(.BOTH.,#17105);
#17105 = SURFACE_SIDE_STYLE('',(#17106));
#17106 = SURFACE_STYLE_FILL_AREA(#17107);
#17107 = FILL_AREA_STYLE('',(#17108));
#17108 = FILL_AREA_STYLE_COLOUR('',#14648);
#17109 = CURVE_STYLE('',#17110,POSITIVE_LENGTH_MEASURE(0.1),#14648);
#17110 = DRAUGHTING_PRE_DEFINED_CURVE_FONT('continuous');
#17111 = STYLED_ITEM('color',(#17112),#10797);
#17112 = PRESENTATION_STYLE_ASSIGNMENT((#17113,#17118));
#17113 = SURFACE_STYLE_USAGE(.BOTH.,#17114);
#17114 = SURFACE_SIDE_STYLE('',(#17115));
#17115 = SURFACE_STYLE_FILL_AREA(#17116);
#17116 = FILL_AREA_STYLE('',(#17117));
#17117 = FILL_AREA_STYLE_COLOUR('',#14648);
#17118 = CURVE_STYLE('',#17119,POSITIVE_LENGTH_MEASURE(0.1),#14648);
#17119 = DRAUGHTING_PRE_DEFINED_CURVE_FONT('continuous');
#17120 = STYLED_ITEM('color',(#17121),#10809);
#17121 = PRESENTATION_STYLE_ASSIGNMENT((#17122,#17127));
#17122 = SURFACE_STYLE_USAGE(.BOTH.,#17123);
#17123 = SURFACE_SIDE_STYLE('',(#17124));
#17124 = SURFACE_STYLE_FILL_AREA(#17125);
#17125 = FILL_AREA_STYLE('',(#17126));
#17126 = FILL_AREA_STYLE_COLOUR('',#14648);
#17127 = CURVE_STYLE('',#17128,POSITIVE_LENGTH_MEASURE(0.1),#14648);
#17128 = DRAUGHTING_PRE_DEFINED_CURVE_FONT('continuous');
#17129 = STYLED_ITEM('color',(#17130),#10828);
#17130 = PRESENTATION_STYLE_ASSIGNMENT((#17131,#17136));
#17131 = SURFACE_STYLE_USAGE(.BOTH.,#17132);
#17132 = SURFACE_SIDE_STYLE('',(#17133));
#17133 = SURFACE_STYLE_FILL_AREA(#17134);
#17134 = FILL_AREA_STYLE('',(#17135));
#17135 = FILL_AREA_STYLE_COLOUR('',#14648);
#17136 = CURVE_STYLE('',#17137,POSITIVE_LENGTH_MEASURE(0.1),#14648);
#17137 = DRAUGHTING_PRE_DEFINED_CURVE_FONT('continuous');
#17138 = STYLED_ITEM('color',(#17139),#10845);
#17139 = PRESENTATION_STYLE_ASSIGNMENT((#17140,#17145));
#17140 = SURFACE_STYLE_USAGE(.BOTH.,#17141);
#17141 = SURFACE_SIDE_STYLE('',(#17142));
#17142 = SURFACE_STYLE_FILL_AREA(#17143);
#17143 = FILL_AREA_STYLE('',(#17144));
#17144 = FILL_AREA_STYLE_COLOUR('',#14648);
#17145 = CURVE_STYLE('',#17146,POSITIVE_LENGTH_MEASURE(0.1),#14648);
#17146 = DRAUGHTING_PRE_DEFINED_CURVE_FONT('continuous');
#17147 = STYLED_ITEM('color',(#17148),#10862);
#17148 = PRESENTATION_STYLE_ASSIGNMENT((#17149,#17154));
#17149 = SURFACE_STYLE_USAGE(.BOTH.,#17150);
#17150 = SURFACE_SIDE_STYLE('',(#17151));
#17151 = SURFACE_STYLE_FILL_AREA(#17152);
#17152 = FILL_AREA_STYLE('',(#17153));
#17153 = FILL_AREA_STYLE_COLOUR('',#14648);
#17154 = CURVE_STYLE('',#17155,POSITIVE_LENGTH_MEASURE(0.1),#14648);
#17155 = DRAUGHTING_PRE_DEFINED_CURVE_FONT('continuous');
#17156 = STYLED_ITEM('color',(#17157),#10879);
#17157 = PRESENTATION_STYLE_ASSIGNMENT((#17158,#17163));
#17158 = SURFACE_STYLE_USAGE(.BOTH.,#17159);
#17159 = SURFACE_SIDE_STYLE('',(#17160));
#17160 = SURFACE_STYLE_FILL_AREA(#17161);
#17161 = FILL_AREA_STYLE('',(#17162));
#17162 = FILL_AREA_STYLE_COLOUR('',#14648);
#17163 = CURVE_STYLE('',#17164,POSITIVE_LENGTH_MEASURE(0.1),#14648);
#17164 = DRAUGHTING_PRE_DEFINED_CURVE_FONT('continuous');
#17165 = STYLED_ITEM('color',(#17166),#10896);
#17166 = PRESENTATION_STYLE_ASSIGNMENT((#17167,#17172));
#17167 = SURFACE_STYLE_USAGE(.BOTH.,#17168);
#17168 = SURFACE_SIDE_STYLE('',(#17169));
#17169 = SURFACE_STYLE_FILL_AREA(#17170);
#17170 = FILL_AREA_STYLE('',(#17171));
#17171 = FILL_AREA_STYLE_COLOUR('',#14648);
#17172 = CURVE_STYLE('',#17173,POSITIVE_LENGTH_MEASURE(0.1),#14648);
#17173 = DRAUGHTING_PRE_DEFINED_CURVE_FONT('continuous');
#17174 = STYLED_ITEM('color',(#17175),#10913);
#17175 = PRESENTATION_STYLE_ASSIGNMENT((#17176,#17181));
#17176 = SURFACE_STYLE_USAGE(.BOTH.,#17177);
#17177 = SURFACE_SIDE_STYLE('',(#17178));
#17178 = SURFACE_STYLE_FILL_AREA(#17179);
#17179 = FILL_AREA_STYLE('',(#17180));
#17180 = FILL_AREA_STYLE_COLOUR('',#14648);
#17181 = CURVE_STYLE('',#17182,POSITIVE_LENGTH_MEASURE(0.1),#14648);
#17182 = DRAUGHTING_PRE_DEFINED_CURVE_FONT('continuous');
#17183 = STYLED_ITEM('color',(#17184),#10930);
#17184 = PRESENTATION_STYLE_ASSIGNMENT((#17185,#17190));
#17185 = SURFACE_STYLE_USAGE(.BOTH.,#17186);
#17186 = SURFACE_SIDE_STYLE('',(#17187));
#17187 = SURFACE_STYLE_FILL_AREA(#17188);
#17188 = FILL_AREA_STYLE('',(#17189));
#17189 = FILL_AREA_STYLE_COLOUR('',#14648);
#17190 = CURVE_STYLE('',#17191,POSITIVE_LENGTH_MEASURE(0.1),#14648);
#17191 = DRAUGHTING_PRE_DEFINED_CURVE_FONT('continuous');
#17192 = STYLED_ITEM('color',(#17193),#10947);
#17193 = PRESENTATION_STYLE_ASSIGNMENT((#17194,#17199));
#17194 = SURFACE_STYLE_USAGE(.BOTH.,#17195);
#17195 = SURFACE_SIDE_STYLE('',(#17196));
#17196 = SURFACE_STYLE_FILL_AREA(#17197);
#17197 = FILL_AREA_STYLE('',(#17198));
#17198 = FILL_AREA_STYLE_COLOUR('',#14648);
#17199 = CURVE_STYLE('',#17200,POSITIVE_LENGTH_MEASURE(0.1),#14648);
#17200 = DRAUGHTING_PRE_DEFINED_CURVE_FONT('continuous');
#17201 = STYLED_ITEM('color',(#17202),#10959);
#17202 = PRESENTATION_STYLE_ASSIGNMENT((#17203,#17208));
#17203 = SURFACE_STYLE_USAGE(.BOTH.,#17204);
#17204 = SURFACE_SIDE_STYLE('',(#17205));
#17205 = SURFACE_STYLE_FILL_AREA(#17206);
#17206 = FILL_AREA_STYLE('',(#17207));
#17207 = FILL_AREA_STYLE_COLOUR('',#14648);
#17208 = CURVE_STYLE('',#17209,POSITIVE_LENGTH_MEASURE(0.1),#14648);
#17209 = DRAUGHTING_PRE_DEFINED_CURVE_FONT('continuous');
#17210 = STYLED_ITEM('color',(#17211),#10978);
#17211 = PRESENTATION_STYLE_ASSIGNMENT((#17212,#17217));
#17212 = SURFACE_STYLE_USAGE(.BOTH.,#17213);
#17213 = SURFACE_SIDE_STYLE('',(#17214));
#17214 = SURFACE_STYLE_FILL_AREA(#17215);
#17215 = FILL_AREA_STYLE('',(#17216));
#17216 = FILL_AREA_STYLE_COLOUR('',#14648);
#17217 = CURVE_STYLE('',#17218,POSITIVE_LENGTH_MEASURE(0.1),#14648);
#17218 = DRAUGHTING_PRE_DEFINED_CURVE_FONT('continuous');
#17219 = STYLED_ITEM('color',(#17220),#10995);
#17220 = PRESENTATION_STYLE_ASSIGNMENT((#17221,#17226));
#17221 = SURFACE_STYLE_USAGE(.BOTH.,#17222);
#17222 = SURFACE_SIDE_STYLE('',(#17223));
#17223 = SURFACE_STYLE_FILL_AREA(#17224);
#17224 = FILL_AREA_STYLE('',(#17225));
#17225 = FILL_AREA_STYLE_COLOUR('',#14648);
#17226 = CURVE_STYLE('',#17227,POSITIVE_LENGTH_MEASURE(0.1),#14648);
#17227 = DRAUGHTING_PRE_DEFINED_CURVE_FONT('continuous');
#17228 = STYLED_ITEM('color',(#17229),#11012);
#17229 = PRESENTATION_STYLE_ASSIGNMENT((#17230,#17235));
#17230 = SURFACE_STYLE_USAGE(.BOTH.,#17231);
#17231 = SURFACE_SIDE_STYLE('',(#17232));
#17232 = SURFACE_STYLE_FILL_AREA(#17233);
#17233 = FILL_AREA_STYLE('',(#17234));
#17234 = FILL_AREA_STYLE_COLOUR('',#14648);
#17235 = CURVE_STYLE('',#17236,POSITIVE_LENGTH_MEASURE(0.1),#14648);
#17236 = DRAUGHTING_PRE_DEFINED_CURVE_FONT('continuous');
#17237 = STYLED_ITEM('color',(#17238),#11029);
#17238 = PRESENTATION_STYLE_ASSIGNMENT((#17239,#17244));
#17239 = SURFACE_STYLE_USAGE(.BOTH.,#17240);
#17240 = SURFACE_SIDE_STYLE('',(#17241));
#17241 = SURFACE_STYLE_FILL_AREA(#17242);
#17242 = FILL_AREA_STYLE('',(#17243));
#17243 = FILL_AREA_STYLE_COLOUR('',#14648);
#17244 = CURVE_STYLE('',#17245,POSITIVE_LENGTH_MEASURE(0.1),#14648);
#17245 = DRAUGHTING_PRE_DEFINED_CURVE_FONT('continuous');
#17246 = STYLED_ITEM('color',(#17247),#11046);
#17247 = PRESENTATION_STYLE_ASSIGNMENT((#17248,#17253));
#17248 = SURFACE_STYLE_USAGE(.BOTH.,#17249);
#17249 = SURFACE_SIDE_STYLE('',(#17250));
#17250 = SURFACE_STYLE_FILL_AREA(#17251);
#17251 = FILL_AREA_STYLE('',(#17252));
#17252 = FILL_AREA_STYLE_COLOUR('',#14648);
#17253 = CURVE_STYLE('',#17254,POSITIVE_LENGTH_MEASURE(0.1),#14648);
#17254 = DRAUGHTING_PRE_DEFINED_CURVE_FONT('continuous');
#17255 = STYLED_ITEM('color',(#17256),#11063);
#17256 = PRESENTATION_STYLE_ASSIGNMENT((#17257,#17262));
#17257 = SURFACE_STYLE_USAGE(.BOTH.,#17258);
#17258 = SURFACE_SIDE_STYLE('',(#17259));
#17259 = SURFACE_STYLE_FILL_AREA(#17260);
#17260 = FILL_AREA_STYLE('',(#17261));
#17261 = FILL_AREA_STYLE_COLOUR('',#14648);
#17262 = CURVE_STYLE('',#17263,POSITIVE_LENGTH_MEASURE(0.1),#14648);
#17263 = DRAUGHTING_PRE_DEFINED_CURVE_FONT('continuous');
#17264 = STYLED_ITEM('color',(#17265),#11080);
#17265 = PRESENTATION_STYLE_ASSIGNMENT((#17266,#17271));
#17266 = SURFACE_STYLE_USAGE(.BOTH.,#17267);
#17267 = SURFACE_SIDE_STYLE('',(#17268));
#17268 = SURFACE_STYLE_FILL_AREA(#17269);
#17269 = FILL_AREA_STYLE('',(#17270));
#17270 = FILL_AREA_STYLE_COLOUR('',#14648);
#17271 = CURVE_STYLE('',#17272,POSITIVE_LENGTH_MEASURE(0.1),#14648);
#17272 = DRAUGHTING_PRE_DEFINED_CURVE_FONT('continuous');
#17273 = STYLED_ITEM('color',(#17274),#11097);
#17274 = PRESENTATION_STYLE_ASSIGNMENT((#17275,#17280));
#17275 = SURFACE_STYLE_USAGE(.BOTH.,#17276);
#17276 = SURFACE_SIDE_STYLE('',(#17277));
#17277 = SURFACE_STYLE_FILL_AREA(#17278);
#17278 = FILL_AREA_STYLE('',(#17279));
#17279 = FILL_AREA_STYLE_COLOUR('',#14648);
#17280 = CURVE_STYLE('',#17281,POSITIVE_LENGTH_MEASURE(0.1),#14648);
#17281 = DRAUGHTING_PRE_DEFINED_CURVE_FONT('continuous');
#17282 = STYLED_ITEM('color',(#17283),#11109);
#17283 = PRESENTATION_STYLE_ASSIGNMENT((#17284,#17289));
#17284 = SURFACE_STYLE_USAGE(.BOTH.,#17285);
#17285 = SURFACE_SIDE_STYLE('',(#17286));
#17286 = SURFACE_STYLE_FILL_AREA(#17287);
#17287 = FILL_AREA_STYLE('',(#17288));
#17288 = FILL_AREA_STYLE_COLOUR('',#14619);
#17289 = CURVE_STYLE('',#17290,POSITIVE_LENGTH_MEASURE(0.1),#14619);
#17290 = DRAUGHTING_PRE_DEFINED_CURVE_FONT('continuous');
#17291 = STYLED_ITEM('color',(#17292),#11126);
#17292 = PRESENTATION_STYLE_ASSIGNMENT((#17293,#17298));
#17293 = SURFACE_STYLE_USAGE(.BOTH.,#17294);
#17294 = SURFACE_SIDE_STYLE('',(#17295));
#17295 = SURFACE_STYLE_FILL_AREA(#17296);
#17296 = FILL_AREA_STYLE('',(#17297));
#17297 = FILL_AREA_STYLE_COLOUR('',#14648);
#17298 = CURVE_STYLE('',#17299,POSITIVE_LENGTH_MEASURE(0.1),#14648);
#17299 = DRAUGHTING_PRE_DEFINED_CURVE_FONT('continuous');
#17300 = STYLED_ITEM('color',(#17301),#11164);
#17301 = PRESENTATION_STYLE_ASSIGNMENT((#17302,#17307));
#17302 = SURFACE_STYLE_USAGE(.BOTH.,#17303);
#17303 = SURFACE_SIDE_STYLE('',(#17304));
#17304 = SURFACE_STYLE_FILL_AREA(#17305);
#17305 = FILL_AREA_STYLE('',(#17306));
#17306 = FILL_AREA_STYLE_COLOUR('',#14648);
#17307 = CURVE_STYLE('',#17308,POSITIVE_LENGTH_MEASURE(0.1),#14648);
#17308 = DRAUGHTING_PRE_DEFINED_CURVE_FONT('continuous');
#17309 = STYLED_ITEM('color',(#17310),#11249);
#17310 = PRESENTATION_STYLE_ASSIGNMENT((#17311,#17316));
#17311 = SURFACE_STYLE_USAGE(.BOTH.,#17312);
#17312 = SURFACE_SIDE_STYLE('',(#17313));
#17313 = SURFACE_STYLE_FILL_AREA(#17314);
#17314 = FILL_AREA_STYLE('',(#17315));
#17315 = FILL_AREA_STYLE_COLOUR('',#14648);
#17316 = CURVE_STYLE('',#17317,POSITIVE_LENGTH_MEASURE(0.1),#14648);
#17317 = DRAUGHTING_PRE_DEFINED_CURVE_FONT('continuous');
#17318 = STYLED_ITEM('color',(#17319),#11334);
#17319 = PRESENTATION_STYLE_ASSIGNMENT((#17320,#17325));
#17320 = SURFACE_STYLE_USAGE(.BOTH.,#17321);
#17321 = SURFACE_SIDE_STYLE('',(#17322));
#17322 = SURFACE_STYLE_FILL_AREA(#17323);
#17323 = FILL_AREA_STYLE('',(#17324));
#17324 = FILL_AREA_STYLE_COLOUR('',#14648);
#17325 = CURVE_STYLE('',#17326,POSITIVE_LENGTH_MEASURE(0.1),#14648);
#17326 = DRAUGHTING_PRE_DEFINED_CURVE_FONT('continuous');
#17327 = STYLED_ITEM('color',(#17328),#11351);
#17328 = PRESENTATION_STYLE_ASSIGNMENT((#17329,#17334));
#17329 = SURFACE_STYLE_USAGE(.BOTH.,#17330);
#17330 = SURFACE_SIDE_STYLE('',(#17331));
#17331 = SURFACE_STYLE_FILL_AREA(#17332);
#17332 = FILL_AREA_STYLE('',(#17333));
#17333 = FILL_AREA_STYLE_COLOUR('',#14619);
#17334 = CURVE_STYLE('',#17335,POSITIVE_LENGTH_MEASURE(0.1),#14619);
#17335 = DRAUGHTING_PRE_DEFINED_CURVE_FONT('continuous');
#17336 = STYLED_ITEM('color',(#17337),#11368);
#17337 = PRESENTATION_STYLE_ASSIGNMENT((#17338,#17343));
#17338 = SURFACE_STYLE_USAGE(.BOTH.,#17339);
#17339 = SURFACE_SIDE_STYLE('',(#17340));
#17340 = SURFACE_STYLE_FILL_AREA(#17341);
#17341 = FILL_AREA_STYLE('',(#17342));
#17342 = FILL_AREA_STYLE_COLOUR('',#14648);
#17343 = CURVE_STYLE('',#17344,POSITIVE_LENGTH_MEASURE(0.1),#14648);
#17344 = DRAUGHTING_PRE_DEFINED_CURVE_FONT('continuous');
#17345 = STYLED_ITEM('color',(#17346),#11460);
#17346 = PRESENTATION_STYLE_ASSIGNMENT((#17347,#17352));
#17347 = SURFACE_STYLE_USAGE(.BOTH.,#17348);
#17348 = SURFACE_SIDE_STYLE('',(#17349));
#17349 = SURFACE_STYLE_FILL_AREA(#17350);
#17350 = FILL_AREA_STYLE('',(#17351));
#17351 = FILL_AREA_STYLE_COLOUR('',#14648);
#17352 = CURVE_STYLE('',#17353,POSITIVE_LENGTH_MEASURE(0.1),#14648);
#17353 = DRAUGHTING_PRE_DEFINED_CURVE_FONT('continuous');
#17354 = STYLED_ITEM('color',(#17355),#11552);
#17355 = PRESENTATION_STYLE_ASSIGNMENT((#17356,#17361));
#17356 = SURFACE_STYLE_USAGE(.BOTH.,#17357);
#17357 = SURFACE_SIDE_STYLE('',(#17358));
#17358 = SURFACE_STYLE_FILL_AREA(#17359);
#17359 = FILL_AREA_STYLE('',(#17360));
#17360 = FILL_AREA_STYLE_COLOUR('',#14648);
#17361 = CURVE_STYLE('',#17362,POSITIVE_LENGTH_MEASURE(0.1),#14648);
#17362 = DRAUGHTING_PRE_DEFINED_CURVE_FONT('continuous');
#17363 = STYLED_ITEM('color',(#17364),#11569);
#17364 = PRESENTATION_STYLE_ASSIGNMENT((#17365,#17370));
#17365 = SURFACE_STYLE_USAGE(.BOTH.,#17366);
#17366 = SURFACE_SIDE_STYLE('',(#17367));
#17367 = SURFACE_STYLE_FILL_AREA(#17368);
#17368 = FILL_AREA_STYLE('',(#17369));
#17369 = FILL_AREA_STYLE_COLOUR('',#14619);
#17370 = CURVE_STYLE('',#17371,POSITIVE_LENGTH_MEASURE(0.1),#14619);
#17371 = DRAUGHTING_PRE_DEFINED_CURVE_FONT('continuous');
#17372 = STYLED_ITEM('color',(#17373),#11591);
#17373 = PRESENTATION_STYLE_ASSIGNMENT((#17374,#17379));
#17374 = SURFACE_STYLE_USAGE(.BOTH.,#17375);
#17375 = SURFACE_SIDE_STYLE('',(#17376));
#17376 = SURFACE_STYLE_FILL_AREA(#17377);
#17377 = FILL_AREA_STYLE('',(#17378));
#17378 = FILL_AREA_STYLE_COLOUR('',#14648);
#17379 = CURVE_STYLE('',#17380,POSITIVE_LENGTH_MEASURE(0.1),#14648);
#17380 = DRAUGHTING_PRE_DEFINED_CURVE_FONT('continuous');
#17381 = STYLED_ITEM('color',(#17382),#11683);
#17382 = PRESENTATION_STYLE_ASSIGNMENT((#17383,#17388));
#17383 = SURFACE_STYLE_USAGE(.BOTH.,#17384);
#17384 = SURFACE_SIDE_STYLE('',(#17385));
#17385 = SURFACE_STYLE_FILL_AREA(#17386);
#17386 = FILL_AREA_STYLE('',(#17387));
#17387 = FILL_AREA_STYLE_COLOUR('',#14648);
#17388 = CURVE_STYLE('',#17389,POSITIVE_LENGTH_MEASURE(0.1),#14648);
#17389 = DRAUGHTING_PRE_DEFINED_CURVE_FONT('continuous');
#17390 = STYLED_ITEM('color',(#17391),#11775);
#17391 = PRESENTATION_STYLE_ASSIGNMENT((#17392,#17397));
#17392 = SURFACE_STYLE_USAGE(.BOTH.,#17393);
#17393 = SURFACE_SIDE_STYLE('',(#17394));
#17394 = SURFACE_STYLE_FILL_AREA(#17395);
#17395 = FILL_AREA_STYLE('',(#17396));
#17396 = FILL_AREA_STYLE_COLOUR('',#14648);
#17397 = CURVE_STYLE('',#17398,POSITIVE_LENGTH_MEASURE(0.1),#14648);
#17398 = DRAUGHTING_PRE_DEFINED_CURVE_FONT('continuous');
#17399 = STYLED_ITEM('color',(#17400),#11792);
#17400 = PRESENTATION_STYLE_ASSIGNMENT((#17401,#17406));
#17401 = SURFACE_STYLE_USAGE(.BOTH.,#17402);
#17402 = SURFACE_SIDE_STYLE('',(#17403));
#17403 = SURFACE_STYLE_FILL_AREA(#17404);
#17404 = FILL_AREA_STYLE('',(#17405));
#17405 = FILL_AREA_STYLE_COLOUR('',#14619);
#17406 = CURVE_STYLE('',#17407,POSITIVE_LENGTH_MEASURE(0.1),#14619);
#17407 = DRAUGHTING_PRE_DEFINED_CURVE_FONT('continuous');
#17408 = STYLED_ITEM('color',(#17409),#11809);
#17409 = PRESENTATION_STYLE_ASSIGNMENT((#17410,#17415));
#17410 = SURFACE_STYLE_USAGE(.BOTH.,#17411);
#17411 = SURFACE_SIDE_STYLE('',(#17412));
#17412 = SURFACE_STYLE_FILL_AREA(#17413);
#17413 = FILL_AREA_STYLE('',(#17414));
#17414 = FILL_AREA_STYLE_COLOUR('',#14648);
#17415 = CURVE_STYLE('',#17416,POSITIVE_LENGTH_MEASURE(0.1),#14648);
#17416 = DRAUGHTING_PRE_DEFINED_CURVE_FONT('continuous');
#17417 = STYLED_ITEM('color',(#17418),#11894);
#17418 = PRESENTATION_STYLE_ASSIGNMENT((#17419,#17424));
#17419 = SURFACE_STYLE_USAGE(.BOTH.,#17420);
#17420 = SURFACE_SIDE_STYLE('',(#17421));
#17421 = SURFACE_STYLE_FILL_AREA(#17422);
#17422 = FILL_AREA_STYLE('',(#17423));
#17423 = FILL_AREA_STYLE_COLOUR('',#14648);
#17424 = CURVE_STYLE('',#17425,POSITIVE_LENGTH_MEASURE(0.1),#14648);
#17425 = DRAUGHTING_PRE_DEFINED_CURVE_FONT('continuous');
#17426 = STYLED_ITEM('color',(#17427),#11979);
#17427 = PRESENTATION_STYLE_ASSIGNMENT((#17428,#17433));
#17428 = SURFACE_STYLE_USAGE(.BOTH.,#17429);
#17429 = SURFACE_SIDE_STYLE('',(#17430));
#17430 = SURFACE_STYLE_FILL_AREA(#17431);
#17431 = FILL_AREA_STYLE('',(#17432));
#17432 = FILL_AREA_STYLE_COLOUR('',#14648);
#17433 = CURVE_STYLE('',#17434,POSITIVE_LENGTH_MEASURE(0.1),#14648);
#17434 = DRAUGHTING_PRE_DEFINED_CURVE_FONT('continuous');
#17435 = STYLED_ITEM('color',(#17436),#11996);
#17436 = PRESENTATION_STYLE_ASSIGNMENT((#17437,#17442));
#17437 = SURFACE_STYLE_USAGE(.BOTH.,#17438);
#17438 = SURFACE_SIDE_STYLE('',(#17439));
#17439 = SURFACE_STYLE_FILL_AREA(#17440);
#17440 = FILL_AREA_STYLE('',(#17441));
#17441 = FILL_AREA_STYLE_COLOUR('',#14648);
#17442 = CURVE_STYLE('',#17443,POSITIVE_LENGTH_MEASURE(0.1),#14648);
#17443 = DRAUGHTING_PRE_DEFINED_CURVE_FONT('continuous');
#17444 = STYLED_ITEM('color',(#17445),#12013);
#17445 = PRESENTATION_STYLE_ASSIGNMENT((#17446,#17451));
#17446 = SURFACE_STYLE_USAGE(.BOTH.,#17447);
#17447 = SURFACE_SIDE_STYLE('',(#17448));
#17448 = SURFACE_STYLE_FILL_AREA(#17449);
#17449 = FILL_AREA_STYLE('',(#17450));
#17450 = FILL_AREA_STYLE_COLOUR('',#14648);
#17451 = CURVE_STYLE('',#17452,POSITIVE_LENGTH_MEASURE(0.1),#14648);
#17452 = DRAUGHTING_PRE_DEFINED_CURVE_FONT('continuous');
#17453 = STYLED_ITEM('color',(#17454),#12032);
#17454 = PRESENTATION_STYLE_ASSIGNMENT((#17455,#17460));
#17455 = SURFACE_STYLE_USAGE(.BOTH.,#17456);
#17456 = SURFACE_SIDE_STYLE('',(#17457));
#17457 = SURFACE_STYLE_FILL_AREA(#17458);
#17458 = FILL_AREA_STYLE('',(#17459));
#17459 = FILL_AREA_STYLE_COLOUR('',#14648);
#17460 = CURVE_STYLE('',#17461,POSITIVE_LENGTH_MEASURE(0.1),#14648);
#17461 = DRAUGHTING_PRE_DEFINED_CURVE_FONT('continuous');
#17462 = STYLED_ITEM('color',(#17463),#12051);
#17463 = PRESENTATION_STYLE_ASSIGNMENT((#17464,#17469));
#17464 = SURFACE_STYLE_USAGE(.BOTH.,#17465);
#17465 = SURFACE_SIDE_STYLE('',(#17466));
#17466 = SURFACE_STYLE_FILL_AREA(#17467);
#17467 = FILL_AREA_STYLE('',(#17468));
#17468 = FILL_AREA_STYLE_COLOUR('',#14619);
#17469 = CURVE_STYLE('',#17470,POSITIVE_LENGTH_MEASURE(0.1),#14619);
#17470 = DRAUGHTING_PRE_DEFINED_CURVE_FONT('continuous');
#17471 = STYLED_ITEM('color',(#17472),#12074);
#17472 = PRESENTATION_STYLE_ASSIGNMENT((#17473,#17478));
#17473 = SURFACE_STYLE_USAGE(.BOTH.,#17474);
#17474 = SURFACE_SIDE_STYLE('',(#17475));
#17475 = SURFACE_STYLE_FILL_AREA(#17476);
#17476 = FILL_AREA_STYLE('',(#17477));
#17477 = FILL_AREA_STYLE_COLOUR('',#14648);
#17478 = CURVE_STYLE('',#17479,POSITIVE_LENGTH_MEASURE(0.1),#14648);
#17479 = DRAUGHTING_PRE_DEFINED_CURVE_FONT('continuous');
#17480 = STYLED_ITEM('color',(#17481),#12091);
#17481 = PRESENTATION_STYLE_ASSIGNMENT((#17482,#17487));
#17482 = SURFACE_STYLE_USAGE(.BOTH.,#17483);
#17483 = SURFACE_SIDE_STYLE('',(#17484));
#17484 = SURFACE_STYLE_FILL_AREA(#17485);
#17485 = FILL_AREA_STYLE('',(#17486));
#17486 = FILL_AREA_STYLE_COLOUR('',#14648);
#17487 = CURVE_STYLE('',#17488,POSITIVE_LENGTH_MEASURE(0.1),#14648);
#17488 = DRAUGHTING_PRE_DEFINED_CURVE_FONT('continuous');
#17489 = STYLED_ITEM('color',(#17490),#12108);
#17490 = PRESENTATION_STYLE_ASSIGNMENT((#17491,#17496));
#17491 = SURFACE_STYLE_USAGE(.BOTH.,#17492);
#17492 = SURFACE_SIDE_STYLE('',(#17493));
#17493 = SURFACE_STYLE_FILL_AREA(#17494);
#17494 = FILL_AREA_STYLE('',(#17495));
#17495 = FILL_AREA_STYLE_COLOUR('',#14648);
#17496 = CURVE_STYLE('',#17497,POSITIVE_LENGTH_MEASURE(0.1),#14648);
#17497 = DRAUGHTING_PRE_DEFINED_CURVE_FONT('continuous');
#17498 = STYLED_ITEM('color',(#17499),#12125);
#17499 = PRESENTATION_STYLE_ASSIGNMENT((#17500,#17505));
#17500 = SURFACE_STYLE_USAGE(.BOTH.,#17501);
#17501 = SURFACE_SIDE_STYLE('',(#17502));
#17502 = SURFACE_STYLE_FILL_AREA(#17503);
#17503 = FILL_AREA_STYLE('',(#17504));
#17504 = FILL_AREA_STYLE_COLOUR('',#14648);
#17505 = CURVE_STYLE('',#17506,POSITIVE_LENGTH_MEASURE(0.1),#14648);
#17506 = DRAUGHTING_PRE_DEFINED_CURVE_FONT('continuous');
#17507 = STYLED_ITEM('color',(#17508),#12142);
#17508 = PRESENTATION_STYLE_ASSIGNMENT((#17509,#17514));
#17509 = SURFACE_STYLE_USAGE(.BOTH.,#17510);
#17510 = SURFACE_SIDE_STYLE('',(#17511));
#17511 = SURFACE_STYLE_FILL_AREA(#17512);
#17512 = FILL_AREA_STYLE('',(#17513));
#17513 = FILL_AREA_STYLE_COLOUR('',#14648);
#17514 = CURVE_STYLE('',#17515,POSITIVE_LENGTH_MEASURE(0.1),#14648);
#17515 = DRAUGHTING_PRE_DEFINED_CURVE_FONT('continuous');
#17516 = STYLED_ITEM('color',(#17517),#12159);
#17517 = PRESENTATION_STYLE_ASSIGNMENT((#17518,#17523));
#17518 = SURFACE_STYLE_USAGE(.BOTH.,#17519);
#17519 = SURFACE_SIDE_STYLE('',(#17520));
#17520 = SURFACE_STYLE_FILL_AREA(#17521);
#17521 = FILL_AREA_STYLE('',(#17522));
#17522 = FILL_AREA_STYLE_COLOUR('',#14648);
#17523 = CURVE_STYLE('',#17524,POSITIVE_LENGTH_MEASURE(0.1),#14648);
#17524 = DRAUGHTING_PRE_DEFINED_CURVE_FONT('continuous');
#17525 = STYLED_ITEM('color',(#17526),#12176);
#17526 = PRESENTATION_STYLE_ASSIGNMENT((#17527,#17532));
#17527 = SURFACE_STYLE_USAGE(.BOTH.,#17528);
#17528 = SURFACE_SIDE_STYLE('',(#17529));
#17529 = SURFACE_STYLE_FILL_AREA(#17530);
#17530 = FILL_AREA_STYLE('',(#17531));
#17531 = FILL_AREA_STYLE_COLOUR('',#14648);
#17532 = CURVE_STYLE('',#17533,POSITIVE_LENGTH_MEASURE(0.1),#14648);
#17533 = DRAUGHTING_PRE_DEFINED_CURVE_FONT('continuous');
#17534 = STYLED_ITEM('color',(#17535),#12193);
#17535 = PRESENTATION_STYLE_ASSIGNMENT((#17536,#17541));
#17536 = SURFACE_STYLE_USAGE(.BOTH.,#17537);
#17537 = SURFACE_SIDE_STYLE('',(#17538));
#17538 = SURFACE_STYLE_FILL_AREA(#17539);
#17539 = FILL_AREA_STYLE('',(#17540));
#17540 = FILL_AREA_STYLE_COLOUR('',#14648);
#17541 = CURVE_STYLE('',#17542,POSITIVE_LENGTH_MEASURE(0.1),#14648);
#17542 = DRAUGHTING_PRE_DEFINED_CURVE_FONT('continuous');
#17543 = STYLED_ITEM('color',(#17544),#12205);
#17544 = PRESENTATION_STYLE_ASSIGNMENT((#17545,#17550));
#17545 = SURFACE_STYLE_USAGE(.BOTH.,#17546);
#17546 = SURFACE_SIDE_STYLE('',(#17547));
#17547 = SURFACE_STYLE_FILL_AREA(#17548);
#17548 = FILL_AREA_STYLE('',(#17549));
#17549 = FILL_AREA_STYLE_COLOUR('',#14648);
#17550 = CURVE_STYLE('',#17551,POSITIVE_LENGTH_MEASURE(0.1),#14648);
#17551 = DRAUGHTING_PRE_DEFINED_CURVE_FONT('continuous');
#17552 = STYLED_ITEM('color',(#17553),#12222);
#17553 = PRESENTATION_STYLE_ASSIGNMENT((#17554,#17559));
#17554 = SURFACE_STYLE_USAGE(.BOTH.,#17555);
#17555 = SURFACE_SIDE_STYLE('',(#17556));
#17556 = SURFACE_STYLE_FILL_AREA(#17557);
#17557 = FILL_AREA_STYLE('',(#17558));
#17558 = FILL_AREA_STYLE_COLOUR('',#14648);
#17559 = CURVE_STYLE('',#17560,POSITIVE_LENGTH_MEASURE(0.1),#14648);
#17560 = DRAUGHTING_PRE_DEFINED_CURVE_FONT('continuous');
#17561 = STYLED_ITEM('color',(#17562),#12239);
#17562 = PRESENTATION_STYLE_ASSIGNMENT((#17563,#17568));
#17563 = SURFACE_STYLE_USAGE(.BOTH.,#17564);
#17564 = SURFACE_SIDE_STYLE('',(#17565));
#17565 = SURFACE_STYLE_FILL_AREA(#17566);
#17566 = FILL_AREA_STYLE('',(#17567));
#17567 = FILL_AREA_STYLE_COLOUR('',#14648);
#17568 = CURVE_STYLE('',#17569,POSITIVE_LENGTH_MEASURE(0.1),#14648);
#17569 = DRAUGHTING_PRE_DEFINED_CURVE_FONT('continuous');
#17570 = STYLED_ITEM('color',(#17571),#12256);
#17571 = PRESENTATION_STYLE_ASSIGNMENT((#17572,#17577));
#17572 = SURFACE_STYLE_USAGE(.BOTH.,#17573);
#17573 = SURFACE_SIDE_STYLE('',(#17574));
#17574 = SURFACE_STYLE_FILL_AREA(#17575);
#17575 = FILL_AREA_STYLE('',(#17576));
#17576 = FILL_AREA_STYLE_COLOUR('',#14648);
#17577 = CURVE_STYLE('',#17578,POSITIVE_LENGTH_MEASURE(0.1),#14648);
#17578 = DRAUGHTING_PRE_DEFINED_CURVE_FONT('continuous');
#17579 = STYLED_ITEM('color',(#17580),#12273);
#17580 = PRESENTATION_STYLE_ASSIGNMENT((#17581,#17586));
#17581 = SURFACE_STYLE_USAGE(.BOTH.,#17582);
#17582 = SURFACE_SIDE_STYLE('',(#17583));
#17583 = SURFACE_STYLE_FILL_AREA(#17584);
#17584 = FILL_AREA_STYLE('',(#17585));
#17585 = FILL_AREA_STYLE_COLOUR('',#14648);
#17586 = CURVE_STYLE('',#17587,POSITIVE_LENGTH_MEASURE(0.1),#14648);
#17587 = DRAUGHTING_PRE_DEFINED_CURVE_FONT('continuous');
#17588 = STYLED_ITEM('color',(#17589),#12290);
#17589 = PRESENTATION_STYLE_ASSIGNMENT((#17590,#17595));
#17590 = SURFACE_STYLE_USAGE(.BOTH.,#17591);
#17591 = SURFACE_SIDE_STYLE('',(#17592));
#17592 = SURFACE_STYLE_FILL_AREA(#17593);
#17593 = FILL_AREA_STYLE('',(#17594));
#17594 = FILL_AREA_STYLE_COLOUR('',#14648);
#17595 = CURVE_STYLE('',#17596,POSITIVE_LENGTH_MEASURE(0.1),#14648);
#17596 = DRAUGHTING_PRE_DEFINED_CURVE_FONT('continuous');
#17597 = STYLED_ITEM('color',(#17598),#12307);
#17598 = PRESENTATION_STYLE_ASSIGNMENT((#17599,#17604));
#17599 = SURFACE_STYLE_USAGE(.BOTH.,#17600);
#17600 = SURFACE_SIDE_STYLE('',(#17601));
#17601 = SURFACE_STYLE_FILL_AREA(#17602);
#17602 = FILL_AREA_STYLE('',(#17603));
#17603 = FILL_AREA_STYLE_COLOUR('',#14648);
#17604 = CURVE_STYLE('',#17605,POSITIVE_LENGTH_MEASURE(0.1),#14648);
#17605 = DRAUGHTING_PRE_DEFINED_CURVE_FONT('continuous');
#17606 = STYLED_ITEM('color',(#17607),#12324);
#17607 = PRESENTATION_STYLE_ASSIGNMENT((#17608,#17613));
#17608 = SURFACE_STYLE_USAGE(.BOTH.,#17609);
#17609 = SURFACE_SIDE_STYLE('',(#17610));
#17610 = SURFACE_STYLE_FILL_AREA(#17611);
#17611 = FILL_AREA_STYLE('',(#17612));
#17612 = FILL_AREA_STYLE_COLOUR('',#14648);
#17613 = CURVE_STYLE('',#17614,POSITIVE_LENGTH_MEASURE(0.1),#14648);
#17614 = DRAUGHTING_PRE_DEFINED_CURVE_FONT('continuous');
#17615 = STYLED_ITEM('color',(#17616),#12336);
#17616 = PRESENTATION_STYLE_ASSIGNMENT((#17617,#17622));
#17617 = SURFACE_STYLE_USAGE(.BOTH.,#17618);
#17618 = SURFACE_SIDE_STYLE('',(#17619));
#17619 = SURFACE_STYLE_FILL_AREA(#17620);
#17620 = FILL_AREA_STYLE('',(#17621));
#17621 = FILL_AREA_STYLE_COLOUR('',#14648);
#17622 = CURVE_STYLE('',#17623,POSITIVE_LENGTH_MEASURE(0.1),#14648);
#17623 = DRAUGHTING_PRE_DEFINED_CURVE_FONT('continuous');
#17624 = STYLED_ITEM('color',(#17625),#12353);
#17625 = PRESENTATION_STYLE_ASSIGNMENT((#17626,#17631));
#17626 = SURFACE_STYLE_USAGE(.BOTH.,#17627);
#17627 = SURFACE_SIDE_STYLE('',(#17628));
#17628 = SURFACE_STYLE_FILL_AREA(#17629);
#17629 = FILL_AREA_STYLE('',(#17630));
#17630 = FILL_AREA_STYLE_COLOUR('',#14648);
#17631 = CURVE_STYLE('',#17632,POSITIVE_LENGTH_MEASURE(0.1),#14648);
#17632 = DRAUGHTING_PRE_DEFINED_CURVE_FONT('continuous');
#17633 = STYLED_ITEM('color',(#17634),#12370);
#17634 = PRESENTATION_STYLE_ASSIGNMENT((#17635,#17640));
#17635 = SURFACE_STYLE_USAGE(.BOTH.,#17636);
#17636 = SURFACE_SIDE_STYLE('',(#17637));
#17637 = SURFACE_STYLE_FILL_AREA(#17638);
#17638 = FILL_AREA_STYLE('',(#17639));
#17639 = FILL_AREA_STYLE_COLOUR('',#14648);
#17640 = CURVE_STYLE('',#17641,POSITIVE_LENGTH_MEASURE(0.1),#14648);
#17641 = DRAUGHTING_PRE_DEFINED_CURVE_FONT('continuous');
#17642 = STYLED_ITEM('color',(#17643),#12387);
#17643 = PRESENTATION_STYLE_ASSIGNMENT((#17644,#17649));
#17644 = SURFACE_STYLE_USAGE(.BOTH.,#17645);
#17645 = SURFACE_SIDE_STYLE('',(#17646));
#17646 = SURFACE_STYLE_FILL_AREA(#17647);
#17647 = FILL_AREA_STYLE('',(#17648));
#17648 = FILL_AREA_STYLE_COLOUR('',#14648);
#17649 = CURVE_STYLE('',#17650,POSITIVE_LENGTH_MEASURE(0.1),#14648);
#17650 = DRAUGHTING_PRE_DEFINED_CURVE_FONT('continuous');
#17651 = STYLED_ITEM('color',(#17652),#12404);
#17652 = PRESENTATION_STYLE_ASSIGNMENT((#17653,#17658));
#17653 = SURFACE_STYLE_USAGE(.BOTH.,#17654);
#17654 = SURFACE_SIDE_STYLE('',(#17655));
#17655 = SURFACE_STYLE_FILL_AREA(#17656);
#17656 = FILL_AREA_STYLE('',(#17657));
#17657 = FILL_AREA_STYLE_COLOUR('',#14648);
#17658 = CURVE_STYLE('',#17659,POSITIVE_LENGTH_MEASURE(0.1),#14648);
#17659 = DRAUGHTING_PRE_DEFINED_CURVE_FONT('continuous');
#17660 = STYLED_ITEM('color',(#17661),#12421);
#17661 = PRESENTATION_STYLE_ASSIGNMENT((#17662,#17667));
#17662 = SURFACE_STYLE_USAGE(.BOTH.,#17663);
#17663 = SURFACE_SIDE_STYLE('',(#17664));
#17664 = SURFACE_STYLE_FILL_AREA(#17665);
#17665 = FILL_AREA_STYLE('',(#17666));
#17666 = FILL_AREA_STYLE_COLOUR('',#14648);
#17667 = CURVE_STYLE('',#17668,POSITIVE_LENGTH_MEASURE(0.1),#14648);
#17668 = DRAUGHTING_PRE_DEFINED_CURVE_FONT('continuous');
#17669 = STYLED_ITEM('color',(#17670),#12438);
#17670 = PRESENTATION_STYLE_ASSIGNMENT((#17671,#17676));
#17671 = SURFACE_STYLE_USAGE(.BOTH.,#17672);
#17672 = SURFACE_SIDE_STYLE('',(#17673));
#17673 = SURFACE_STYLE_FILL_AREA(#17674);
#17674 = FILL_AREA_STYLE('',(#17675));
#17675 = FILL_AREA_STYLE_COLOUR('',#14648);
#17676 = CURVE_STYLE('',#17677,POSITIVE_LENGTH_MEASURE(0.1),#14648);
#17677 = DRAUGHTING_PRE_DEFINED_CURVE_FONT('continuous');
#17678 = STYLED_ITEM('color',(#17679),#12455);
#17679 = PRESENTATION_STYLE_ASSIGNMENT((#17680,#17685));
#17680 = SURFACE_STYLE_USAGE(.BOTH.,#17681);
#17681 = SURFACE_SIDE_STYLE('',(#17682));
#17682 = SURFACE_STYLE_FILL_AREA(#17683);
#17683 = FILL_AREA_STYLE('',(#17684));
#17684 = FILL_AREA_STYLE_COLOUR('',#14648);
#17685 = CURVE_STYLE('',#17686,POSITIVE_LENGTH_MEASURE(0.1),#14648);
#17686 = DRAUGHTING_PRE_DEFINED_CURVE_FONT('continuous');
#17687 = STYLED_ITEM('color',(#17688),#12467);
#17688 = PRESENTATION_STYLE_ASSIGNMENT((#17689,#17694));
#17689 = SURFACE_STYLE_USAGE(.BOTH.,#17690);
#17690 = SURFACE_SIDE_STYLE('',(#17691));
#17691 = SURFACE_STYLE_FILL_AREA(#17692);
#17692 = FILL_AREA_STYLE('',(#17693));
#17693 = FILL_AREA_STYLE_COLOUR('',#14648);
#17694 = CURVE_STYLE('',#17695,POSITIVE_LENGTH_MEASURE(0.1),#14648);
#17695 = DRAUGHTING_PRE_DEFINED_CURVE_FONT('continuous');
#17696 = STYLED_ITEM('color',(#17697),#12484);
#17697 = PRESENTATION_STYLE_ASSIGNMENT((#17698,#17703));
#17698 = SURFACE_STYLE_USAGE(.BOTH.,#17699);
#17699 = SURFACE_SIDE_STYLE('',(#17700));
#17700 = SURFACE_STYLE_FILL_AREA(#17701);
#17701 = FILL_AREA_STYLE('',(#17702));
#17702 = FILL_AREA_STYLE_COLOUR('',#14648);
#17703 = CURVE_STYLE('',#17704,POSITIVE_LENGTH_MEASURE(0.1),#14648);
#17704 = DRAUGHTING_PRE_DEFINED_CURVE_FONT('continuous');
#17705 = STYLED_ITEM('color',(#17706),#12501);
#17706 = PRESENTATION_STYLE_ASSIGNMENT((#17707,#17712));
#17707 = SURFACE_STYLE_USAGE(.BOTH.,#17708);
#17708 = SURFACE_SIDE_STYLE('',(#17709));
#17709 = SURFACE_STYLE_FILL_AREA(#17710);
#17710 = FILL_AREA_STYLE('',(#17711));
#17711 = FILL_AREA_STYLE_COLOUR('',#14648);
#17712 = CURVE_STYLE('',#17713,POSITIVE_LENGTH_MEASURE(0.1),#14648);
#17713 = DRAUGHTING_PRE_DEFINED_CURVE_FONT('continuous');
#17714 = STYLED_ITEM('color',(#17715),#12518);
#17715 = PRESENTATION_STYLE_ASSIGNMENT((#17716,#17721));
#17716 = SURFACE_STYLE_USAGE(.BOTH.,#17717);
#17717 = SURFACE_SIDE_STYLE('',(#17718));
#17718 = SURFACE_STYLE_FILL_AREA(#17719);
#17719 = FILL_AREA_STYLE('',(#17720));
#17720 = FILL_AREA_STYLE_COLOUR('',#14648);
#17721 = CURVE_STYLE('',#17722,POSITIVE_LENGTH_MEASURE(0.1),#14648);
#17722 = DRAUGHTING_PRE_DEFINED_CURVE_FONT('continuous');
#17723 = STYLED_ITEM('color',(#17724),#12535);
#17724 = PRESENTATION_STYLE_ASSIGNMENT((#17725,#17730));
#17725 = SURFACE_STYLE_USAGE(.BOTH.,#17726);
#17726 = SURFACE_SIDE_STYLE('',(#17727));
#17727 = SURFACE_STYLE_FILL_AREA(#17728);
#17728 = FILL_AREA_STYLE('',(#17729));
#17729 = FILL_AREA_STYLE_COLOUR('',#14648);
#17730 = CURVE_STYLE('',#17731,POSITIVE_LENGTH_MEASURE(0.1),#14648);
#17731 = DRAUGHTING_PRE_DEFINED_CURVE_FONT('continuous');
#17732 = STYLED_ITEM('color',(#17733),#12552);
#17733 = PRESENTATION_STYLE_ASSIGNMENT((#17734,#17739));
#17734 = SURFACE_STYLE_USAGE(.BOTH.,#17735);
#17735 = SURFACE_SIDE_STYLE('',(#17736));
#17736 = SURFACE_STYLE_FILL_AREA(#17737);
#17737 = FILL_AREA_STYLE('',(#17738));
#17738 = FILL_AREA_STYLE_COLOUR('',#14648);
#17739 = CURVE_STYLE('',#17740,POSITIVE_LENGTH_MEASURE(0.1),#14648);
#17740 = DRAUGHTING_PRE_DEFINED_CURVE_FONT('continuous');
#17741 = STYLED_ITEM('color',(#17742),#12569);
#17742 = PRESENTATION_STYLE_ASSIGNMENT((#17743,#17748));
#17743 = SURFACE_STYLE_USAGE(.BOTH.,#17744);
#17744 = SURFACE_SIDE_STYLE('',(#17745));
#17745 = SURFACE_STYLE_FILL_AREA(#17746);
#17746 = FILL_AREA_STYLE('',(#17747));
#17747 = FILL_AREA_STYLE_COLOUR('',#14648);
#17748 = CURVE_STYLE('',#17749,POSITIVE_LENGTH_MEASURE(0.1),#14648);
#17749 = DRAUGHTING_PRE_DEFINED_CURVE_FONT('continuous');
#17750 = STYLED_ITEM('color',(#17751),#12581);
#17751 = PRESENTATION_STYLE_ASSIGNMENT((#17752,#17757));
#17752 = SURFACE_STYLE_USAGE(.BOTH.,#17753);
#17753 = SURFACE_SIDE_STYLE('',(#17754));
#17754 = SURFACE_STYLE_FILL_AREA(#17755);
#17755 = FILL_AREA_STYLE('',(#17756));
#17756 = FILL_AREA_STYLE_COLOUR('',#15664);
#17757 = CURVE_STYLE('',#17758,POSITIVE_LENGTH_MEASURE(0.1),#15664);
#17758 = DRAUGHTING_PRE_DEFINED_CURVE_FONT('continuous');
#17759 = MECHANICAL_DESIGN_GEOMETRIC_PRESENTATION_REPRESENTATION('',(
    #17760,#17767,#17774,#17781,#17788,#17795,#17802,#17809,#17816,
    #17823,#17830,#17837,#17844,#17851,#17858,#17865,#17872,#17879,
    #17886,#17893,#17900,#17907),#6067);
#17760 = STYLED_ITEM('color',(#17761),#5525);
#17761 = PRESENTATION_STYLE_ASSIGNMENT((#17762));
#17762 = SURFACE_STYLE_USAGE(.BOTH.,#17763);
#17763 = SURFACE_SIDE_STYLE('',(#17764));
#17764 = SURFACE_STYLE_FILL_AREA(#17765);
#17765 = FILL_AREA_STYLE('',(#17766));
#17766 = FILL_AREA_STYLE_COLOUR('',#16392);
#17767 = STYLED_ITEM('color',(#17768),#5565);
#17768 = PRESENTATION_STYLE_ASSIGNMENT((#17769));
#17769 = SURFACE_STYLE_USAGE(.BOTH.,#17770);
#17770 = SURFACE_SIDE_STYLE('',(#17771));
#17771 = SURFACE_STYLE_FILL_AREA(#17772);
#17772 = FILL_AREA_STYLE('',(#17773));
#17773 = FILL_AREA_STYLE_COLOUR('',#16392);
#17774 = STYLED_ITEM('color',(#17775),#5598);
#17775 = PRESENTATION_STYLE_ASSIGNMENT((#17776));
#17776 = SURFACE_STYLE_USAGE(.BOTH.,#17777);
#17777 = SURFACE_SIDE_STYLE('',(#17778));
#17778 = SURFACE_STYLE_FILL_AREA(#17779);
#17779 = FILL_AREA_STYLE('',(#17780));
#17780 = FILL_AREA_STYLE_COLOUR('',#16392);
#17781 = STYLED_ITEM('color',(#17782),#5631);
#17782 = PRESENTATION_STYLE_ASSIGNMENT((#17783));
#17783 = SURFACE_STYLE_USAGE(.BOTH.,#17784);
#17784 = SURFACE_SIDE_STYLE('',(#17785));
#17785 = SURFACE_STYLE_FILL_AREA(#17786);
#17786 = FILL_AREA_STYLE('',(#17787));
#17787 = FILL_AREA_STYLE_COLOUR('',#16392);
#17788 = STYLED_ITEM('color',(#17789),#5712);
#17789 = PRESENTATION_STYLE_ASSIGNMENT((#17790));
#17790 = SURFACE_STYLE_USAGE(.BOTH.,#17791);
#17791 = SURFACE_SIDE_STYLE('',(#17792));
#17792 = SURFACE_STYLE_FILL_AREA(#17793);
#17793 = FILL_AREA_STYLE('',(#17794));
#17794 = FILL_AREA_STYLE_COLOUR('',#16392);
#17795 = STYLED_ITEM('color',(#17796),#5737);
#17796 = PRESENTATION_STYLE_ASSIGNMENT((#17797));
#17797 = SURFACE_STYLE_USAGE(.BOTH.,#17798);
#17798 = SURFACE_SIDE_STYLE('',(#17799));
#17799 = SURFACE_STYLE_FILL_AREA(#17800);
#17800 = FILL_AREA_STYLE('',(#17801));
#17801 = FILL_AREA_STYLE_COLOUR('',#16392);
#17802 = STYLED_ITEM('color',(#17803),#5754);
#17803 = PRESENTATION_STYLE_ASSIGNMENT((#17804));
#17804 = SURFACE_STYLE_USAGE(.BOTH.,#17805);
#17805 = SURFACE_SIDE_STYLE('',(#17806));
#17806 = SURFACE_STYLE_FILL_AREA(#17807);
#17807 = FILL_AREA_STYLE('',(#17808));
#17808 = FILL_AREA_STYLE_COLOUR('',#16392);
#17809 = STYLED_ITEM('color',(#17810),#5778);
#17810 = PRESENTATION_STYLE_ASSIGNMENT((#17811));
#17811 = SURFACE_STYLE_USAGE(.BOTH.,#17812);
#17812 = SURFACE_SIDE_STYLE('',(#17813));
#17813 = SURFACE_STYLE_FILL_AREA(#17814);
#17814 = FILL_AREA_STYLE('',(#17815));
#17815 = FILL_AREA_STYLE_COLOUR('',#16392);
#17816 = STYLED_ITEM('color',(#17817),#5795);
#17817 = PRESENTATION_STYLE_ASSIGNMENT((#17818));
#17818 = SURFACE_STYLE_USAGE(.BOTH.,#17819);
#17819 = SURFACE_SIDE_STYLE('',(#17820));
#17820 = SURFACE_STYLE_FILL_AREA(#17821);
#17821 = FILL_AREA_STYLE('',(#17822));
#17822 = FILL_AREA_STYLE_COLOUR('',#16392);
#17823 = STYLED_ITEM('color',(#17824),#5826);
#17824 = PRESENTATION_STYLE_ASSIGNMENT((#17825));
#17825 = SURFACE_STYLE_USAGE(.BOTH.,#17826);
#17826 = SURFACE_SIDE_STYLE('',(#17827));
#17827 = SURFACE_STYLE_FILL_AREA(#17828);
#17828 = FILL_AREA_STYLE('',(#17829));
#17829 = FILL_AREA_STYLE_COLOUR('',#16392);
#17830 = STYLED_ITEM('color',(#17831),#5850);
#17831 = PRESENTATION_STYLE_ASSIGNMENT((#17832));
#17832 = SURFACE_STYLE_USAGE(.BOTH.,#17833);
#17833 = SURFACE_SIDE_STYLE('',(#17834));
#17834 = SURFACE_STYLE_FILL_AREA(#17835);
#17835 = FILL_AREA_STYLE('',(#17836));
#17836 = FILL_AREA_STYLE_COLOUR('',#16392);
#17837 = STYLED_ITEM('color',(#17838),#5875);
#17838 = PRESENTATION_STYLE_ASSIGNMENT((#17839));
#17839 = SURFACE_STYLE_USAGE(.BOTH.,#17840);
#17840 = SURFACE_SIDE_STYLE('',(#17841));
#17841 = SURFACE_STYLE_FILL_AREA(#17842);
#17842 = FILL_AREA_STYLE('',(#17843));
#17843 = FILL_AREA_STYLE_COLOUR('',#16392);
#17844 = STYLED_ITEM('color',(#17845),#5900);
#17845 = PRESENTATION_STYLE_ASSIGNMENT((#17846));
#17846 = SURFACE_STYLE_USAGE(.BOTH.,#17847);
#17847 = SURFACE_SIDE_STYLE('',(#17848));
#17848 = SURFACE_STYLE_FILL_AREA(#17849);
#17849 = FILL_AREA_STYLE('',(#17850));
#17850 = FILL_AREA_STYLE_COLOUR('',#16392);
#17851 = STYLED_ITEM('color',(#17852),#5917);
#17852 = PRESENTATION_STYLE_ASSIGNMENT((#17853));
#17853 = SURFACE_STYLE_USAGE(.BOTH.,#17854);
#17854 = SURFACE_SIDE_STYLE('',(#17855));
#17855 = SURFACE_STYLE_FILL_AREA(#17856);
#17856 = FILL_AREA_STYLE('',(#17857));
#17857 = FILL_AREA_STYLE_COLOUR('',#14648);
#17858 = STYLED_ITEM('color',(#17859),#5942);
#17859 = PRESENTATION_STYLE_ASSIGNMENT((#17860));
#17860 = SURFACE_STYLE_USAGE(.BOTH.,#17861);
#17861 = SURFACE_SIDE_STYLE('',(#17862));
#17862 = SURFACE_STYLE_FILL_AREA(#17863);
#17863 = FILL_AREA_STYLE('',(#17864));
#17864 = FILL_AREA_STYLE_COLOUR('',#14648);
#17865 = STYLED_ITEM('color',(#17866),#5967);
#17866 = PRESENTATION_STYLE_ASSIGNMENT((#17867));
#17867 = SURFACE_STYLE_USAGE(.BOTH.,#17868);
#17868 = SURFACE_SIDE_STYLE('',(#17869));
#17869 = SURFACE_STYLE_FILL_AREA(#17870);
#17870 = FILL_AREA_STYLE('',(#17871));
#17871 = FILL_AREA_STYLE_COLOUR('',#16392);
#17872 = STYLED_ITEM('color',(#17873),#5985);
#17873 = PRESENTATION_STYLE_ASSIGNMENT((#17874));
#17874 = SURFACE_STYLE_USAGE(.BOTH.,#17875);
#17875 = SURFACE_SIDE_STYLE('',(#17876));
#17876 = SURFACE_STYLE_FILL_AREA(#17877);
#17877 = FILL_AREA_STYLE('',(#17878));
#17878 = FILL_AREA_STYLE_COLOUR('',#16392);
#17879 = STYLED_ITEM('color',(#17880),#6003);
#17880 = PRESENTATION_STYLE_ASSIGNMENT((#17881));
#17881 = SURFACE_STYLE_USAGE(.BOTH.,#17882);
#17882 = SURFACE_SIDE_STYLE('',(#17883));
#17883 = SURFACE_STYLE_FILL_AREA(#17884);
#17884 = FILL_AREA_STYLE('',(#17885));
#17885 = FILL_AREA_STYLE_COLOUR('',#16392);
#17886 = STYLED_ITEM('color',(#17887),#6027);
#17887 = PRESENTATION_STYLE_ASSIGNMENT((#17888));
#17888 = SURFACE_STYLE_USAGE(.BOTH.,#17889);
#17889 = SURFACE_SIDE_STYLE('',(#17890));
#17890 = SURFACE_STYLE_FILL_AREA(#17891);
#17891 = FILL_AREA_STYLE('',(#17892));
#17892 = FILL_AREA_STYLE_COLOUR('',#16392);
#17893 = STYLED_ITEM('color',(#17894),#6038);
#17894 = PRESENTATION_STYLE_ASSIGNMENT((#17895));
#17895 = SURFACE_STYLE_USAGE(.BOTH.,#17896);
#17896 = SURFACE_SIDE_STYLE('',(#17897));
#17897 = SURFACE_STYLE_FILL_AREA(#17898);
#17898 = FILL_AREA_STYLE('',(#17899));
#17899 = FILL_AREA_STYLE_COLOUR('',#16392);
#17900 = STYLED_ITEM('color',(#17901),#6049);
#17901 = PRESENTATION_STYLE_ASSIGNMENT((#17902));
#17902 = SURFACE_STYLE_USAGE(.BOTH.,#17903);
#17903 = SURFACE_SIDE_STYLE('',(#17904));
#17904 = SURFACE_STYLE_FILL_AREA(#17905);
#17905 = FILL_AREA_STYLE('',(#17906));
#17906 = FILL_AREA_STYLE_COLOUR('',#14648);
#17907 = STYLED_ITEM('color',(#17908),#6058);
#17908 = PRESENTATION_STYLE_ASSIGNMENT((#17909));
#17909 = SURFACE_STYLE_USAGE(.BOTH.,#17910);
#17910 = SURFACE_SIDE_STYLE('',(#17911));
#17911 = SURFACE_STYLE_FILL_AREA(#17912);
#17912 = FILL_AREA_STYLE('',(#17913));
#17913 = FILL_AREA_STYLE_COLOUR('',#14648);
#17914 = MECHANICAL_DESIGN_GEOMETRIC_PRESENTATION_REPRESENTATION('',(
    #17915),#14600);
#17915 = STYLED_ITEM('color',(#17916),#12617);
#17916 = PRESENTATION_STYLE_ASSIGNMENT((#17917));
#17917 = SURFACE_STYLE_USAGE(.BOTH.,#17918);
#17918 = SURFACE_SIDE_STYLE('',(#17919));
#17919 = SURFACE_STYLE_FILL_AREA(#17920);
#17920 = FILL_AREA_STYLE('',(#17921));
#17921 = FILL_AREA_STYLE_COLOUR('',#17922);
#17922 = COLOUR_RGB('',0.313304153717,0.484529207832,0.410020903123);
#17923 = MECHANICAL_DESIGN_GEOMETRIC_PRESENTATION_REPRESENTATION('',(
    #17924,#17931,#17938,#17945,#17952,#17959,#17966,#17973,#17980,
    #17987,#17994,#18002,#18009,#18016,#18023,#18030,#18037,#18044,
    #18051,#18058,#18065,#18072,#18079,#18086,#18093,#18100,#18107,
    #18114),#4085);
#17924 = STYLED_ITEM('color',(#17925),#3233);
#17925 = PRESENTATION_STYLE_ASSIGNMENT((#17926));
#17926 = SURFACE_STYLE_USAGE(.BOTH.,#17927);
#17927 = SURFACE_SIDE_STYLE('',(#17928));
#17928 = SURFACE_STYLE_FILL_AREA(#17929);
#17929 = FILL_AREA_STYLE('',(#17930));
#17930 = FILL_AREA_STYLE_COLOUR('',#14648);
#17931 = STYLED_ITEM('color',(#17932),#3309);
#17932 = PRESENTATION_STYLE_ASSIGNMENT((#17933));
#17933 = SURFACE_STYLE_USAGE(.BOTH.,#17934);
#17934 = SURFACE_SIDE_STYLE('',(#17935));
#17935 = SURFACE_STYLE_FILL_AREA(#17936);
#17936 = FILL_AREA_STYLE('',(#17937));
#17937 = FILL_AREA_STYLE_COLOUR('',#14648);
#17938 = STYLED_ITEM('color',(#17939),#3340);
#17939 = PRESENTATION_STYLE_ASSIGNMENT((#17940));
#17940 = SURFACE_STYLE_USAGE(.BOTH.,#17941);
#17941 = SURFACE_SIDE_STYLE('',(#17942));
#17942 = SURFACE_STYLE_FILL_AREA(#17943);
#17943 = FILL_AREA_STYLE('',(#17944));
#17944 = FILL_AREA_STYLE_COLOUR('',#14648);
#17945 = STYLED_ITEM('color',(#17946),#3365);
#17946 = PRESENTATION_STYLE_ASSIGNMENT((#17947));
#17947 = SURFACE_STYLE_USAGE(.BOTH.,#17948);
#17948 = SURFACE_SIDE_STYLE('',(#17949));
#17949 = SURFACE_STYLE_FILL_AREA(#17950);
#17950 = FILL_AREA_STYLE('',(#17951));
#17951 = FILL_AREA_STYLE_COLOUR('',#14648);
#17952 = STYLED_ITEM('color',(#17953),#3390);
#17953 = PRESENTATION_STYLE_ASSIGNMENT((#17954));
#17954 = SURFACE_STYLE_USAGE(.BOTH.,#17955);
#17955 = SURFACE_SIDE_STYLE('',(#17956));
#17956 = SURFACE_STYLE_FILL_AREA(#17957);
#17957 = FILL_AREA_STYLE('',(#17958));
#17958 = FILL_AREA_STYLE_COLOUR('',#14648);
#17959 = STYLED_ITEM('color',(#17960),#3414);
#17960 = PRESENTATION_STYLE_ASSIGNMENT((#17961));
#17961 = SURFACE_STYLE_USAGE(.BOTH.,#17962);
#17962 = SURFACE_SIDE_STYLE('',(#17963));
#17963 = SURFACE_STYLE_FILL_AREA(#17964);
#17964 = FILL_AREA_STYLE('',(#17965));
#17965 = FILL_AREA_STYLE_COLOUR('',#14648);
#17966 = STYLED_ITEM('color',(#17967),#3438);
#17967 = PRESENTATION_STYLE_ASSIGNMENT((#17968));
#17968 = SURFACE_STYLE_USAGE(.BOTH.,#17969);
#17969 = SURFACE_SIDE_STYLE('',(#17970));
#17970 = SURFACE_STYLE_FILL_AREA(#17971);
#17971 = FILL_AREA_STYLE('',(#17972));
#17972 = FILL_AREA_STYLE_COLOUR('',#14648);
#17973 = STYLED_ITEM('color',(#17974),#3463);
#17974 = PRESENTATION_STYLE_ASSIGNMENT((#17975));
#17975 = SURFACE_STYLE_USAGE(.BOTH.,#17976);
#17976 = SURFACE_SIDE_STYLE('',(#17977));
#17977 = SURFACE_STYLE_FILL_AREA(#17978);
#17978 = FILL_AREA_STYLE('',(#17979));
#17979 = FILL_AREA_STYLE_COLOUR('',#14648);
#17980 = STYLED_ITEM('color',(#17981),#3488);
#17981 = PRESENTATION_STYLE_ASSIGNMENT((#17982));
#17982 = SURFACE_STYLE_USAGE(.BOTH.,#17983);
#17983 = SURFACE_SIDE_STYLE('',(#17984));
#17984 = SURFACE_STYLE_FILL_AREA(#17985);
#17985 = FILL_AREA_STYLE('',(#17986));
#17986 = FILL_AREA_STYLE_COLOUR('',#14648);
#17987 = STYLED_ITEM('color',(#17988),#3505);
#17988 = PRESENTATION_STYLE_ASSIGNMENT((#17989));
#17989 = SURFACE_STYLE_USAGE(.BOTH.,#17990);
#17990 = SURFACE_SIDE_STYLE('',(#17991));
#17991 = SURFACE_STYLE_FILL_AREA(#17992);
#17992 = FILL_AREA_STYLE('',(#17993));
#17993 = FILL_AREA_STYLE_COLOUR('',#14648);
#17994 = STYLED_ITEM('color',(#17995),#3591);
#17995 = PRESENTATION_STYLE_ASSIGNMENT((#17996));
#17996 = SURFACE_STYLE_USAGE(.BOTH.,#17997);
#17997 = SURFACE_SIDE_STYLE('',(#17998));
#17998 = SURFACE_STYLE_FILL_AREA(#17999);
#17999 = FILL_AREA_STYLE('',(#18000));
#18000 = FILL_AREA_STYLE_COLOUR('',#18001);
#18001 = COLOUR_RGB('',0.379000005575,0.270000008848,0.214999999939);
#18002 = STYLED_ITEM('color',(#18003),#3623);
#18003 = PRESENTATION_STYLE_ASSIGNMENT((#18004));
#18004 = SURFACE_STYLE_USAGE(.BOTH.,#18005);
#18005 = SURFACE_SIDE_STYLE('',(#18006));
#18006 = SURFACE_STYLE_FILL_AREA(#18007);
#18007 = FILL_AREA_STYLE('',(#18008));
#18008 = FILL_AREA_STYLE_COLOUR('',#18001);
#18009 = STYLED_ITEM('color',(#18010),#3647);
#18010 = PRESENTATION_STYLE_ASSIGNMENT((#18011));
#18011 = SURFACE_STYLE_USAGE(.BOTH.,#18012);
#18012 = SURFACE_SIDE_STYLE('',(#18013));
#18013 = SURFACE_STYLE_FILL_AREA(#18014);
#18014 = FILL_AREA_STYLE('',(#18015));
#18015 = FILL_AREA_STYLE_COLOUR('',#18001);
#18016 = STYLED_ITEM('color',(#18017),#3672);
#18017 = PRESENTATION_STYLE_ASSIGNMENT((#18018));
#18018 = SURFACE_STYLE_USAGE(.BOTH.,#18019);
#18019 = SURFACE_SIDE_STYLE('',(#18020));
#18020 = SURFACE_STYLE_FILL_AREA(#18021);
#18021 = FILL_AREA_STYLE('',(#18022));
#18022 = FILL_AREA_STYLE_COLOUR('',#18001);
#18023 = STYLED_ITEM('color',(#18024),#3696);
#18024 = PRESENTATION_STYLE_ASSIGNMENT((#18025));
#18025 = SURFACE_STYLE_USAGE(.BOTH.,#18026);
#18026 = SURFACE_SIDE_STYLE('',(#18027));
#18027 = SURFACE_STYLE_FILL_AREA(#18028);
#18028 = FILL_AREA_STYLE('',(#18029));
#18029 = FILL_AREA_STYLE_COLOUR('',#18001);
#18030 = STYLED_ITEM('color',(#18031),#3721);
#18031 = PRESENTATION_STYLE_ASSIGNMENT((#18032));
#18032 = SURFACE_STYLE_USAGE(.BOTH.,#18033);
#18033 = SURFACE_SIDE_STYLE('',(#18034));
#18034 = SURFACE_STYLE_FILL_AREA(#18035);
#18035 = FILL_AREA_STYLE('',(#18036));
#18036 = FILL_AREA_STYLE_COLOUR('',#18001);
#18037 = STYLED_ITEM('color',(#18038),#3745);
#18038 = PRESENTATION_STYLE_ASSIGNMENT((#18039));
#18039 = SURFACE_STYLE_USAGE(.BOTH.,#18040);
#18040 = SURFACE_SIDE_STYLE('',(#18041));
#18041 = SURFACE_STYLE_FILL_AREA(#18042);
#18042 = FILL_AREA_STYLE('',(#18043));
#18043 = FILL_AREA_STYLE_COLOUR('',#18001);
#18044 = STYLED_ITEM('color',(#18045),#3770);
#18045 = PRESENTATION_STYLE_ASSIGNMENT((#18046));
#18046 = SURFACE_STYLE_USAGE(.BOTH.,#18047);
#18047 = SURFACE_SIDE_STYLE('',(#18048));
#18048 = SURFACE_STYLE_FILL_AREA(#18049);
#18049 = FILL_AREA_STYLE('',(#18050));
#18050 = FILL_AREA_STYLE_COLOUR('',#18001);
#18051 = STYLED_ITEM('color',(#18052),#3787);
#18052 = PRESENTATION_STYLE_ASSIGNMENT((#18053));
#18053 = SURFACE_STYLE_USAGE(.BOTH.,#18054);
#18054 = SURFACE_SIDE_STYLE('',(#18055));
#18055 = SURFACE_STYLE_FILL_AREA(#18056);
#18056 = FILL_AREA_STYLE('',(#18057));
#18057 = FILL_AREA_STYLE_COLOUR('',#14648);
#18058 = STYLED_ITEM('color',(#18059),#3873);
#18059 = PRESENTATION_STYLE_ASSIGNMENT((#18060));
#18060 = SURFACE_STYLE_USAGE(.BOTH.,#18061);
#18061 = SURFACE_SIDE_STYLE('',(#18062));
#18062 = SURFACE_STYLE_FILL_AREA(#18063);
#18063 = FILL_AREA_STYLE('',(#18064));
#18064 = FILL_AREA_STYLE_COLOUR('',#14648);
#18065 = STYLED_ITEM('color',(#18066),#3904);
#18066 = PRESENTATION_STYLE_ASSIGNMENT((#18067));
#18067 = SURFACE_STYLE_USAGE(.BOTH.,#18068);
#18068 = SURFACE_SIDE_STYLE('',(#18069));
#18069 = SURFACE_STYLE_FILL_AREA(#18070);
#18070 = FILL_AREA_STYLE('',(#18071));
#18071 = FILL_AREA_STYLE_COLOUR('',#14648);
#18072 = STYLED_ITEM('color',(#18073),#3929);
#18073 = PRESENTATION_STYLE_ASSIGNMENT((#18074));
#18074 = SURFACE_STYLE_USAGE(.BOTH.,#18075);
#18075 = SURFACE_SIDE_STYLE('',(#18076));
#18076 = SURFACE_STYLE_FILL_AREA(#18077);
#18077 = FILL_AREA_STYLE('',(#18078));
#18078 = FILL_AREA_STYLE_COLOUR('',#14648);
#18079 = STYLED_ITEM('color',(#18080),#3954);
#18080 = PRESENTATION_STYLE_ASSIGNMENT((#18081));
#18081 = SURFACE_STYLE_USAGE(.BOTH.,#18082);
#18082 = SURFACE_SIDE_STYLE('',(#18083));
#18083 = SURFACE_STYLE_FILL_AREA(#18084);
#18084 = FILL_AREA_STYLE('',(#18085));
#18085 = FILL_AREA_STYLE_COLOUR('',#14648);
#18086 = STYLED_ITEM('color',(#18087),#3978);
#18087 = PRESENTATION_STYLE_ASSIGNMENT((#18088));
#18088 = SURFACE_STYLE_USAGE(.BOTH.,#18089);
#18089 = SURFACE_SIDE_STYLE('',(#18090));
#18090 = SURFACE_STYLE_FILL_AREA(#18091);
#18091 = FILL_AREA_STYLE('',(#18092));
#18092 = FILL_AREA_STYLE_COLOUR('',#14648);
#18093 = STYLED_ITEM('color',(#18094),#4002);
#18094 = PRESENTATION_STYLE_ASSIGNMENT((#18095));
#18095 = SURFACE_STYLE_USAGE(.BOTH.,#18096);
#18096 = SURFACE_SIDE_STYLE('',(#18097));
#18097 = SURFACE_STYLE_FILL_AREA(#18098);
#18098 = FILL_AREA_STYLE('',(#18099));
#18099 = FILL_AREA_STYLE_COLOUR('',#14648);
#18100 = STYLED_ITEM('color',(#18101),#4027);
#18101 = PRESENTATION_STYLE_ASSIGNMENT((#18102));
#18102 = SURFACE_STYLE_USAGE(.BOTH.,#18103);
#18103 = SURFACE_SIDE_STYLE('',(#18104));
#18104 = SURFACE_STYLE_FILL_AREA(#18105);
#18105 = FILL_AREA_STYLE('',(#18106));
#18106 = FILL_AREA_STYLE_COLOUR('',#14648);
#18107 = STYLED_ITEM('color',(#18108),#4052);
#18108 = PRESENTATION_STYLE_ASSIGNMENT((#18109));
#18109 = SURFACE_STYLE_USAGE(.BOTH.,#18110);
#18110 = SURFACE_SIDE_STYLE('',(#18111));
#18111 = SURFACE_STYLE_FILL_AREA(#18112);
#18112 = FILL_AREA_STYLE('',(#18113));
#18113 = FILL_AREA_STYLE_COLOUR('',#14648);
#18114 = STYLED_ITEM('color',(#18115),#4069);
#18115 = PRESENTATION_STYLE_ASSIGNMENT((#18116));
#18116 = SURFACE_STYLE_USAGE(.BOTH.,#18117);
#18117 = SURFACE_SIDE_STYLE('',(#18118));
#18118 = SURFACE_STYLE_FILL_AREA(#18119);
#18119 = FILL_AREA_STYLE('',(#18120));
#18120 = FILL_AREA_STYLE_COLOUR('',#14648);
ENDSEC;
END-ISO-10303-21;
